user_id,offer_id,rank,probability_of_click,true_click_prob,preference_score
U000108,O041089,1,0.8829,0.905,0.905
U000108,O041089,2,0.4805,0.4525,0.905
U000108,O041089,3,0.2763,0.3017,0.905
U000108,O041089,4,0.2072,0.2263,0.905
U000108,O041089,5,0.2012,0.181,0.905
U000108,O041089,6,0.1261,0.1508,0.905
U000108,O041089,7,0.1351,0.1293,0.905
U000108,O041089,8,0.0721,0.1131,0.905
U000108,O041089,9,0.0961,0.1006,0.905
U000108,O041089,10,0.1051,0.0905,0.905
U000108,O041089,11,0.0721,0.0823,0.905
U000108,O041089,12,0.1111,0.0754,0.905
U000108,O041089,13,0.0691,0.0696,0.905
U000108,O041089,14,0.0601,0.0646,0.905
U000108,O041089,15,0.0601,0.0603,0.905
U000108,O041089,16,0.0631,0.0566,0.905
U000108,O041089,17,0.0811,0.0532,0.905
U000108,O041089,18,0.045,0.0503,0.905
U000108,O041089,19,0.0601,0.05,0.905
U000108,O041089,20,0.042,0.05,0.905
U000108,O021089,1,0.7748,0.8088,0.8088
U000108,O021089,2,0.4114,0.4044,0.8088
U000108,O021089,3,0.2823,0.2696,0.8088
U000108,O021089,4,0.2162,0.2022,0.8088
U000108,O021089,5,0.1712,0.1618,0.8088
U000108,O021089,6,0.1351,0.1348,0.8088
U000108,O021089,7,0.1111,0.1155,0.8088
U000108,O021089,8,0.0871,0.1011,0.8088
U000108,O021089,9,0.0931,0.0899,0.8088
U000108,O021089,10,0.0511,0.0809,0.8088
U000108,O021089,11,0.0811,0.0735,0.8088
U000108,O021089,12,0.0571,0.0674,0.8088
U000108,O021089,13,0.0541,0.0622,0.8088
U000108,O021089,14,0.0631,0.0578,0.8088
U000108,O021089,15,0.0721,0.0539,0.8088
U000108,O021089,16,0.048,0.0506,0.8088
U000108,O021089,17,0.0541,0.05,0.8088
U000108,O021089,18,0.0571,0.05,0.8088
U000108,O021089,19,0.0571,0.05,0.8088
U000108,O021089,20,0.0541,0.05,0.8088
U000108,O001089,1,0.8048,0.8003,0.8003
U000108,O001089,2,0.4024,0.4002,0.8003
U000108,O001089,3,0.2432,0.2668,0.8003
U000108,O001089,4,0.1712,0.2001,0.8003
U000108,O001089,5,0.1532,0.1601,0.8003
U000108,O001089,6,0.1532,0.1334,0.8003
U000108,O001089,7,0.1051,0.1143,0.8003
U000108,O001089,8,0.1141,0.1,0.8003
U000108,O001089,9,0.0781,0.0889,0.8003
U000108,O001089,10,0.0781,0.08,0.8003
U000108,O001089,11,0.0751,0.0728,0.8003
U000108,O001089,12,0.0841,0.0667,0.8003
U000108,O001089,13,0.033,0.0616,0.8003
U000108,O001089,14,0.0691,0.0572,0.8003
U000108,O001089,15,0.0541,0.0534,0.8003
U000108,O001089,16,0.0571,0.05,0.8003
U000108,O001089,17,0.0601,0.05,0.8003
U000108,O001089,18,0.024,0.05,0.8003
U000108,O001089,19,0.0661,0.05,0.8003
U000108,O001089,20,0.0841,0.05,0.8003
U000108,O012582,1,0.7508,0.7988,0.7988
U000108,O012582,2,0.3814,0.3994,0.7988
U000108,O012582,3,0.2222,0.2663,0.7988
U000108,O012582,4,0.2162,0.1997,0.7988
U000108,O012582,5,0.1562,0.1598,0.7988
U000108,O012582,6,0.1261,0.1331,0.7988
U000108,O012582,7,0.0871,0.1141,0.7988
U000108,O012582,8,0.0961,0.0998,0.7988
U000108,O012582,9,0.0871,0.0888,0.7988
U000108,O012582,10,0.0631,0.0799,0.7988
U000108,O012582,11,0.0691,0.0726,0.7988
U000108,O012582,12,0.0571,0.0666,0.7988
U000108,O012582,13,0.0721,0.0614,0.7988
U000108,O012582,14,0.042,0.0571,0.7988
U000108,O012582,15,0.048,0.0533,0.7988
U000108,O012582,16,0.0601,0.05,0.7988
U000108,O012582,17,0.048,0.05,0.7988
U000108,O012582,18,0.042,0.05,0.7988
U000108,O012582,19,0.0781,0.05,0.7988
U000108,O012582,20,0.0721,0.05,0.7988
U000108,O022582,1,0.8078,0.7977,0.7977
U000108,O022582,2,0.4384,0.3989,0.7977
U000108,O022582,3,0.2583,0.2659,0.7977
U000108,O022582,4,0.2072,0.1994,0.7977
U000108,O022582,5,0.1592,0.1595,0.7977
U000108,O022582,6,0.1441,0.133,0.7977
U000108,O022582,7,0.1141,0.114,0.7977
U000108,O022582,8,0.1231,0.0997,0.7977
U000108,O022582,9,0.0751,0.0886,0.7977
U000108,O022582,10,0.0781,0.0798,0.7977
U000108,O022582,11,0.0901,0.0725,0.7977
U000108,O022582,12,0.0571,0.0665,0.7977
U000108,O022582,13,0.0511,0.0614,0.7977
U000108,O022582,14,0.039,0.057,0.7977
U000108,O022582,15,0.0631,0.0532,0.7977
U000108,O022582,16,0.0511,0.05,0.7977
U000108,O022582,17,0.039,0.05,0.7977
U000108,O022582,18,0.045,0.05,0.7977
U000108,O022582,19,0.0571,0.05,0.7977
U000108,O022582,20,0.0541,0.05,0.7977
U000108,O031089,1,0.7928,0.7868,0.7868
U000108,O031089,2,0.3874,0.3934,0.7868
U000108,O031089,3,0.2643,0.2623,0.7868
U000108,O031089,4,0.2102,0.1967,0.7868
U000108,O031089,5,0.1441,0.1574,0.7868
U000108,O031089,6,0.1411,0.1311,0.7868
U000108,O031089,7,0.0961,0.1124,0.7868
U000108,O031089,8,0.1051,0.0983,0.7868
U000108,O031089,9,0.0871,0.0874,0.7868
U000108,O031089,10,0.0781,0.0787,0.7868
U000108,O031089,11,0.0661,0.0715,0.7868
U000108,O031089,12,0.0691,0.0656,0.7868
U000108,O031089,13,0.0721,0.0605,0.7868
U000108,O031089,14,0.036,0.0562,0.7868
U000108,O031089,15,0.0721,0.0525,0.7868
U000108,O031089,16,0.048,0.05,0.7868
U000108,O031089,17,0.048,0.05,0.7868
U000108,O031089,18,0.042,0.05,0.7868
U000108,O031089,19,0.039,0.05,0.7868
U000108,O031089,20,0.0511,0.05,0.7868
U000108,O032582,1,0.8018,0.7856,0.7856
U000108,O032582,2,0.4234,0.3928,0.7856
U000108,O032582,3,0.2823,0.2619,0.7856
U000108,O032582,4,0.1862,0.1964,0.7856
U000108,O032582,5,0.1532,0.1571,0.7856
U000108,O032582,6,0.1201,0.1309,0.7856
U000108,O032582,7,0.1021,0.1122,0.7856
U000108,O032582,8,0.1471,0.0982,0.7856
U000108,O032582,9,0.0811,0.0873,0.7856
U000108,O032582,10,0.0721,0.0786,0.7856
U000108,O032582,11,0.0601,0.0714,0.7856
U000108,O032582,12,0.0601,0.0655,0.7856
U000108,O032582,13,0.0901,0.0604,0.7856
U000108,O032582,14,0.0601,0.0561,0.7856
U000108,O032582,15,0.045,0.0524,0.7856
U000108,O032582,16,0.0601,0.05,0.7856
U000108,O032582,17,0.042,0.05,0.7856
U000108,O032582,18,0.0601,0.05,0.7856
U000108,O032582,19,0.0511,0.05,0.7856
U000108,O032582,20,0.0811,0.05,0.7856
U000108,O002582,1,0.7147,0.7668,0.7668
U000108,O002582,2,0.3964,0.3834,0.7668
U000108,O002582,3,0.2402,0.2556,0.7668
U000108,O002582,4,0.1802,0.1917,0.7668
U000108,O002582,5,0.1562,0.1534,0.7668
U000108,O002582,6,0.1381,0.1278,0.7668
U000108,O002582,7,0.0931,0.1095,0.7668
U000108,O002582,8,0.0871,0.0958,0.7668
U000108,O002582,9,0.0841,0.0852,0.7668
U000108,O002582,10,0.0631,0.0767,0.7668
U000108,O002582,11,0.0541,0.0697,0.7668
U000108,O002582,12,0.0571,0.0639,0.7668
U000108,O002582,13,0.0511,0.059,0.7668
U000108,O002582,14,0.0601,0.0548,0.7668
U000108,O002582,15,0.0541,0.0511,0.7668
U000108,O002582,16,0.042,0.05,0.7668
U000108,O002582,17,0.0541,0.05,0.7668
U000108,O002582,18,0.0571,0.05,0.7668
U000108,O002582,19,0.042,0.05,0.7668
U000108,O002582,20,0.048,0.05,0.7668
U000108,O044236,1,0.7988,0.7634,0.7634
U000108,O044236,2,0.3814,0.3817,0.7634
U000108,O044236,3,0.2703,0.2545,0.7634
U000108,O044236,4,0.1652,0.1909,0.7634
U000108,O044236,5,0.1261,0.1527,0.7634
U000108,O044236,6,0.1231,0.1272,0.7634
U000108,O044236,7,0.0991,0.1091,0.7634
U000108,O044236,8,0.1141,0.0954,0.7634
U000108,O044236,9,0.0721,0.0848,0.7634
U000108,O044236,10,0.0781,0.0763,0.7634
U000108,O044236,11,0.048,0.0694,0.7634
U000108,O044236,12,0.0721,0.0636,0.7634
U000108,O044236,13,0.0571,0.0587,0.7634
U000108,O044236,14,0.0751,0.0545,0.7634
U000108,O044236,15,0.0691,0.0509,0.7634
U000108,O044236,16,0.042,0.05,0.7634
U000108,O044236,17,0.033,0.05,0.7634
U000108,O044236,18,0.036,0.05,0.7634
U000108,O044236,19,0.0691,0.05,0.7634
U000108,O044236,20,0.045,0.05,0.7634
U000108,O047848,1,0.7357,0.7288,0.7288
U000108,O047848,2,0.3634,0.3644,0.7288
U000108,O047848,3,0.2402,0.2429,0.7288
U000108,O047848,4,0.1622,0.1822,0.7288
U000108,O047848,5,0.1742,0.1458,0.7288
U000108,O047848,6,0.1171,0.1215,0.7288
U000108,O047848,7,0.0931,0.1041,0.7288
U000108,O047848,8,0.1081,0.0911,0.7288
U000108,O047848,9,0.0961,0.081,0.7288
U000108,O047848,10,0.0691,0.0729,0.7288
U000108,O047848,11,0.0631,0.0663,0.7288
U000108,O047848,12,0.0601,0.0607,0.7288
U000108,O047848,13,0.0601,0.0561,0.7288
U000108,O047848,14,0.042,0.0521,0.7288
U000108,O047848,15,0.0511,0.05,0.7288
U000108,O047848,16,0.042,0.05,0.7288
U000108,O047848,17,0.0661,0.05,0.7288
U000108,O047848,18,0.0691,0.05,0.7288
U000108,O047848,19,0.042,0.05,0.7288
U000108,O047848,20,0.0571,0.05,0.7288
U000108,O007848,1,0.7417,0.7114,0.7114
U000108,O007848,2,0.3033,0.3557,0.7114
U000108,O007848,3,0.2432,0.2371,0.7114
U000108,O007848,4,0.1291,0.1779,0.7114
U000108,O007848,5,0.1712,0.1423,0.7114
U000108,O007848,6,0.1321,0.1186,0.7114
U000108,O007848,7,0.1021,0.1016,0.7114
U000108,O007848,8,0.0901,0.0889,0.7114
U000108,O007848,9,0.0721,0.079,0.7114
U000108,O007848,10,0.0541,0.0711,0.7114
U000108,O007848,11,0.0721,0.0647,0.7114
U000108,O007848,12,0.0751,0.0593,0.7114
U000108,O007848,13,0.048,0.0547,0.7114
U000108,O007848,14,0.042,0.0508,0.7114
U000108,O007848,15,0.0871,0.05,0.7114
U000108,O007848,16,0.036,0.05,0.7114
U000108,O007848,17,0.033,0.05,0.7114
U000108,O007848,18,0.0601,0.05,0.7114
U000108,O007848,19,0.0601,0.05,0.7114
U000108,O007848,20,0.042,0.05,0.7114
U000108,O034236,1,0.6727,0.6926,0.6926
U000108,O034236,2,0.3604,0.3463,0.6926
U000108,O034236,3,0.2162,0.2309,0.6926
U000108,O034236,4,0.1892,0.1731,0.6926
U000108,O034236,5,0.1411,0.1385,0.6926
U000108,O034236,6,0.1171,0.1154,0.6926
U000108,O034236,7,0.0751,0.0989,0.6926
U000108,O034236,8,0.0661,0.0866,0.6926
U000108,O034236,9,0.0511,0.077,0.6926
U000108,O034236,10,0.1021,0.0693,0.6926
U000108,O034236,11,0.0631,0.063,0.6926
U000108,O034236,12,0.036,0.0577,0.6926
U000108,O034236,13,0.0601,0.0533,0.6926
U000108,O034236,14,0.0541,0.05,0.6926
U000108,O034236,15,0.0571,0.05,0.6926
U000108,O034236,16,0.0751,0.05,0.6926
U000108,O034236,17,0.036,0.05,0.6926
U000108,O034236,18,0.0661,0.05,0.6926
U000108,O034236,19,0.045,0.05,0.6926
U000108,O034236,20,0.039,0.05,0.6926
U000108,O004236,1,0.7177,0.6926,0.6926
U000108,O004236,2,0.3453,0.3463,0.6926
U000108,O004236,3,0.2222,0.2309,0.6926
U000108,O004236,4,0.1381,0.1731,0.6926
U000108,O004236,5,0.1351,0.1385,0.6926
U000108,O004236,6,0.1201,0.1154,0.6926
U000108,O004236,7,0.1051,0.0989,0.6926
U000108,O004236,8,0.0721,0.0866,0.6926
U000108,O004236,9,0.0871,0.077,0.6926
U000108,O004236,10,0.0931,0.0693,0.6926
U000108,O004236,11,0.0691,0.063,0.6926
U000108,O004236,12,0.033,0.0577,0.6926
U000108,O004236,13,0.0661,0.0533,0.6926
U000108,O004236,14,0.0541,0.05,0.6926
U000108,O004236,15,0.0541,0.05,0.6926
U000108,O004236,16,0.0631,0.05,0.6926
U000108,O004236,17,0.0571,0.05,0.6926
U000108,O004236,18,0.0811,0.05,0.6926
U000108,O004236,19,0.048,0.05,0.6926
U000108,O004236,20,0.045,0.05,0.6926
U000108,O014236,1,0.7057,0.6926,0.6926
U000108,O014236,2,0.3153,0.3463,0.6926
U000108,O014236,3,0.2583,0.2309,0.6926
U000108,O014236,4,0.1772,0.1731,0.6926
U000108,O014236,5,0.1111,0.1385,0.6926
U000108,O014236,6,0.1201,0.1154,0.6926
U000108,O014236,7,0.1111,0.0989,0.6926
U000108,O014236,8,0.0631,0.0866,0.6926
U000108,O014236,9,0.0571,0.077,0.6926
U000108,O014236,10,0.0601,0.0693,0.6926
U000108,O014236,11,0.048,0.063,0.6926
U000108,O014236,12,0.0661,0.0577,0.6926
U000108,O014236,13,0.042,0.0533,0.6926
U000108,O014236,14,0.03,0.05,0.6926
U000108,O014236,15,0.0661,0.05,0.6926
U000108,O014236,16,0.039,0.05,0.6926
U000108,O014236,17,0.0541,0.05,0.6926
U000108,O014236,18,0.0631,0.05,0.6926
U000108,O014236,19,0.039,0.05,0.6926
U000108,O014236,20,0.0601,0.05,0.6926
U000108,O037848,1,0.7057,0.6918,0.6918
U000108,O037848,2,0.3904,0.3459,0.6918
U000108,O037848,3,0.2132,0.2306,0.6918
U000108,O037848,4,0.1862,0.1729,0.6918
U000108,O037848,5,0.1411,0.1384,0.6918
U000108,O037848,6,0.1321,0.1153,0.6918
U000108,O037848,7,0.1201,0.0988,0.6918
U000108,O037848,8,0.1081,0.0865,0.6918
U000108,O037848,9,0.0751,0.0769,0.6918
U000108,O037848,10,0.0541,0.0692,0.6918
U000108,O037848,11,0.0541,0.0629,0.6918
U000108,O037848,12,0.039,0.0576,0.6918
U000108,O037848,13,0.0691,0.0532,0.6918
U000108,O037848,14,0.0631,0.05,0.6918
U000108,O037848,15,0.045,0.05,0.6918
U000108,O037848,16,0.0571,0.05,0.6918
U000108,O037848,17,0.039,0.05,0.6918
U000108,O037848,18,0.0511,0.05,0.6918
U000108,O037848,19,0.042,0.05,0.6918
U000108,O037848,20,0.0721,0.05,0.6918
U000108,O027848,1,0.7087,0.6904,0.6904
U000108,O027848,2,0.3303,0.3452,0.6904
U000108,O027848,3,0.2252,0.2301,0.6904
U000108,O027848,4,0.1471,0.1726,0.6904
U000108,O027848,5,0.1562,0.1381,0.6904
U000108,O027848,6,0.0751,0.1151,0.6904
U000108,O027848,7,0.1111,0.0986,0.6904
U000108,O027848,8,0.0691,0.0863,0.6904
U000108,O027848,9,0.0841,0.0767,0.6904
U000108,O027848,10,0.0781,0.069,0.6904
U000108,O027848,11,0.0511,0.0628,0.6904
U000108,O027848,12,0.0781,0.0575,0.6904
U000108,O027848,13,0.0661,0.0531,0.6904
U000108,O027848,14,0.039,0.05,0.6904
U000108,O027848,15,0.0661,0.05,0.6904
U000108,O027848,16,0.0841,0.05,0.6904
U000108,O027848,17,0.0511,0.05,0.6904
U000108,O027848,18,0.03,0.05,0.6904
U000108,O027848,19,0.042,0.05,0.6904
U000108,O027848,20,0.027,0.05,0.6904
U000108,O032594,1,0.5946,0.56,0.56
U000108,O032594,2,0.3063,0.28,0.56
U000108,O032594,3,0.1742,0.1867,0.56
U000108,O032594,4,0.1141,0.14,0.56
U000108,O032594,5,0.1201,0.112,0.56
U000108,O032594,6,0.1051,0.0933,0.56
U000108,O032594,7,0.0961,0.08,0.56
U000108,O032594,8,0.0841,0.07,0.56
U000108,O032594,9,0.048,0.0622,0.56
U000108,O032594,10,0.0571,0.056,0.56
U000108,O032594,11,0.0601,0.0509,0.56
U000108,O032594,12,0.036,0.05,0.56
U000108,O032594,13,0.042,0.05,0.56
U000108,O032594,14,0.045,0.05,0.56
U000108,O032594,15,0.045,0.05,0.56
U000108,O032594,16,0.039,0.05,0.56
U000108,O032594,17,0.0511,0.05,0.56
U000108,O032594,18,0.0601,0.05,0.56
U000108,O032594,19,0.0631,0.05,0.56
U000108,O032594,20,0.0541,0.05,0.56
U000108,O002594,1,0.5976,0.56,0.56
U000108,O002594,2,0.2943,0.28,0.56
U000108,O002594,3,0.2042,0.1867,0.56
U000108,O002594,4,0.1381,0.14,0.56
U000108,O002594,5,0.0841,0.112,0.56
U000108,O002594,6,0.1351,0.0933,0.56
U000108,O002594,7,0.1021,0.08,0.56
U000108,O002594,8,0.0541,0.07,0.56
U000108,O002594,9,0.0751,0.0622,0.56
U000108,O002594,10,0.039,0.056,0.56
U000108,O002594,11,0.0511,0.0509,0.56
U000108,O002594,12,0.048,0.05,0.56
U000108,O002594,13,0.0601,0.05,0.56
U000108,O002594,14,0.0661,0.05,0.56
U000108,O002594,15,0.0601,0.05,0.56
U000108,O002594,16,0.033,0.05,0.56
U000108,O002594,17,0.0511,0.05,0.56
U000108,O002594,18,0.0661,0.05,0.56
U000108,O002594,19,0.0541,0.05,0.56
U000108,O002594,20,0.0691,0.05,0.56
U000108,O022594,1,0.5495,0.56,0.56
U000108,O022594,2,0.2703,0.28,0.56
U000108,O022594,3,0.1922,0.1867,0.56
U000108,O022594,4,0.1171,0.14,0.56
U000108,O022594,5,0.0781,0.112,0.56
U000108,O022594,6,0.0961,0.0933,0.56
U000108,O022594,7,0.0781,0.08,0.56
U000108,O022594,8,0.0721,0.07,0.56
U000108,O022594,9,0.0691,0.0622,0.56
U000108,O022594,10,0.0751,0.056,0.56
U000108,O022594,11,0.0541,0.0509,0.56
U000108,O022594,12,0.045,0.05,0.56
U000108,O022594,13,0.027,0.05,0.56
U000108,O022594,14,0.0541,0.05,0.56
U000108,O022594,15,0.033,0.05,0.56
U000108,O022594,16,0.0541,0.05,0.56
U000108,O022594,17,0.0511,0.05,0.56
U000108,O022594,18,0.045,0.05,0.56
U000108,O022594,19,0.048,0.05,0.56
U000108,O022594,20,0.0691,0.05,0.56
U000108,O012594,1,0.5315,0.56,0.56
U000108,O012594,2,0.2973,0.28,0.56
U000108,O012594,3,0.1832,0.1867,0.56
U000108,O012594,4,0.1592,0.14,0.56
U000108,O012594,5,0.1021,0.112,0.56
U000108,O012594,6,0.1141,0.0933,0.56
U000108,O012594,7,0.0811,0.08,0.56
U000108,O012594,8,0.1021,0.07,0.56
U000108,O012594,9,0.0691,0.0622,0.56
U000108,O012594,10,0.0601,0.056,0.56
U000108,O012594,11,0.0571,0.0509,0.56
U000108,O012594,12,0.0511,0.05,0.56
U000108,O012594,13,0.045,0.05,0.56
U000108,O012594,14,0.045,0.05,0.56
U000108,O012594,15,0.045,0.05,0.56
U000108,O012594,16,0.042,0.05,0.56
U000108,O012594,17,0.036,0.05,0.56
U000108,O012594,18,0.045,0.05,0.56
U000108,O012594,19,0.036,0.05,0.56
U000108,O012594,20,0.039,0.05,0.56
U000724,O042594,1,0.8589,0.8488,0.8488
U000724,O042594,2,0.4144,0.4244,0.8488
U000724,O042594,3,0.2372,0.2829,0.8488
U000724,O042594,4,0.2613,0.2122,0.8488
U000724,O042594,5,0.1712,0.1698,0.8488
U000724,O042594,6,0.1321,0.1415,0.8488
U000724,O042594,7,0.1051,0.1213,0.8488
U000724,O042594,8,0.0961,0.1061,0.8488
U000724,O042594,9,0.0871,0.0943,0.8488
U000724,O042594,10,0.0811,0.0849,0.8488
U000724,O042594,11,0.0781,0.0772,0.8488
U000724,O042594,12,0.0661,0.0707,0.8488
U000724,O042594,13,0.0841,0.0653,0.8488
U000724,O042594,14,0.0571,0.0606,0.8488
U000724,O042594,15,0.042,0.0566,0.8488
U000724,O042594,16,0.0601,0.0531,0.8488
U000724,O042594,17,0.0661,0.05,0.8488
U000724,O042594,18,0.048,0.05,0.8488
U000724,O042594,19,0.045,0.05,0.8488
U000724,O042594,20,0.045,0.05,0.8488
U000724,O032594,1,0.8679,0.8441,0.8441
U000724,O032594,2,0.4655,0.4221,0.8441
U000724,O032594,3,0.2883,0.2814,0.8441
U000724,O032594,4,0.2012,0.211,0.8441
U000724,O032594,5,0.1802,0.1688,0.8441
U000724,O032594,6,0.1532,0.1407,0.8441
U000724,O032594,7,0.0991,0.1206,0.8441
U000724,O032594,8,0.0901,0.1055,0.8441
U000724,O032594,9,0.0691,0.0938,0.8441
U000724,O032594,10,0.0691,0.0844,0.8441
U000724,O032594,11,0.0721,0.0767,0.8441
U000724,O032594,12,0.0541,0.0703,0.8441
U000724,O032594,13,0.0721,0.0649,0.8441
U000724,O032594,14,0.036,0.0603,0.8441
U000724,O032594,15,0.0511,0.0563,0.8441
U000724,O032594,16,0.0781,0.0528,0.8441
U000724,O032594,17,0.0541,0.05,0.8441
U000724,O032594,18,0.0511,0.05,0.8441
U000724,O032594,19,0.0571,0.05,0.8441
U000724,O032594,20,0.048,0.05,0.8441
U000724,O022594,1,0.8318,0.8292,0.8292
U000724,O022594,2,0.3994,0.4146,0.8292
U000724,O022594,3,0.2853,0.2764,0.8292
U000724,O022594,4,0.1862,0.2073,0.8292
U000724,O022594,5,0.1471,0.1658,0.8292
U000724,O022594,6,0.1261,0.1382,0.8292
U000724,O022594,7,0.1021,0.1185,0.8292
U000724,O022594,8,0.1321,0.1037,0.8292
U000724,O022594,9,0.0571,0.0921,0.8292
U000724,O022594,10,0.0841,0.0829,0.8292
U000724,O022594,11,0.0781,0.0754,0.8292
U000724,O022594,12,0.0631,0.0691,0.8292
U000724,O022594,13,0.0541,0.0638,0.8292
U000724,O022594,14,0.0721,0.0592,0.8292
U000724,O022594,15,0.045,0.0553,0.8292
U000724,O022594,16,0.036,0.0518,0.8292
U000724,O022594,17,0.045,0.05,0.8292
U000724,O022594,18,0.0691,0.05,0.8292
U000724,O022594,19,0.036,0.05,0.8292
U000724,O022594,20,0.0571,0.05,0.8292
U000724,O002594,1,0.8078,0.8192,0.8192
U000724,O002594,2,0.3754,0.4096,0.8192
U000724,O002594,3,0.2613,0.2731,0.8192
U000724,O002594,4,0.1982,0.2048,0.8192
U000724,O002594,5,0.1772,0.1638,0.8192
U000724,O002594,6,0.1592,0.1365,0.8192
U000724,O002594,7,0.1291,0.117,0.8192
U000724,O002594,8,0.0781,0.1024,0.8192
U000724,O002594,9,0.0871,0.091,0.8192
U000724,O002594,10,0.0901,0.0819,0.8192
U000724,O002594,11,0.0751,0.0745,0.8192
U000724,O002594,12,0.0541,0.0683,0.8192
U000724,O002594,13,0.048,0.063,0.8192
U000724,O002594,14,0.0601,0.0585,0.8192
U000724,O002594,15,0.042,0.0546,0.8192
U000724,O002594,16,0.039,0.0512,0.8192
U000724,O002594,17,0.0721,0.05,0.8192
U000724,O002594,18,0.0541,0.05,0.8192
U000724,O002594,19,0.0571,0.05,0.8192
U000724,O002594,20,0.0571,0.05,0.8192
U000724,O027848,1,0.6697,0.6892,0.6892
U000724,O027848,2,0.3393,0.3446,0.6892
U000724,O027848,3,0.2523,0.2297,0.6892
U000724,O027848,4,0.2012,0.1723,0.6892
U000724,O027848,5,0.1532,0.1378,0.6892
U000724,O027848,6,0.1231,0.1149,0.6892
U000724,O027848,7,0.0931,0.0985,0.6892
U000724,O027848,8,0.1021,0.0861,0.6892
U000724,O027848,9,0.048,0.0766,0.6892
U000724,O027848,10,0.0871,0.0689,0.6892
U000724,O027848,11,0.033,0.0627,0.6892
U000724,O027848,12,0.0601,0.0574,0.6892
U000724,O027848,13,0.0691,0.053,0.6892
U000724,O027848,14,0.0511,0.05,0.6892
U000724,O027848,15,0.048,0.05,0.6892
U000724,O027848,16,0.0541,0.05,0.6892
U000724,O027848,17,0.0631,0.05,0.6892
U000724,O027848,18,0.048,0.05,0.6892
U000724,O027848,19,0.045,0.05,0.6892
U000724,O027848,20,0.033,0.05,0.6892
U000724,O001089,1,0.6336,0.6318,0.6318
U000724,O001089,2,0.2823,0.3159,0.6318
U000724,O001089,3,0.2222,0.2106,0.6318
U000724,O001089,4,0.1592,0.1579,0.6318
U000724,O001089,5,0.1141,0.1264,0.6318
U000724,O001089,6,0.1171,0.1053,0.6318
U000724,O001089,7,0.0871,0.0903,0.6318
U000724,O001089,8,0.0661,0.079,0.6318
U000724,O001089,9,0.0841,0.0702,0.6318
U000724,O001089,10,0.039,0.0632,0.6318
U000724,O001089,11,0.0511,0.0574,0.6318
U000724,O001089,12,0.0541,0.0526,0.6318
U000724,O001089,13,0.0511,0.05,0.6318
U000724,O001089,14,0.048,0.05,0.6318
U000724,O001089,15,0.0541,0.05,0.6318
U000724,O001089,16,0.036,0.05,0.6318
U000724,O001089,17,0.033,0.05,0.6318
U000724,O001089,18,0.048,0.05,0.6318
U000724,O001089,19,0.0541,0.05,0.6318
U000724,O001089,20,0.03,0.05,0.6318
U000724,O021089,1,0.6246,0.629,0.629
U000724,O021089,2,0.2853,0.3145,0.629
U000724,O021089,3,0.1832,0.2097,0.629
U000724,O021089,4,0.1622,0.1572,0.629
U000724,O021089,5,0.1201,0.1258,0.629
U000724,O021089,6,0.1021,0.1048,0.629
U000724,O021089,7,0.0871,0.0899,0.629
U000724,O021089,8,0.0781,0.0786,0.629
U000724,O021089,9,0.0721,0.0699,0.629
U000724,O021089,10,0.0661,0.0629,0.629
U000724,O021089,11,0.0571,0.0572,0.629
U000724,O021089,12,0.033,0.0524,0.629
U000724,O021089,13,0.0661,0.05,0.629
U000724,O021089,14,0.0811,0.05,0.629
U000724,O021089,15,0.036,0.05,0.629
U000724,O021089,16,0.033,0.05,0.629
U000724,O021089,17,0.0691,0.05,0.629
U000724,O021089,18,0.0541,0.05,0.629
U000724,O021089,19,0.042,0.05,0.629
U000724,O021089,20,0.0511,0.05,0.629
U000724,O034236,1,0.6336,0.6232,0.6232
U000724,O034236,2,0.3123,0.3116,0.6232
U000724,O034236,3,0.1772,0.2077,0.6232
U000724,O034236,4,0.1562,0.1558,0.6232
U000724,O034236,5,0.1171,0.1246,0.6232
U000724,O034236,6,0.0811,0.1039,0.6232
U000724,O034236,7,0.1351,0.089,0.6232
U000724,O034236,8,0.0871,0.0779,0.6232
U000724,O034236,9,0.045,0.0692,0.6232
U000724,O034236,10,0.0661,0.0623,0.6232
U000724,O034236,11,0.0571,0.0567,0.6232
U000724,O034236,12,0.0571,0.0519,0.6232
U000724,O034236,13,0.0511,0.05,0.6232
U000724,O034236,14,0.036,0.05,0.6232
U000724,O034236,15,0.0511,0.05,0.6232
U000724,O034236,16,0.0631,0.05,0.6232
U000724,O034236,17,0.0511,0.05,0.6232
U000724,O034236,18,0.0631,0.05,0.6232
U000724,O034236,19,0.0691,0.05,0.6232
U000724,O034236,20,0.0511,0.05,0.6232
U000724,O011089,1,0.6096,0.6213,0.6213
U000724,O011089,2,0.3153,0.3107,0.6213
U000724,O011089,3,0.2643,0.2071,0.6213
U000724,O011089,4,0.1562,0.1553,0.6213
U000724,O011089,5,0.0961,0.1243,0.6213
U000724,O011089,6,0.0811,0.1036,0.6213
U000724,O011089,7,0.0781,0.0888,0.6213
U000724,O011089,8,0.0661,0.0777,0.6213
U000724,O011089,9,0.0661,0.069,0.6213
U000724,O011089,10,0.0601,0.0621,0.6213
U000724,O011089,11,0.0661,0.0565,0.6213
U000724,O011089,12,0.039,0.0518,0.6213
U000724,O011089,13,0.042,0.05,0.6213
U000724,O011089,14,0.039,0.05,0.6213
U000724,O011089,15,0.039,0.05,0.6213
U000724,O011089,16,0.0571,0.05,0.6213
U000724,O011089,17,0.033,0.05,0.6213
U000724,O011089,18,0.033,0.05,0.6213
U000724,O011089,19,0.048,0.05,0.6213
U000724,O011089,20,0.042,0.05,0.6213
U000724,O031089,1,0.6156,0.6144,0.6144
U000724,O031089,2,0.3123,0.3072,0.6144
U000724,O031089,3,0.2042,0.2048,0.6144
U000724,O031089,4,0.1231,0.1536,0.6144
U000724,O031089,5,0.1261,0.1229,0.6144
U000724,O031089,6,0.1321,0.1024,0.6144
U000724,O031089,7,0.1141,0.0878,0.6144
U000724,O031089,8,0.0811,0.0768,0.6144
U000724,O031089,9,0.0511,0.0683,0.6144
U000724,O031089,10,0.0811,0.0614,0.6144
U000724,O031089,11,0.0691,0.0559,0.6144
U000724,O031089,12,0.048,0.0512,0.6144
U000724,O031089,13,0.0661,0.05,0.6144
U000724,O031089,14,0.048,0.05,0.6144
U000724,O031089,15,0.042,0.05,0.6144
U000724,O031089,16,0.045,0.05,0.6144
U000724,O031089,17,0.0661,0.05,0.6144
U000724,O031089,18,0.0601,0.05,0.6144
U000724,O031089,19,0.0511,0.05,0.6144
U000724,O031089,20,0.0541,0.05,0.6144
U000724,O032582,1,0.6126,0.5967,0.5967
U000724,O032582,2,0.2733,0.2983,0.5967
U000724,O032582,3,0.2132,0.1989,0.5967
U000724,O032582,4,0.1471,0.1492,0.5967
U000724,O032582,5,0.1201,0.1193,0.5967
U000724,O032582,6,0.0961,0.0994,0.5967
U000724,O032582,7,0.0871,0.0852,0.5967
U000724,O032582,8,0.0721,0.0746,0.5967
U000724,O032582,9,0.0751,0.0663,0.5967
U000724,O032582,10,0.0511,0.0597,0.5967
U000724,O032582,11,0.0511,0.0542,0.5967
U000724,O032582,12,0.042,0.05,0.5967
U000724,O032582,13,0.042,0.05,0.5967
U000724,O032582,14,0.03,0.05,0.5967
U000724,O032582,15,0.0511,0.05,0.5967
U000724,O032582,16,0.0541,0.05,0.5967
U000724,O032582,17,0.045,0.05,0.5967
U000724,O032582,18,0.0511,0.05,0.5967
U000724,O032582,19,0.0601,0.05,0.5967
U000724,O032582,20,0.042,0.05,0.5967
U000724,O007848,1,0.5435,0.5961,0.5961
U000724,O007848,2,0.2703,0.298,0.5961
U000724,O007848,3,0.2192,0.1987,0.5961
U000724,O007848,4,0.1441,0.149,0.5961
U000724,O007848,5,0.1321,0.1192,0.5961
U000724,O007848,6,0.1051,0.0993,0.5961
U000724,O007848,7,0.0691,0.0852,0.5961
U000724,O007848,8,0.0751,0.0745,0.5961
U000724,O007848,9,0.0661,0.0662,0.5961
U000724,O007848,10,0.0631,0.0596,0.5961
U000724,O007848,11,0.0661,0.0542,0.5961
U000724,O007848,12,0.0511,0.05,0.5961
U000724,O007848,13,0.036,0.05,0.5961
U000724,O007848,14,0.0601,0.05,0.5961
U000724,O007848,15,0.042,0.05,0.5961
U000724,O007848,16,0.0751,0.05,0.5961
U000724,O007848,17,0.0631,0.05,0.5961
U000724,O007848,18,0.0631,0.05,0.5961
U000724,O007848,19,0.039,0.05,0.5961
U000724,O007848,20,0.0691,0.05,0.5961
U000724,O012582,1,0.5706,0.5915,0.5915
U000724,O012582,2,0.3123,0.2958,0.5915
U000724,O012582,3,0.2042,0.1972,0.5915
U000724,O012582,4,0.1411,0.1479,0.5915
U000724,O012582,5,0.1081,0.1183,0.5915
U000724,O012582,6,0.0901,0.0986,0.5915
U000724,O012582,7,0.0961,0.0845,0.5915
U000724,O012582,8,0.0601,0.0739,0.5915
U000724,O012582,9,0.0541,0.0657,0.5915
U000724,O012582,10,0.0511,0.0592,0.5915
U000724,O012582,11,0.0631,0.0538,0.5915
U000724,O012582,12,0.039,0.05,0.5915
U000724,O012582,13,0.0511,0.05,0.5915
U000724,O012582,14,0.0691,0.05,0.5915
U000724,O012582,15,0.0511,0.05,0.5915
U000724,O012582,16,0.045,0.05,0.5915
U000724,O012582,17,0.0571,0.05,0.5915
U000724,O012582,18,0.042,0.05,0.5915
U000724,O012582,19,0.0571,0.05,0.5915
U000724,O012582,20,0.0661,0.05,0.5915
U000724,O022582,1,0.5886,0.5912,0.5912
U000724,O022582,2,0.2913,0.2956,0.5912
U000724,O022582,3,0.2102,0.1971,0.5912
U000724,O022582,4,0.1502,0.1478,0.5912
U000724,O022582,5,0.0901,0.1182,0.5912
U000724,O022582,6,0.1111,0.0985,0.5912
U000724,O022582,7,0.0901,0.0845,0.5912
U000724,O022582,8,0.0511,0.0739,0.5912
U000724,O022582,9,0.0511,0.0657,0.5912
U000724,O022582,10,0.0541,0.0591,0.5912
U000724,O022582,11,0.0721,0.0537,0.5912
U000724,O022582,12,0.042,0.05,0.5912
U000724,O022582,13,0.048,0.05,0.5912
U000724,O022582,14,0.0511,0.05,0.5912
U000724,O022582,15,0.0661,0.05,0.5912
U000724,O022582,16,0.042,0.05,0.5912
U000724,O022582,17,0.039,0.05,0.5912
U000724,O022582,18,0.0541,0.05,0.5912
U000724,O022582,19,0.0511,0.05,0.5912
U000724,O022582,20,0.045,0.05,0.5912
U000724,O017848,1,0.5796,0.5902,0.5902
U000724,O017848,2,0.3213,0.2951,0.5902
U000724,O017848,3,0.2042,0.1967,0.5902
U000724,O017848,4,0.1381,0.1476,0.5902
U000724,O017848,5,0.0841,0.118,0.5902
U000724,O017848,6,0.1141,0.0984,0.5902
U000724,O017848,7,0.0691,0.0843,0.5902
U000724,O017848,8,0.0691,0.0738,0.5902
U000724,O017848,9,0.0541,0.0656,0.5902
U000724,O017848,10,0.0541,0.059,0.5902
U000724,O017848,11,0.048,0.0537,0.5902
U000724,O017848,12,0.048,0.05,0.5902
U000724,O017848,13,0.018,0.05,0.5902
U000724,O017848,14,0.0541,0.05,0.5902
U000724,O017848,15,0.0571,0.05,0.5902
U000724,O017848,16,0.048,0.05,0.5902
U000724,O017848,17,0.0511,0.05,0.5902
U000724,O017848,18,0.042,0.05,0.5902
U000724,O017848,19,0.0511,0.05,0.5902
U000724,O017848,20,0.0571,0.05,0.5902
U000724,O037848,1,0.6096,0.5896,0.5896
U000724,O037848,2,0.2973,0.2948,0.5896
U000724,O037848,3,0.2102,0.1965,0.5896
U000724,O037848,4,0.1742,0.1474,0.5896
U000724,O037848,5,0.1111,0.1179,0.5896
U000724,O037848,6,0.1081,0.0983,0.5896
U000724,O037848,7,0.1021,0.0842,0.5896
U000724,O037848,8,0.1081,0.0737,0.5896
U000724,O037848,9,0.0541,0.0655,0.5896
U000724,O037848,10,0.0601,0.059,0.5896
U000724,O037848,11,0.048,0.0536,0.5896
U000724,O037848,12,0.036,0.05,0.5896
U000724,O037848,13,0.042,0.05,0.5896
U000724,O037848,14,0.0511,0.05,0.5896
U000724,O037848,15,0.0511,0.05,0.5896
U000724,O037848,16,0.033,0.05,0.5896
U000724,O037848,17,0.0601,0.05,0.5896
U000724,O037848,18,0.048,0.05,0.5896
U000724,O037848,19,0.0691,0.05,0.5896
U000724,O037848,20,0.048,0.05,0.5896
U000724,O002582,1,0.5556,0.581,0.581
U000724,O002582,2,0.3303,0.2905,0.581
U000724,O002582,3,0.2072,0.1937,0.581
U000724,O002582,4,0.1562,0.1453,0.581
U000724,O002582,5,0.0871,0.1162,0.581
U000724,O002582,6,0.1021,0.0968,0.581
U000724,O002582,7,0.0961,0.083,0.581
U000724,O002582,8,0.0841,0.0726,0.581
U000724,O002582,9,0.0721,0.0646,0.581
U000724,O002582,10,0.036,0.0581,0.581
U000724,O002582,11,0.048,0.0528,0.581
U000724,O002582,12,0.0631,0.05,0.581
U000724,O002582,13,0.03,0.05,0.581
U000724,O002582,14,0.036,0.05,0.581
U000724,O002582,15,0.039,0.05,0.581
U000724,O002582,16,0.0541,0.05,0.581
U000724,O002582,17,0.0541,0.05,0.581
U000724,O002582,18,0.0511,0.05,0.581
U000724,O002582,19,0.0601,0.05,0.581
U000724,O002582,20,0.0511,0.05,0.581
U000724,O014236,1,0.5255,0.5232,0.5232
U000724,O014236,2,0.2643,0.2616,0.5232
U000724,O014236,3,0.1682,0.1744,0.5232
U000724,O014236,4,0.1111,0.1308,0.5232
U000724,O014236,5,0.0991,0.1046,0.5232
U000724,O014236,6,0.0901,0.0872,0.5232
U000724,O014236,7,0.0811,0.0747,0.5232
U000724,O014236,8,0.0661,0.0654,0.5232
U000724,O014236,9,0.048,0.0581,0.5232
U000724,O014236,10,0.0541,0.0523,0.5232
U000724,O014236,11,0.027,0.05,0.5232
U000724,O014236,12,0.0511,0.05,0.5232
U000724,O014236,13,0.048,0.05,0.5232
U000724,O014236,14,0.045,0.05,0.5232
U000724,O014236,15,0.0601,0.05,0.5232
U000724,O014236,16,0.0721,0.05,0.5232
U000724,O014236,17,0.048,0.05,0.5232
U000724,O014236,18,0.039,0.05,0.5232
U000724,O014236,19,0.0601,0.05,0.5232
U000724,O014236,20,0.048,0.05,0.5232
U000724,O024236,1,0.5315,0.5136,0.5136
U000724,O024236,2,0.2523,0.2568,0.5136
U000724,O024236,3,0.1772,0.1712,0.5136
U000724,O024236,4,0.1351,0.1284,0.5136
U000724,O024236,5,0.0931,0.1027,0.5136
U000724,O024236,6,0.1021,0.0856,0.5136
U000724,O024236,7,0.0841,0.0734,0.5136
U000724,O024236,8,0.0541,0.0642,0.5136
U000724,O024236,9,0.0571,0.0571,0.5136
U000724,O024236,10,0.045,0.0514,0.5136
U000724,O024236,11,0.048,0.05,0.5136
U000724,O024236,12,0.042,0.05,0.5136
U000724,O024236,13,0.03,0.05,0.5136
U000724,O024236,14,0.0571,0.05,0.5136
U000724,O024236,15,0.0541,0.05,0.5136
U000724,O024236,16,0.0511,0.05,0.5136
U000724,O024236,17,0.042,0.05,0.5136
U000724,O024236,18,0.042,0.05,0.5136
U000724,O024236,19,0.048,0.05,0.5136
U000724,O024236,20,0.0781,0.05,0.5136
U000724,O044236,1,0.5526,0.5136,0.5136
U000724,O044236,2,0.2763,0.2568,0.5136
U000724,O044236,3,0.1862,0.1712,0.5136
U000724,O044236,4,0.1201,0.1284,0.5136
U000724,O044236,5,0.1021,0.1027,0.5136
U000724,O044236,6,0.0871,0.0856,0.5136
U000724,O044236,7,0.0751,0.0734,0.5136
U000724,O044236,8,0.0781,0.0642,0.5136
U000724,O044236,9,0.0541,0.0571,0.5136
U000724,O044236,10,0.048,0.0514,0.5136
U000724,O044236,11,0.0541,0.05,0.5136
U000724,O044236,12,0.027,0.05,0.5136
U000724,O044236,13,0.0661,0.05,0.5136
U000724,O044236,14,0.033,0.05,0.5136
U000724,O044236,15,0.0631,0.05,0.5136
U000724,O044236,16,0.0511,0.05,0.5136
U000724,O044236,17,0.039,0.05,0.5136
U000724,O044236,18,0.045,0.05,0.5136
U000724,O044236,19,0.036,0.05,0.5136
U000724,O044236,20,0.036,0.05,0.5136
U000052,O012594,1,0.7177,0.7014,0.7014
U000052,O012594,2,0.3423,0.3507,0.7014
U000052,O012594,3,0.2072,0.2338,0.7014
U000052,O012594,4,0.2042,0.1754,0.7014
U000052,O012594,5,0.1321,0.1403,0.7014
U000052,O012594,6,0.1532,0.1169,0.7014
U000052,O012594,7,0.0901,0.1002,0.7014
U000052,O012594,8,0.0961,0.0877,0.7014
U000052,O012594,9,0.0781,0.0779,0.7014
U000052,O012594,10,0.0751,0.0701,0.7014
U000052,O012594,11,0.0571,0.0638,0.7014
U000052,O012594,12,0.039,0.0585,0.7014
U000052,O012594,13,0.042,0.054,0.7014
U000052,O012594,14,0.03,0.0501,0.7014
U000052,O012594,15,0.0661,0.05,0.7014
U000052,O012594,16,0.0871,0.05,0.7014
U000052,O012594,17,0.042,0.05,0.7014
U000052,O012594,18,0.0631,0.05,0.7014
U000052,O012594,19,0.027,0.05,0.7014
U000052,O012594,20,0.039,0.05,0.7014
U000052,O032594,1,0.7147,0.6963,0.6963
U000052,O032594,2,0.3694,0.3481,0.6963
U000052,O032594,3,0.2012,0.2321,0.6963
U000052,O032594,4,0.1652,0.1741,0.6963
U000052,O032594,5,0.1321,0.1393,0.6963
U000052,O032594,6,0.1201,0.116,0.6963
U000052,O032594,7,0.1021,0.0995,0.6963
U000052,O032594,8,0.0811,0.087,0.6963
U000052,O032594,9,0.0871,0.0774,0.6963
U000052,O032594,10,0.0871,0.0696,0.6963
U000052,O032594,11,0.0571,0.0633,0.6963
U000052,O032594,12,0.0661,0.058,0.6963
U000052,O032594,13,0.03,0.0536,0.6963
U000052,O032594,14,0.042,0.05,0.6963
U000052,O032594,15,0.045,0.05,0.6963
U000052,O032594,16,0.045,0.05,0.6963
U000052,O032594,17,0.045,0.05,0.6963
U000052,O032594,18,0.0511,0.05,0.6963
U000052,O032594,19,0.0721,0.05,0.6963
U000052,O032594,20,0.039,0.05,0.6963
U000052,O022594,1,0.7538,0.6884,0.6884
U000052,O022594,2,0.2973,0.3442,0.6884
U000052,O022594,3,0.2072,0.2295,0.6884
U000052,O022594,4,0.1742,0.1721,0.6884
U000052,O022594,5,0.1201,0.1377,0.6884
U000052,O022594,6,0.1291,0.1147,0.6884
U000052,O022594,7,0.0811,0.0983,0.6884
U000052,O022594,8,0.0841,0.086,0.6884
U000052,O022594,9,0.0751,0.0765,0.6884
U000052,O022594,10,0.0871,0.0688,0.6884
U000052,O022594,11,0.0511,0.0626,0.6884
U000052,O022594,12,0.0571,0.0574,0.6884
U000052,O022594,13,0.0571,0.053,0.6884
U000052,O022594,14,0.039,0.05,0.6884
U000052,O022594,15,0.042,0.05,0.6884
U000052,O022594,16,0.045,0.05,0.6884
U000052,O022594,17,0.033,0.05,0.6884
U000052,O022594,18,0.036,0.05,0.6884
U000052,O022594,19,0.0511,0.05,0.6884
U000052,O022594,20,0.033,0.05,0.6884
U000052,O002594,1,0.7057,0.6831,0.6831
U000052,O002594,2,0.3483,0.3415,0.6831
U000052,O002594,3,0.2222,0.2277,0.6831
U000052,O002594,4,0.1892,0.1708,0.6831
U000052,O002594,5,0.1261,0.1366,0.6831
U000052,O002594,6,0.1171,0.1138,0.6831
U000052,O002594,7,0.1081,0.0976,0.6831
U000052,O002594,8,0.1111,0.0854,0.6831
U000052,O002594,9,0.0901,0.0759,0.6831
U000052,O002594,10,0.0691,0.0683,0.6831
U000052,O002594,11,0.0511,0.0621,0.6831
U000052,O002594,12,0.036,0.0569,0.6831
U000052,O002594,13,0.036,0.0525,0.6831
U000052,O002594,14,0.042,0.05,0.6831
U000052,O002594,15,0.048,0.05,0.6831
U000052,O002594,16,0.0511,0.05,0.6831
U000052,O002594,17,0.048,0.05,0.6831
U000052,O002594,18,0.0661,0.05,0.6831
U000052,O002594,19,0.0691,0.05,0.6831
U000052,O002594,20,0.045,0.05,0.6831
U000052,O034236,1,0.6306,0.6238,0.6238
U000052,O034236,2,0.3123,0.3119,0.6238
U000052,O034236,3,0.2252,0.2079,0.6238
U000052,O034236,4,0.1171,0.1559,0.6238
U000052,O034236,5,0.1111,0.1248,0.6238
U000052,O034236,6,0.0931,0.104,0.6238
U000052,O034236,7,0.0961,0.0891,0.6238
U000052,O034236,8,0.0631,0.078,0.6238
U000052,O034236,9,0.0691,0.0693,0.6238
U000052,O034236,10,0.0691,0.0624,0.6238
U000052,O034236,11,0.0631,0.0567,0.6238
U000052,O034236,12,0.045,0.052,0.6238
U000052,O034236,13,0.045,0.05,0.6238
U000052,O034236,14,0.042,0.05,0.6238
U000052,O034236,15,0.0661,0.05,0.6238
U000052,O034236,16,0.0541,0.05,0.6238
U000052,O034236,17,0.0691,0.05,0.6238
U000052,O034236,18,0.036,0.05,0.6238
U000052,O034236,19,0.03,0.05,0.6238
U000052,O034236,20,0.0661,0.05,0.6238
U000052,O027848,1,0.6066,0.6067,0.6067
U000052,O027848,2,0.2973,0.3034,0.6067
U000052,O027848,3,0.2102,0.2022,0.6067
U000052,O027848,4,0.1441,0.1517,0.6067
U000052,O027848,5,0.1351,0.1213,0.6067
U000052,O027848,6,0.1111,0.1011,0.6067
U000052,O027848,7,0.1021,0.0867,0.6067
U000052,O027848,8,0.0601,0.0758,0.6067
U000052,O027848,9,0.0571,0.0674,0.6067
U000052,O027848,10,0.0931,0.0607,0.6067
U000052,O027848,11,0.0601,0.0552,0.6067
U000052,O027848,12,0.0811,0.0506,0.6067
U000052,O027848,13,0.0511,0.05,0.6067
U000052,O027848,14,0.033,0.05,0.6067
U000052,O027848,15,0.042,0.05,0.6067
U000052,O027848,16,0.045,0.05,0.6067
U000052,O027848,17,0.0631,0.05,0.6067
U000052,O027848,18,0.0541,0.05,0.6067
U000052,O027848,19,0.042,0.05,0.6067
U000052,O027848,20,0.0511,0.05,0.6067
U000052,O041089,1,0.5646,0.565,0.565
U000052,O041089,2,0.2943,0.2825,0.565
U000052,O041089,3,0.2492,0.1883,0.565
U000052,O041089,4,0.1622,0.1412,0.565
U000052,O041089,5,0.1712,0.113,0.565
U000052,O041089,6,0.1021,0.0942,0.565
U000052,O041089,7,0.0841,0.0807,0.565
U000052,O041089,8,0.0721,0.0706,0.565
U000052,O041089,9,0.0751,0.0628,0.565
U000052,O041089,10,0.024,0.0565,0.565
U000052,O041089,11,0.0541,0.0514,0.565
U000052,O041089,12,0.0601,0.05,0.565
U000052,O041089,13,0.039,0.05,0.565
U000052,O041089,14,0.045,0.05,0.565
U000052,O041089,15,0.0541,0.05,0.565
U000052,O041089,16,0.042,0.05,0.565
U000052,O041089,17,0.036,0.05,0.565
U000052,O041089,18,0.0571,0.05,0.565
U000052,O041089,19,0.0511,0.05,0.565
U000052,O041089,20,0.0511,0.05,0.565
U000052,O021089,1,0.5646,0.5643,0.5643
U000052,O021089,2,0.2252,0.2822,0.5643
U000052,O021089,3,0.1622,0.1881,0.5643
U000052,O021089,4,0.1291,0.1411,0.5643
U000052,O021089,5,0.0931,0.1129,0.5643
U000052,O021089,6,0.1051,0.0941,0.5643
U000052,O021089,7,0.1051,0.0806,0.5643
U000052,O021089,8,0.048,0.0705,0.5643
U000052,O021089,9,0.0721,0.0627,0.5643
U000052,O021089,10,0.0511,0.0564,0.5643
U000052,O021089,11,0.0601,0.0513,0.5643
U000052,O021089,12,0.042,0.05,0.5643
U000052,O021089,13,0.03,0.05,0.5643
U000052,O021089,14,0.0661,0.05,0.5643
U000052,O021089,15,0.045,0.05,0.5643
U000052,O021089,16,0.0511,0.05,0.5643
U000052,O021089,17,0.0601,0.05,0.5643
U000052,O021089,18,0.0541,0.05,0.5643
U000052,O021089,19,0.042,0.05,0.5643
U000052,O021089,20,0.042,0.05,0.5643
U000052,O011089,1,0.6156,0.5603,0.5603
U000052,O011089,2,0.2673,0.2801,0.5603
U000052,O011089,3,0.1562,0.1868,0.5603
U000052,O011089,4,0.1652,0.1401,0.5603
U000052,O011089,5,0.1081,0.1121,0.5603
U000052,O011089,6,0.1051,0.0934,0.5603
U000052,O011089,7,0.0841,0.08,0.5603
U000052,O011089,8,0.0901,0.07,0.5603
U000052,O011089,9,0.0691,0.0623,0.5603
U000052,O011089,10,0.0601,0.056,0.5603
U000052,O011089,11,0.045,0.0509,0.5603
U000052,O011089,12,0.045,0.05,0.5603
U000052,O011089,13,0.039,0.05,0.5603
U000052,O011089,14,0.042,0.05,0.5603
U000052,O011089,15,0.0601,0.05,0.5603
U000052,O011089,16,0.0661,0.05,0.5603
U000052,O011089,17,0.0781,0.05,0.5603
U000052,O011089,18,0.0511,0.05,0.5603
U000052,O011089,19,0.042,0.05,0.5603
U000052,O011089,20,0.045,0.05,0.5603
U000052,O031089,1,0.5405,0.5566,0.5566
U000052,O031089,2,0.2643,0.2783,0.5566
U000052,O031089,3,0.2192,0.1855,0.5566
U000052,O031089,4,0.1381,0.1391,0.5566
U000052,O031089,5,0.1261,0.1113,0.5566
U000052,O031089,6,0.1051,0.0928,0.5566
U000052,O031089,7,0.0841,0.0795,0.5566
U000052,O031089,8,0.0661,0.0696,0.5566
U000052,O031089,9,0.0781,0.0618,0.5566
U000052,O031089,10,0.0751,0.0557,0.5566
U000052,O031089,11,0.042,0.0506,0.5566
U000052,O031089,12,0.036,0.05,0.5566
U000052,O031089,13,0.0541,0.05,0.5566
U000052,O031089,14,0.0571,0.05,0.5566
U000052,O031089,15,0.021,0.05,0.5566
U000052,O031089,16,0.0691,0.05,0.5566
U000052,O031089,17,0.0511,0.05,0.5566
U000052,O031089,18,0.0571,0.05,0.5566
U000052,O031089,19,0.0631,0.05,0.5566
U000052,O031089,20,0.0511,0.05,0.5566
U000052,O032582,1,0.5165,0.5315,0.5315
U000052,O032582,2,0.2733,0.2658,0.5315
U000052,O032582,3,0.1772,0.1772,0.5315
U000052,O032582,4,0.1381,0.1329,0.5315
U000052,O032582,5,0.1081,0.1063,0.5315
U000052,O032582,6,0.0841,0.0886,0.5315
U000052,O032582,7,0.0601,0.0759,0.5315
U000052,O032582,8,0.0811,0.0664,0.5315
U000052,O032582,9,0.0511,0.0591,0.5315
U000052,O032582,10,0.0601,0.0532,0.5315
U000052,O032582,11,0.0691,0.05,0.5315
U000052,O032582,12,0.0541,0.05,0.5315
U000052,O032582,13,0.0541,0.05,0.5315
U000052,O032582,14,0.045,0.05,0.5315
U000052,O032582,15,0.0511,0.05,0.5315
U000052,O032582,16,0.042,0.05,0.5315
U000052,O032582,17,0.0691,0.05,0.5315
U000052,O032582,18,0.0541,0.05,0.5315
U000052,O032582,19,0.0511,0.05,0.5315
U000052,O032582,20,0.042,0.05,0.5315
U000052,O012582,1,0.4955,0.5288,0.5288
U000052,O012582,2,0.2252,0.2644,0.5288
U000052,O012582,3,0.2072,0.1763,0.5288
U000052,O012582,4,0.1231,0.1322,0.5288
U000052,O012582,5,0.1051,0.1058,0.5288
U000052,O012582,6,0.0991,0.0881,0.5288
U000052,O012582,7,0.0721,0.0755,0.5288
U000052,O012582,8,0.0661,0.0661,0.5288
U000052,O012582,9,0.0721,0.0588,0.5288
U000052,O012582,10,0.0601,0.0529,0.5288
U000052,O012582,11,0.0661,0.05,0.5288
U000052,O012582,12,0.0541,0.05,0.5288
U000052,O012582,13,0.048,0.05,0.5288
U000052,O012582,14,0.0541,0.05,0.5288
U000052,O012582,15,0.0571,0.05,0.5288
U000052,O012582,16,0.0691,0.05,0.5288
U000052,O012582,17,0.0601,0.05,0.5288
U000052,O012582,18,0.036,0.05,0.5288
U000052,O012582,19,0.042,0.05,0.5288
U000052,O012582,20,0.045,0.05,0.5288
U000052,O022582,1,0.4895,0.5286,0.5286
U000052,O022582,2,0.2462,0.2643,0.5286
U000052,O022582,3,0.1351,0.1762,0.5286
U000052,O022582,4,0.1441,0.1322,0.5286
U000052,O022582,5,0.0721,0.1057,0.5286
U000052,O022582,6,0.1081,0.0881,0.5286
U000052,O022582,7,0.0811,0.0755,0.5286
U000052,O022582,8,0.048,0.0661,0.5286
U000052,O022582,9,0.0631,0.0587,0.5286
U000052,O022582,10,0.0511,0.0529,0.5286
U000052,O022582,11,0.045,0.05,0.5286
U000052,O022582,12,0.036,0.05,0.5286
U000052,O022582,13,0.048,0.05,0.5286
U000052,O022582,14,0.048,0.05,0.5286
U000052,O022582,15,0.021,0.05,0.5286
U000052,O022582,16,0.033,0.05,0.5286
U000052,O022582,17,0.0571,0.05,0.5286
U000052,O022582,18,0.0781,0.05,0.5286
U000052,O022582,19,0.048,0.05,0.5286
U000052,O022582,20,0.0601,0.05,0.5286
U000052,O004236,1,0.5405,0.5238,0.5238
U000052,O004236,2,0.2673,0.2619,0.5238
U000052,O004236,3,0.1622,0.1746,0.5238
U000052,O004236,4,0.1321,0.1309,0.5238
U000052,O004236,5,0.1051,0.1048,0.5238
U000052,O004236,6,0.1051,0.0873,0.5238
U000052,O004236,7,0.0781,0.0748,0.5238
U000052,O004236,8,0.0571,0.0655,0.5238
U000052,O004236,9,0.048,0.0582,0.5238
U000052,O004236,10,0.045,0.0524,0.5238
U000052,O004236,11,0.0541,0.05,0.5238
U000052,O004236,12,0.045,0.05,0.5238
U000052,O004236,13,0.033,0.05,0.5238
U000052,O004236,14,0.0601,0.05,0.5238
U000052,O004236,15,0.039,0.05,0.5238
U000052,O004236,16,0.03,0.05,0.5238
U000052,O004236,17,0.0691,0.05,0.5238
U000052,O004236,18,0.045,0.05,0.5238
U000052,O004236,19,0.0511,0.05,0.5238
U000052,O004236,20,0.0511,0.05,0.5238
U000052,O002582,1,0.5105,0.5232,0.5232
U000052,O002582,2,0.2613,0.2616,0.5232
U000052,O002582,3,0.1622,0.1744,0.5232
U000052,O002582,4,0.1411,0.1308,0.5232
U000052,O002582,5,0.0931,0.1046,0.5232
U000052,O002582,6,0.0871,0.0872,0.5232
U000052,O002582,7,0.0691,0.0747,0.5232
U000052,O002582,8,0.0631,0.0654,0.5232
U000052,O002582,9,0.0571,0.0581,0.5232
U000052,O002582,10,0.045,0.0523,0.5232
U000052,O002582,11,0.0511,0.05,0.5232
U000052,O002582,12,0.0511,0.05,0.5232
U000052,O002582,13,0.0721,0.05,0.5232
U000052,O002582,14,0.048,0.05,0.5232
U000052,O002582,15,0.0511,0.05,0.5232
U000052,O002582,16,0.042,0.05,0.5232
U000052,O002582,17,0.0601,0.05,0.5232
U000052,O002582,18,0.027,0.05,0.5232
U000052,O002582,19,0.0691,0.05,0.5232
U000052,O002582,20,0.0571,0.05,0.5232
U000052,O024236,1,0.4745,0.5187,0.5187
U000052,O024236,2,0.2763,0.2593,0.5187
U000052,O024236,3,0.1381,0.1729,0.5187
U000052,O024236,4,0.1411,0.1297,0.5187
U000052,O024236,5,0.1051,0.1037,0.5187
U000052,O024236,6,0.1021,0.0864,0.5187
U000052,O024236,7,0.0661,0.0741,0.5187
U000052,O024236,8,0.0601,0.0648,0.5187
U000052,O024236,9,0.0571,0.0576,0.5187
U000052,O024236,10,0.048,0.0519,0.5187
U000052,O024236,11,0.0511,0.05,0.5187
U000052,O024236,12,0.0541,0.05,0.5187
U000052,O024236,13,0.0901,0.05,0.5187
U000052,O024236,14,0.042,0.05,0.5187
U000052,O024236,15,0.0691,0.05,0.5187
U000052,O024236,16,0.033,0.05,0.5187
U000052,O024236,17,0.0571,0.05,0.5187
U000052,O024236,18,0.0661,0.05,0.5187
U000052,O024236,19,0.036,0.05,0.5187
U000052,O024236,20,0.0721,0.05,0.5187
U000052,O044236,1,0.4865,0.5187,0.5187
U000052,O044236,2,0.2643,0.2593,0.5187
U000052,O044236,3,0.1802,0.1729,0.5187
U000052,O044236,4,0.1051,0.1297,0.5187
U000052,O044236,5,0.0901,0.1037,0.5187
U000052,O044236,6,0.0871,0.0864,0.5187
U000052,O044236,7,0.0631,0.0741,0.5187
U000052,O044236,8,0.0661,0.0648,0.5187
U000052,O044236,9,0.0541,0.0576,0.5187
U000052,O044236,10,0.0541,0.0519,0.5187
U000052,O044236,11,0.0511,0.05,0.5187
U000052,O044236,12,0.0571,0.05,0.5187
U000052,O044236,13,0.0511,0.05,0.5187
U000052,O044236,14,0.048,0.05,0.5187
U000052,O044236,15,0.0541,0.05,0.5187
U000052,O044236,16,0.045,0.05,0.5187
U000052,O044236,17,0.048,0.05,0.5187
U000052,O044236,18,0.036,0.05,0.5187
U000052,O044236,19,0.045,0.05,0.5187
U000052,O044236,20,0.0571,0.05,0.5187
U000052,O047848,1,0.5345,0.5134,0.5134
U000052,O047848,2,0.2342,0.2567,0.5134
U000052,O047848,3,0.1532,0.1711,0.5134
U000052,O047848,4,0.0991,0.1284,0.5134
U000052,O047848,5,0.0991,0.1027,0.5134
U000052,O047848,6,0.0871,0.0856,0.5134
U000052,O047848,7,0.0721,0.0733,0.5134
U000052,O047848,8,0.0541,0.0642,0.5134
U000052,O047848,9,0.0571,0.057,0.5134
U000052,O047848,10,0.048,0.0513,0.5134
U000052,O047848,11,0.0571,0.05,0.5134
U000052,O047848,12,0.033,0.05,0.5134
U000052,O047848,13,0.0511,0.05,0.5134
U000052,O047848,14,0.0511,0.05,0.5134
U000052,O047848,15,0.0691,0.05,0.5134
U000052,O047848,16,0.0571,0.05,0.5134
U000052,O047848,17,0.045,0.05,0.5134
U000052,O047848,18,0.0511,0.05,0.5134
U000052,O047848,19,0.0541,0.05,0.5134
U000052,O047848,20,0.0541,0.05,0.5134
U000052,O007848,1,0.4955,0.5104,0.5104
U000052,O007848,2,0.2402,0.2552,0.5104
U000052,O007848,3,0.2072,0.1701,0.5104
U000052,O007848,4,0.1261,0.1276,0.5104
U000052,O007848,5,0.1111,0.1021,0.5104
U000052,O007848,6,0.0751,0.0851,0.5104
U000052,O007848,7,0.0691,0.0729,0.5104
U000052,O007848,8,0.0691,0.0638,0.5104
U000052,O007848,9,0.0631,0.0567,0.5104
U000052,O007848,10,0.0691,0.051,0.5104
U000052,O007848,11,0.0601,0.05,0.5104
U000052,O007848,12,0.0511,0.05,0.5104
U000052,O007848,13,0.0571,0.05,0.5104
U000052,O007848,14,0.039,0.05,0.5104
U000052,O007848,15,0.033,0.05,0.5104
U000052,O007848,16,0.045,0.05,0.5104
U000052,O007848,17,0.0571,0.05,0.5104
U000052,O007848,18,0.048,0.05,0.5104
U000052,O007848,19,0.045,0.05,0.5104
U000052,O007848,20,0.0541,0.05,0.5104
U000052,O017848,1,0.5225,0.5073,0.5073
U000052,O017848,2,0.2432,0.2536,0.5073
U000052,O017848,3,0.1922,0.1691,0.5073
U000052,O017848,4,0.1111,0.1268,0.5073
U000052,O017848,5,0.0841,0.1015,0.5073
U000052,O017848,6,0.0871,0.0845,0.5073
U000052,O017848,7,0.0721,0.0725,0.5073
U000052,O017848,8,0.0631,0.0634,0.5073
U000052,O017848,9,0.0661,0.0564,0.5073
U000052,O017848,10,0.0511,0.0507,0.5073
U000052,O017848,11,0.045,0.05,0.5073
U000052,O017848,12,0.045,0.05,0.5073
U000052,O017848,13,0.0541,0.05,0.5073
U000052,O017848,14,0.042,0.05,0.5073
U000052,O017848,15,0.0511,0.05,0.5073
U000052,O017848,16,0.045,0.05,0.5073
U000052,O017848,17,0.048,0.05,0.5073
U000052,O017848,18,0.042,0.05,0.5073
U000052,O017848,19,0.045,0.05,0.5073
U000052,O017848,20,0.0571,0.05,0.5073
U000506,O047848,1,0.8919,0.8865,0.8865
U000506,O047848,2,0.4444,0.4433,0.8865
U000506,O047848,3,0.2913,0.2955,0.8865
U000506,O047848,4,0.2342,0.2216,0.8865
U000506,O047848,5,0.1622,0.1773,0.8865
U000506,O047848,6,0.1381,0.1478,0.8865
U000506,O047848,7,0.0961,0.1266,0.8865
U000506,O047848,8,0.0991,0.1108,0.8865
U000506,O047848,9,0.0931,0.0985,0.8865
U000506,O047848,10,0.1171,0.0887,0.8865
U000506,O047848,11,0.0841,0.0806,0.8865
U000506,O047848,12,0.0601,0.0739,0.8865
U000506,O047848,13,0.0511,0.0682,0.8865
U000506,O047848,14,0.048,0.0633,0.8865
U000506,O047848,15,0.048,0.0591,0.8865
U000506,O047848,16,0.0541,0.0554,0.8865
U000506,O047848,17,0.045,0.0521,0.8865
U000506,O047848,18,0.048,0.05,0.8865
U000506,O047848,19,0.0601,0.05,0.8865
U000506,O047848,20,0.042,0.05,0.8865
U000506,O042582,1,0.8589,0.8208,0.8208
U000506,O042582,2,0.3874,0.4104,0.8208
U000506,O042582,3,0.2372,0.2736,0.8208
U000506,O042582,4,0.2012,0.2052,0.8208
U000506,O042582,5,0.1622,0.1642,0.8208
U000506,O042582,6,0.1111,0.1368,0.8208
U000506,O042582,7,0.1111,0.1173,0.8208
U000506,O042582,8,0.1111,0.1026,0.8208
U000506,O042582,9,0.0871,0.0912,0.8208
U000506,O042582,10,0.0811,0.0821,0.8208
U000506,O042582,11,0.0631,0.0746,0.8208
U000506,O042582,12,0.0631,0.0684,0.8208
U000506,O042582,13,0.0691,0.0631,0.8208
U000506,O042582,14,0.0571,0.0586,0.8208
U000506,O042582,15,0.0661,0.0547,0.8208
U000506,O042582,16,0.0541,0.0513,0.8208
U000506,O042582,17,0.0601,0.05,0.8208
U000506,O042582,18,0.0601,0.05,0.8208
U000506,O042582,19,0.0601,0.05,0.8208
U000506,O042582,20,0.0511,0.05,0.8208
U000506,O002582,1,0.8018,0.8125,0.8125
U000506,O002582,2,0.3934,0.4063,0.8125
U000506,O002582,3,0.2583,0.2708,0.8125
U000506,O002582,4,0.2102,0.2031,0.8125
U000506,O002582,5,0.1411,0.1625,0.8125
U000506,O002582,6,0.1141,0.1354,0.8125
U000506,O002582,7,0.1021,0.1161,0.8125
U000506,O002582,8,0.1021,0.1016,0.8125
U000506,O002582,9,0.0931,0.0903,0.8125
U000506,O002582,10,0.0571,0.0813,0.8125
U000506,O002582,11,0.1171,0.0739,0.8125
U000506,O002582,12,0.0661,0.0677,0.8125
U000506,O002582,13,0.0901,0.0625,0.8125
U000506,O002582,14,0.045,0.058,0.8125
U000506,O002582,15,0.033,0.0542,0.8125
U000506,O002582,16,0.045,0.0508,0.8125
U000506,O002582,17,0.045,0.05,0.8125
U000506,O002582,18,0.042,0.05,0.8125
U000506,O002582,19,0.039,0.05,0.8125
U000506,O002582,20,0.048,0.05,0.8125
U000506,O022582,1,0.7838,0.8077,0.8077
U000506,O022582,2,0.3544,0.4038,0.8077
U000506,O022582,3,0.2282,0.2692,0.8077
U000506,O022582,4,0.1802,0.2019,0.8077
U000506,O022582,5,0.1772,0.1615,0.8077
U000506,O022582,6,0.1201,0.1346,0.8077
U000506,O022582,7,0.1201,0.1154,0.8077
U000506,O022582,8,0.0961,0.101,0.8077
U000506,O022582,9,0.0961,0.0897,0.8077
U000506,O022582,10,0.0811,0.0808,0.8077
U000506,O022582,11,0.0691,0.0734,0.8077
U000506,O022582,12,0.1141,0.0673,0.8077
U000506,O022582,13,0.0571,0.0621,0.8077
U000506,O022582,14,0.0781,0.0577,0.8077
U000506,O022582,15,0.0511,0.0538,0.8077
U000506,O022582,16,0.0631,0.0505,0.8077
U000506,O022582,17,0.045,0.05,0.8077
U000506,O022582,18,0.048,0.05,0.8077
U000506,O022582,19,0.048,0.05,0.8077
U000506,O022582,20,0.042,0.05,0.8077
U000506,O032582,1,0.8048,0.7898,0.7898
U000506,O032582,2,0.3754,0.3949,0.7898
U000506,O032582,3,0.2793,0.2633,0.7898
U000506,O032582,4,0.1652,0.1975,0.7898
U000506,O032582,5,0.1592,0.158,0.7898
U000506,O032582,6,0.1381,0.1316,0.7898
U000506,O032582,7,0.1021,0.1128,0.7898
U000506,O032582,8,0.0781,0.0987,0.7898
U000506,O032582,9,0.0901,0.0878,0.7898
U000506,O032582,10,0.0661,0.079,0.7898
U000506,O032582,11,0.0781,0.0718,0.7898
U000506,O032582,12,0.0781,0.0658,0.7898
U000506,O032582,13,0.0541,0.0608,0.7898
U000506,O032582,14,0.0601,0.0564,0.7898
U000506,O032582,15,0.0541,0.0527,0.7898
U000506,O032582,16,0.03,0.05,0.7898
U000506,O032582,17,0.021,0.05,0.7898
U000506,O032582,18,0.0571,0.05,0.7898
U000506,O032582,19,0.0631,0.05,0.7898
U000506,O032582,20,0.033,0.05,0.7898
U000506,O011089,1,0.8078,0.7848,0.7848
U000506,O011089,2,0.4174,0.3924,0.7848
U000506,O011089,3,0.2372,0.2616,0.7848
U000506,O011089,4,0.1922,0.1962,0.7848
U000506,O011089,5,0.1592,0.157,0.7848
U000506,O011089,6,0.1141,0.1308,0.7848
U000506,O011089,7,0.1201,0.1121,0.7848
U000506,O011089,8,0.0991,0.0981,0.7848
U000506,O011089,9,0.0751,0.0872,0.7848
U000506,O011089,10,0.0751,0.0785,0.7848
U000506,O011089,11,0.0691,0.0713,0.7848
U000506,O011089,12,0.0781,0.0654,0.7848
U000506,O011089,13,0.0571,0.0604,0.7848
U000506,O011089,14,0.0541,0.0561,0.7848
U000506,O011089,15,0.033,0.0523,0.7848
U000506,O011089,16,0.0541,0.05,0.7848
U000506,O011089,17,0.039,0.05,0.7848
U000506,O011089,18,0.0511,0.05,0.7848
U000506,O011089,19,0.048,0.05,0.7848
U000506,O011089,20,0.0571,0.05,0.7848
U000506,O007848,1,0.7898,0.768,0.768
U000506,O007848,2,0.4054,0.384,0.768
U000506,O007848,3,0.2583,0.256,0.768
U000506,O007848,4,0.1742,0.192,0.768
U000506,O007848,5,0.1742,0.1536,0.768
U000506,O007848,6,0.1351,0.128,0.768
U000506,O007848,7,0.1321,0.1097,0.768
U000506,O007848,8,0.1051,0.096,0.768
U000506,O007848,9,0.0751,0.0853,0.768
U000506,O007848,10,0.0631,0.0768,0.768
U000506,O007848,11,0.0691,0.0698,0.768
U000506,O007848,12,0.0571,0.064,0.768
U000506,O007848,13,0.0781,0.0591,0.768
U000506,O007848,14,0.0571,0.0549,0.768
U000506,O007848,15,0.033,0.0512,0.768
U000506,O007848,16,0.0541,0.05,0.768
U000506,O007848,17,0.0541,0.05,0.768
U000506,O007848,18,0.0691,0.05,0.768
U000506,O007848,19,0.0601,0.05,0.768
U000506,O007848,20,0.039,0.05,0.768
U000506,O021089,1,0.8078,0.7599,0.7599
U000506,O021089,2,0.3604,0.38,0.7599
U000506,O021089,3,0.2312,0.2533,0.7599
U000506,O021089,4,0.1832,0.19,0.7599
U000506,O021089,5,0.1171,0.152,0.7599
U000506,O021089,6,0.1381,0.1267,0.7599
U000506,O021089,7,0.1051,0.1086,0.7599
U000506,O021089,8,0.0781,0.095,0.7599
U000506,O021089,9,0.0841,0.0844,0.7599
U000506,O021089,10,0.0751,0.076,0.7599
U000506,O021089,11,0.0721,0.0691,0.7599
U000506,O021089,12,0.0691,0.0633,0.7599
U000506,O021089,13,0.045,0.0585,0.7599
U000506,O021089,14,0.0601,0.0543,0.7599
U000506,O021089,15,0.0571,0.0507,0.7599
U000506,O021089,16,0.0601,0.05,0.7599
U000506,O021089,17,0.045,0.05,0.7599
U000506,O021089,18,0.045,0.05,0.7599
U000506,O021089,19,0.0511,0.05,0.7599
U000506,O021089,20,0.039,0.05,0.7599
U000506,O041089,1,0.7658,0.7559,0.7559
U000506,O041089,2,0.3934,0.3779,0.7559
U000506,O041089,3,0.2673,0.252,0.7559
U000506,O041089,4,0.1892,0.189,0.7559
U000506,O041089,5,0.1261,0.1512,0.7559
U000506,O041089,6,0.1502,0.126,0.7559
U000506,O041089,7,0.1021,0.108,0.7559
U000506,O041089,8,0.0931,0.0945,0.7559
U000506,O041089,9,0.0841,0.084,0.7559
U000506,O041089,10,0.048,0.0756,0.7559
U000506,O041089,11,0.0721,0.0687,0.7559
U000506,O041089,12,0.0511,0.063,0.7559
U000506,O041089,13,0.0601,0.0581,0.7559
U000506,O041089,14,0.036,0.054,0.7559
U000506,O041089,15,0.0571,0.0504,0.7559
U000506,O041089,16,0.0601,0.05,0.7559
U000506,O041089,17,0.042,0.05,0.7559
U000506,O041089,18,0.0721,0.05,0.7559
U000506,O041089,19,0.0661,0.05,0.7559
U000506,O041089,20,0.0571,0.05,0.7559
U000506,O001089,1,0.7928,0.7508,0.7508
U000506,O001089,2,0.3303,0.3754,0.7508
U000506,O001089,3,0.2402,0.2503,0.7508
U000506,O001089,4,0.1892,0.1877,0.7508
U000506,O001089,5,0.1502,0.1502,0.7508
U000506,O001089,6,0.1321,0.1251,0.7508
U000506,O001089,7,0.1141,0.1073,0.7508
U000506,O001089,8,0.0841,0.0939,0.7508
U000506,O001089,9,0.0991,0.0834,0.7508
U000506,O001089,10,0.0811,0.0751,0.7508
U000506,O001089,11,0.0571,0.0683,0.7508
U000506,O001089,12,0.0541,0.0626,0.7508
U000506,O001089,13,0.0601,0.0578,0.7508
U000506,O001089,14,0.0571,0.0536,0.7508
U000506,O001089,15,0.036,0.0501,0.7508
U000506,O001089,16,0.033,0.05,0.7508
U000506,O001089,17,0.0541,0.05,0.7508
U000506,O001089,18,0.048,0.05,0.7508
U000506,O001089,19,0.0541,0.05,0.7508
U000506,O001089,20,0.039,0.05,0.7508
U000506,O024236,1,0.7177,0.7498,0.7498
U000506,O024236,2,0.3423,0.3749,0.7498
U000506,O024236,3,0.2703,0.2499,0.7498
U000506,O024236,4,0.1742,0.1875,0.7498
U000506,O024236,5,0.1231,0.15,0.7498
U000506,O024236,6,0.1471,0.125,0.7498
U000506,O024236,7,0.1021,0.1071,0.7498
U000506,O024236,8,0.0931,0.0937,0.7498
U000506,O024236,9,0.0901,0.0833,0.7498
U000506,O024236,10,0.0751,0.075,0.7498
U000506,O024236,11,0.0781,0.0682,0.7498
U000506,O024236,12,0.0661,0.0625,0.7498
U000506,O024236,13,0.0721,0.0577,0.7498
U000506,O024236,14,0.0541,0.0536,0.7498
U000506,O024236,15,0.048,0.05,0.7498
U000506,O024236,16,0.0661,0.05,0.7498
U000506,O024236,17,0.03,0.05,0.7498
U000506,O024236,18,0.036,0.05,0.7498
U000506,O024236,19,0.0691,0.05,0.7498
U000506,O024236,20,0.036,0.05,0.7498
U000506,O017848,1,0.7928,0.7488,0.7488
U000506,O017848,2,0.4054,0.3744,0.7488
U000506,O017848,3,0.2252,0.2496,0.7488
U000506,O017848,4,0.1832,0.1872,0.7488
U000506,O017848,5,0.1381,0.1498,0.7488
U000506,O017848,6,0.1201,0.1248,0.7488
U000506,O017848,7,0.0931,0.107,0.7488
U000506,O017848,8,0.1201,0.0936,0.7488
U000506,O017848,9,0.0841,0.0832,0.7488
U000506,O017848,10,0.0991,0.0749,0.7488
U000506,O017848,11,0.0781,0.0681,0.7488
U000506,O017848,12,0.0901,0.0624,0.7488
U000506,O017848,13,0.0541,0.0576,0.7488
U000506,O017848,14,0.045,0.0535,0.7488
U000506,O017848,15,0.0571,0.05,0.7488
U000506,O017848,16,0.03,0.05,0.7488
U000506,O017848,17,0.0571,0.05,0.7488
U000506,O017848,18,0.0631,0.05,0.7488
U000506,O017848,19,0.036,0.05,0.7488
U000506,O017848,20,0.0601,0.05,0.7488
U000506,O037848,1,0.7688,0.7469,0.7469
U000506,O037848,2,0.3904,0.3735,0.7469
U000506,O037848,3,0.2252,0.249,0.7469
U000506,O037848,4,0.1742,0.1867,0.7469
U000506,O037848,5,0.1411,0.1494,0.7469
U000506,O037848,6,0.1081,0.1245,0.7469
U000506,O037848,7,0.1171,0.1067,0.7469
U000506,O037848,8,0.1081,0.0934,0.7469
U000506,O037848,9,0.0871,0.083,0.7469
U000506,O037848,10,0.1051,0.0747,0.7469
U000506,O037848,11,0.0751,0.0679,0.7469
U000506,O037848,12,0.0721,0.0622,0.7469
U000506,O037848,13,0.048,0.0575,0.7469
U000506,O037848,14,0.048,0.0534,0.7469
U000506,O037848,15,0.0511,0.05,0.7469
U000506,O037848,16,0.0511,0.05,0.7469
U000506,O037848,17,0.0571,0.05,0.7469
U000506,O037848,18,0.03,0.05,0.7469
U000506,O037848,19,0.042,0.05,0.7469
U000506,O037848,20,0.0541,0.05,0.7469
U000506,O014236,1,0.6426,0.6811,0.6811
U000506,O014236,2,0.3243,0.3406,0.6811
U000506,O014236,3,0.2432,0.227,0.6811
U000506,O014236,4,0.1772,0.1703,0.6811
U000506,O014236,5,0.1532,0.1362,0.6811
U000506,O014236,6,0.1021,0.1135,0.6811
U000506,O014236,7,0.0961,0.0973,0.6811
U000506,O014236,8,0.0751,0.0851,0.6811
U000506,O014236,9,0.0811,0.0757,0.6811
U000506,O014236,10,0.039,0.0681,0.6811
U000506,O014236,11,0.0691,0.0619,0.6811
U000506,O014236,12,0.0631,0.0568,0.6811
U000506,O014236,13,0.048,0.0524,0.6811
U000506,O014236,14,0.042,0.05,0.6811
U000506,O014236,15,0.0541,0.05,0.6811
U000506,O014236,16,0.045,0.05,0.6811
U000506,O014236,17,0.024,0.05,0.6811
U000506,O014236,18,0.0721,0.05,0.6811
U000506,O014236,19,0.042,0.05,0.6811
U000506,O014236,20,0.0511,0.05,0.6811
U000506,O034236,1,0.6366,0.6811,0.6811
U000506,O034236,2,0.3243,0.3406,0.6811
U000506,O034236,3,0.1832,0.227,0.6811
U000506,O034236,4,0.1862,0.1703,0.6811
U000506,O034236,5,0.1081,0.1362,0.6811
U000506,O034236,6,0.1051,0.1135,0.6811
U000506,O034236,7,0.0751,0.0973,0.6811
U000506,O034236,8,0.0601,0.0851,0.6811
U000506,O034236,9,0.0871,0.0757,0.6811
U000506,O034236,10,0.0511,0.0681,0.6811
U000506,O034236,11,0.0541,0.0619,0.6811
U000506,O034236,12,0.0631,0.0568,0.6811
U000506,O034236,13,0.042,0.0524,0.6811
U000506,O034236,14,0.045,0.05,0.6811
U000506,O034236,15,0.0541,0.05,0.6811
U000506,O034236,16,0.0601,0.05,0.6811
U000506,O034236,17,0.042,0.05,0.6811
U000506,O034236,18,0.048,0.05,0.6811
U000506,O034236,19,0.0541,0.05,0.6811
U000506,O034236,20,0.042,0.05,0.6811
U000506,O044236,1,0.6577,0.6498,0.6498
U000506,O044236,2,0.3093,0.3249,0.6498
U000506,O044236,3,0.2462,0.2166,0.6498
U000506,O044236,4,0.1712,0.1625,0.6498
U000506,O044236,5,0.1471,0.13,0.6498
U000506,O044236,6,0.0991,0.1083,0.6498
U000506,O044236,7,0.0721,0.0928,0.6498
U000506,O044236,8,0.0871,0.0812,0.6498
U000506,O044236,9,0.0661,0.0722,0.6498
U000506,O044236,10,0.0571,0.065,0.6498
U000506,O044236,11,0.0781,0.0591,0.6498
U000506,O044236,12,0.0571,0.0542,0.6498
U000506,O044236,13,0.0511,0.05,0.6498
U000506,O044236,14,0.0601,0.05,0.6498
U000506,O044236,15,0.036,0.05,0.6498
U000506,O044236,16,0.048,0.05,0.6498
U000506,O044236,17,0.0541,0.05,0.6498
U000506,O044236,18,0.045,0.05,0.6498
U000506,O044236,19,0.0631,0.05,0.6498
U000506,O044236,20,0.0541,0.05,0.6498
U000506,O032594,1,0.5826,0.6,0.6
U000506,O032594,2,0.2943,0.3,0.6
U000506,O032594,3,0.1471,0.2,0.6
U000506,O032594,4,0.1471,0.15,0.6
U000506,O032594,5,0.1411,0.12,0.6
U000506,O032594,6,0.0661,0.1,0.6
U000506,O032594,7,0.0871,0.0857,0.6
U000506,O032594,8,0.0841,0.075,0.6
U000506,O032594,9,0.0841,0.0667,0.6
U000506,O032594,10,0.048,0.06,0.6
U000506,O032594,11,0.0541,0.0545,0.6
U000506,O032594,12,0.036,0.05,0.6
U000506,O032594,13,0.0541,0.05,0.6
U000506,O032594,14,0.0691,0.05,0.6
U000506,O032594,15,0.033,0.05,0.6
U000506,O032594,16,0.039,0.05,0.6
U000506,O032594,17,0.0511,0.05,0.6
U000506,O032594,18,0.0631,0.05,0.6
U000506,O032594,19,0.0571,0.05,0.6
U000506,O032594,20,0.0751,0.05,0.6
U000506,O022594,1,0.5886,0.6,0.6
U000506,O022594,2,0.2973,0.3,0.6
U000506,O022594,3,0.2222,0.2,0.6
U000506,O022594,4,0.1351,0.15,0.6
U000506,O022594,5,0.1411,0.12,0.6
U000506,O022594,6,0.1111,0.1,0.6
U000506,O022594,7,0.1021,0.0857,0.6
U000506,O022594,8,0.0871,0.075,0.6
U000506,O022594,9,0.039,0.0667,0.6
U000506,O022594,10,0.0751,0.06,0.6
U000506,O022594,11,0.0631,0.0545,0.6
U000506,O022594,12,0.048,0.05,0.6
U000506,O022594,13,0.0511,0.05,0.6
U000506,O022594,14,0.0511,0.05,0.6
U000506,O022594,15,0.0511,0.05,0.6
U000506,O022594,16,0.027,0.05,0.6
U000506,O022594,17,0.0661,0.05,0.6
U000506,O022594,18,0.03,0.05,0.6
U000506,O022594,19,0.0631,0.05,0.6
U000506,O022594,20,0.048,0.05,0.6
U000506,O002594,1,0.6036,0.6,0.6
U000506,O002594,2,0.2973,0.3,0.6
U000506,O002594,3,0.1742,0.2,0.6
U000506,O002594,4,0.1141,0.15,0.6
U000506,O002594,5,0.1261,0.12,0.6
U000506,O002594,6,0.0811,0.1,0.6
U000506,O002594,7,0.0721,0.0857,0.6
U000506,O002594,8,0.0931,0.075,0.6
U000506,O002594,9,0.1021,0.0667,0.6
U000506,O002594,10,0.0781,0.06,0.6
U000506,O002594,11,0.0541,0.0545,0.6
U000506,O002594,12,0.042,0.05,0.6
U000506,O002594,13,0.048,0.05,0.6
U000506,O002594,14,0.0571,0.05,0.6
U000506,O002594,15,0.042,0.05,0.6
U000506,O002594,16,0.0631,0.05,0.6
U000506,O002594,17,0.0571,0.05,0.6
U000506,O002594,18,0.0661,0.05,0.6
U000506,O002594,19,0.0511,0.05,0.6
U000506,O002594,20,0.0691,0.05,0.6
U000506,O012594,1,0.5916,0.6,0.6
U000506,O012594,2,0.2853,0.3,0.6
U000506,O012594,3,0.1712,0.2,0.6
U000506,O012594,4,0.1652,0.15,0.6
U000506,O012594,5,0.1141,0.12,0.6
U000506,O012594,6,0.0721,0.1,0.6
U000506,O012594,7,0.0661,0.0857,0.6
U000506,O012594,8,0.048,0.075,0.6
U000506,O012594,9,0.0631,0.0667,0.6
U000506,O012594,10,0.0721,0.06,0.6
U000506,O012594,11,0.0841,0.0545,0.6
U000506,O012594,12,0.045,0.05,0.6
U000506,O012594,13,0.048,0.05,0.6
U000506,O012594,14,0.048,0.05,0.6
U000506,O012594,15,0.042,0.05,0.6
U000506,O012594,16,0.03,0.05,0.6
U000506,O012594,17,0.0631,0.05,0.6
U000506,O012594,18,0.0541,0.05,0.6
U000506,O012594,19,0.045,0.05,0.6
U000506,O012594,20,0.042,0.05,0.6
U000310,O011089,1,0.8859,0.8654,0.8654
U000310,O011089,2,0.4685,0.4327,0.8654
U000310,O011089,3,0.2973,0.2885,0.8654
U000310,O011089,4,0.2192,0.2163,0.8654
U000310,O011089,5,0.1562,0.1731,0.8654
U000310,O011089,6,0.1261,0.1442,0.8654
U000310,O011089,7,0.1021,0.1236,0.8654
U000310,O011089,8,0.0931,0.1082,0.8654
U000310,O011089,9,0.1081,0.0962,0.8654
U000310,O011089,10,0.1021,0.0865,0.8654
U000310,O011089,11,0.0961,0.0787,0.8654
U000310,O011089,12,0.0781,0.0721,0.8654
U000310,O011089,13,0.0691,0.0666,0.8654
U000310,O011089,14,0.0691,0.0618,0.8654
U000310,O011089,15,0.0601,0.0577,0.8654
U000310,O011089,16,0.048,0.0541,0.8654
U000310,O011089,17,0.0571,0.0509,0.8654
U000310,O011089,18,0.0511,0.05,0.8654
U000310,O011089,19,0.039,0.05,0.8654
U000310,O011089,20,0.0571,0.05,0.8654
U000310,O001089,1,0.7928,0.822,0.822
U000310,O001089,2,0.4294,0.411,0.822
U000310,O001089,3,0.2673,0.274,0.822
U000310,O001089,4,0.1922,0.2055,0.822
U000310,O001089,5,0.1892,0.1644,0.822
U000310,O001089,6,0.1562,0.137,0.822
U000310,O001089,7,0.1201,0.1174,0.822
U000310,O001089,8,0.1021,0.1027,0.822
U000310,O001089,9,0.0811,0.0913,0.822
U000310,O001089,10,0.0781,0.0822,0.822
U000310,O001089,11,0.0751,0.0747,0.822
U000310,O001089,12,0.0571,0.0685,0.822
U000310,O001089,13,0.048,0.0632,0.822
U000310,O001089,14,0.0871,0.0587,0.822
U000310,O001089,15,0.0901,0.0548,0.822
U000310,O001089,16,0.0781,0.0514,0.822
U000310,O001089,17,0.0541,0.05,0.822
U000310,O001089,18,0.045,0.05,0.822
U000310,O001089,19,0.048,0.05,0.822
U000310,O001089,20,0.0571,0.05,0.822
U000310,O031089,1,0.7568,0.7945,0.7945
U000310,O031089,2,0.3814,0.3972,0.7945
U000310,O031089,3,0.2733,0.2648,0.7945
U000310,O031089,4,0.1952,0.1986,0.7945
U000310,O031089,5,0.1502,0.1589,0.7945
U000310,O031089,6,0.1201,0.1324,0.7945
U000310,O031089,7,0.0871,0.1135,0.7945
U000310,O031089,8,0.0661,0.0993,0.7945
U000310,O031089,9,0.0991,0.0883,0.7945
U000310,O031089,10,0.0811,0.0794,0.7945
U000310,O031089,11,0.0601,0.0722,0.7945
U000310,O031089,12,0.0511,0.0662,0.7945
U000310,O031089,13,0.0571,0.0611,0.7945
U000310,O031089,14,0.048,0.0567,0.7945
U000310,O031089,15,0.0661,0.053,0.7945
U000310,O031089,16,0.0631,0.05,0.7945
U000310,O031089,17,0.0691,0.05,0.7945
U000310,O031089,18,0.048,0.05,0.7945
U000310,O031089,19,0.042,0.05,0.7945
U000310,O031089,20,0.033,0.05,0.7945
U000310,O042582,1,0.7508,0.7689,0.7689
U000310,O042582,2,0.3934,0.3844,0.7689
U000310,O042582,3,0.2703,0.2563,0.7689
U000310,O042582,4,0.1682,0.1922,0.7689
U000310,O042582,5,0.1411,0.1538,0.7689
U000310,O042582,6,0.1291,0.1281,0.7689
U000310,O042582,7,0.1291,0.1098,0.7689
U000310,O042582,8,0.1021,0.0961,0.7689
U000310,O042582,9,0.0811,0.0854,0.7689
U000310,O042582,10,0.045,0.0769,0.7689
U000310,O042582,11,0.0781,0.0699,0.7689
U000310,O042582,12,0.036,0.0641,0.7689
U000310,O042582,13,0.048,0.0591,0.7689
U000310,O042582,14,0.0661,0.0549,0.7689
U000310,O042582,15,0.0511,0.0513,0.7689
U000310,O042582,16,0.0631,0.05,0.7689
U000310,O042582,17,0.048,0.05,0.7689
U000310,O042582,18,0.0511,0.05,0.7689
U000310,O042582,19,0.045,0.05,0.7689
U000310,O042582,20,0.0601,0.05,0.7689
U000310,O017848,1,0.7447,0.7626,0.7626
U000310,O017848,2,0.4114,0.3813,0.7626
U000310,O017848,3,0.2643,0.2542,0.7626
U000310,O017848,4,0.1922,0.1907,0.7626
U000310,O017848,5,0.1171,0.1525,0.7626
U000310,O017848,6,0.1351,0.1271,0.7626
U000310,O017848,7,0.1051,0.1089,0.7626
U000310,O017848,8,0.0991,0.0953,0.7626
U000310,O017848,9,0.0901,0.0847,0.7626
U000310,O017848,10,0.0961,0.0763,0.7626
U000310,O017848,11,0.0541,0.0693,0.7626
U000310,O017848,12,0.042,0.0636,0.7626
U000310,O017848,13,0.0781,0.0587,0.7626
U000310,O017848,14,0.0511,0.0545,0.7626
U000310,O017848,15,0.0571,0.0508,0.7626
U000310,O017848,16,0.024,0.05,0.7626
U000310,O017848,17,0.045,0.05,0.7626
U000310,O017848,18,0.03,0.05,0.7626
U000310,O017848,19,0.048,0.05,0.7626
U000310,O017848,20,0.036,0.05,0.7626
U000310,O014236,1,0.8078,0.7613,0.7613
U000310,O014236,2,0.3994,0.3806,0.7613
U000310,O014236,3,0.2733,0.2538,0.7613
U000310,O014236,4,0.1862,0.1903,0.7613
U000310,O014236,5,0.1471,0.1523,0.7613
U000310,O014236,6,0.1261,0.1269,0.7613
U000310,O014236,7,0.1381,0.1088,0.7613
U000310,O014236,8,0.1081,0.0952,0.7613
U000310,O014236,9,0.0811,0.0846,0.7613
U000310,O014236,10,0.0931,0.0761,0.7613
U000310,O014236,11,0.045,0.0692,0.7613
U000310,O014236,12,0.0661,0.0634,0.7613
U000310,O014236,13,0.0691,0.0586,0.7613
U000310,O014236,14,0.0781,0.0544,0.7613
U000310,O014236,15,0.0541,0.0508,0.7613
U000310,O014236,16,0.0541,0.05,0.7613
U000310,O014236,17,0.0541,0.05,0.7613
U000310,O014236,18,0.039,0.05,0.7613
U000310,O014236,19,0.0511,0.05,0.7613
U000310,O014236,20,0.045,0.05,0.7613
U000310,O004236,1,0.7658,0.7613,0.7613
U000310,O004236,2,0.3904,0.3806,0.7613
U000310,O004236,3,0.2613,0.2538,0.7613
U000310,O004236,4,0.1892,0.1903,0.7613
U000310,O004236,5,0.1622,0.1523,0.7613
U000310,O004236,6,0.1201,0.1269,0.7613
U000310,O004236,7,0.1201,0.1088,0.7613
U000310,O004236,8,0.1291,0.0952,0.7613
U000310,O004236,9,0.0751,0.0846,0.7613
U000310,O004236,10,0.1051,0.0761,0.7613
U000310,O004236,11,0.045,0.0692,0.7613
U000310,O004236,12,0.0601,0.0634,0.7613
U000310,O004236,13,0.0721,0.0586,0.7613
U000310,O004236,14,0.045,0.0544,0.7613
U000310,O004236,15,0.048,0.0508,0.7613
U000310,O004236,16,0.036,0.05,0.7613
U000310,O004236,17,0.039,0.05,0.7613
U000310,O004236,18,0.027,0.05,0.7613
U000310,O004236,19,0.0571,0.05,0.7613
U000310,O004236,20,0.0571,0.05,0.7613
U000310,O037848,1,0.7387,0.7602,0.7602
U000310,O037848,2,0.3483,0.3801,0.7602
U000310,O037848,3,0.2252,0.2534,0.7602
U000310,O037848,4,0.1862,0.19,0.7602
U000310,O037848,5,0.1471,0.152,0.7602
U000310,O037848,6,0.1381,0.1267,0.7602
U000310,O037848,7,0.1321,0.1086,0.7602
U000310,O037848,8,0.0781,0.095,0.7602
U000310,O037848,9,0.1021,0.0845,0.7602
U000310,O037848,10,0.0751,0.076,0.7602
U000310,O037848,11,0.0721,0.0691,0.7602
U000310,O037848,12,0.0631,0.0633,0.7602
U000310,O037848,13,0.033,0.0585,0.7602
U000310,O037848,14,0.0601,0.0543,0.7602
U000310,O037848,15,0.036,0.0507,0.7602
U000310,O037848,16,0.048,0.05,0.7602
U000310,O037848,17,0.0601,0.05,0.7602
U000310,O037848,18,0.048,0.05,0.7602
U000310,O037848,19,0.0541,0.05,0.7602
U000310,O037848,20,0.0571,0.05,0.7602
U000310,O027848,1,0.7748,0.7583,0.7583
U000310,O027848,2,0.4054,0.3792,0.7583
U000310,O027848,3,0.2402,0.2528,0.7583
U000310,O027848,4,0.1952,0.1896,0.7583
U000310,O027848,5,0.1562,0.1517,0.7583
U000310,O027848,6,0.1471,0.1264,0.7583
U000310,O027848,7,0.1231,0.1083,0.7583
U000310,O027848,8,0.1291,0.0948,0.7583
U000310,O027848,9,0.0931,0.0843,0.7583
U000310,O027848,10,0.0511,0.0758,0.7583
U000310,O027848,11,0.0751,0.0689,0.7583
U000310,O027848,12,0.0631,0.0632,0.7583
U000310,O027848,13,0.0661,0.0583,0.7583
U000310,O027848,14,0.033,0.0542,0.7583
U000310,O027848,15,0.036,0.0506,0.7583
U000310,O027848,16,0.045,0.05,0.7583
U000310,O027848,17,0.0601,0.05,0.7583
U000310,O027848,18,0.0661,0.05,0.7583
U000310,O027848,19,0.0781,0.05,0.7583
U000310,O027848,20,0.0541,0.05,0.7583
U000310,O012582,1,0.7628,0.7506,0.7506
U000310,O012582,2,0.3393,0.3753,0.7506
U000310,O012582,3,0.2402,0.2502,0.7506
U000310,O012582,4,0.2042,0.1877,0.7506
U000310,O012582,5,0.1351,0.1501,0.7506
U000310,O012582,6,0.1291,0.1251,0.7506
U000310,O012582,7,0.1021,0.1072,0.7506
U000310,O012582,8,0.0991,0.0938,0.7506
U000310,O012582,9,0.0721,0.0834,0.7506
U000310,O012582,10,0.0841,0.0751,0.7506
U000310,O012582,11,0.0661,0.0682,0.7506
U000310,O012582,12,0.0751,0.0626,0.7506
U000310,O012582,13,0.0631,0.0577,0.7506
U000310,O012582,14,0.048,0.0536,0.7506
U000310,O012582,15,0.0541,0.05,0.7506
U000310,O012582,16,0.033,0.05,0.7506
U000310,O012582,17,0.048,0.05,0.7506
U000310,O012582,18,0.039,0.05,0.7506
U000310,O012582,19,0.027,0.05,0.7506
U000310,O012582,20,0.048,0.05,0.7506
U000310,O021089,1,0.6967,0.7337,0.7337
U000310,O021089,2,0.3904,0.3668,0.7337
U000310,O021089,3,0.2402,0.2446,0.7337
U000310,O021089,4,0.1862,0.1834,0.7337
U000310,O021089,5,0.1622,0.1467,0.7337
U000310,O021089,6,0.1111,0.1223,0.7337
U000310,O021089,7,0.1051,0.1048,0.7337
U000310,O021089,8,0.1051,0.0917,0.7337
U000310,O021089,9,0.0811,0.0815,0.7337
U000310,O021089,10,0.0721,0.0734,0.7337
U000310,O021089,11,0.0781,0.0667,0.7337
U000310,O021089,12,0.0571,0.0611,0.7337
U000310,O021089,13,0.0601,0.0564,0.7337
U000310,O021089,14,0.0601,0.0524,0.7337
U000310,O021089,15,0.0811,0.05,0.7337
U000310,O021089,16,0.042,0.05,0.7337
U000310,O021089,17,0.0811,0.05,0.7337
U000310,O021089,18,0.042,0.05,0.7337
U000310,O021089,19,0.042,0.05,0.7337
U000310,O021089,20,0.045,0.05,0.7337
U000310,O047848,1,0.7207,0.7291,0.7291
U000310,O047848,2,0.3844,0.3646,0.7291
U000310,O047848,3,0.2282,0.243,0.7291
U000310,O047848,4,0.1592,0.1823,0.7291
U000310,O047848,5,0.1532,0.1458,0.7291
U000310,O047848,6,0.1141,0.1215,0.7291
U000310,O047848,7,0.1171,0.1042,0.7291
U000310,O047848,8,0.0901,0.0911,0.7291
U000310,O047848,9,0.0811,0.081,0.7291
U000310,O047848,10,0.1081,0.0729,0.7291
U000310,O047848,11,0.03,0.0663,0.7291
U000310,O047848,12,0.0691,0.0608,0.7291
U000310,O047848,13,0.0511,0.0561,0.7291
U000310,O047848,14,0.048,0.0521,0.7291
U000310,O047848,15,0.045,0.05,0.7291
U000310,O047848,16,0.0571,0.05,0.7291
U000310,O047848,17,0.0631,0.05,0.7291
U000310,O047848,18,0.036,0.05,0.7291
U000310,O047848,19,0.0541,0.05,0.7291
U000310,O047848,20,0.018,0.05,0.7291
U000310,O024236,1,0.6967,0.7213,0.7213
U000310,O024236,2,0.3844,0.3607,0.7213
U000310,O024236,3,0.2553,0.2404,0.7213
U000310,O024236,4,0.1982,0.1803,0.7213
U000310,O024236,5,0.1532,0.1443,0.7213
U000310,O024236,6,0.1471,0.1202,0.7213
U000310,O024236,7,0.1141,0.103,0.7213
U000310,O024236,8,0.0841,0.0902,0.7213
U000310,O024236,9,0.0811,0.0801,0.7213
U000310,O024236,10,0.0841,0.0721,0.7213
U000310,O024236,11,0.0571,0.0656,0.7213
U000310,O024236,12,0.048,0.0601,0.7213
U000310,O024236,13,0.0571,0.0555,0.7213
U000310,O024236,14,0.039,0.0515,0.7213
U000310,O024236,15,0.0781,0.05,0.7213
U000310,O024236,16,0.045,0.05,0.7213
U000310,O024236,17,0.048,0.05,0.7213
U000310,O024236,18,0.0541,0.05,0.7213
U000310,O024236,19,0.042,0.05,0.7213
U000310,O024236,20,0.042,0.05,0.7213
U000310,O044236,1,0.7387,0.7213,0.7213
U000310,O044236,2,0.3003,0.3607,0.7213
U000310,O044236,3,0.2222,0.2404,0.7213
U000310,O044236,4,0.1922,0.1803,0.7213
U000310,O044236,5,0.1471,0.1443,0.7213
U000310,O044236,6,0.1231,0.1202,0.7213
U000310,O044236,7,0.0961,0.103,0.7213
U000310,O044236,8,0.0751,0.0902,0.7213
U000310,O044236,9,0.0841,0.0801,0.7213
U000310,O044236,10,0.0901,0.0721,0.7213
U000310,O044236,11,0.048,0.0656,0.7213
U000310,O044236,12,0.0601,0.0601,0.7213
U000310,O044236,13,0.0661,0.0555,0.7213
U000310,O044236,14,0.045,0.0515,0.7213
U000310,O044236,15,0.0601,0.05,0.7213
U000310,O044236,16,0.048,0.05,0.7213
U000310,O044236,17,0.045,0.05,0.7213
U000310,O044236,18,0.039,0.05,0.7213
U000310,O044236,19,0.0871,0.05,0.7213
U000310,O044236,20,0.0511,0.05,0.7213
U000310,O002582,1,0.7177,0.6945,0.6945
U000310,O002582,2,0.3874,0.3472,0.6945
U000310,O002582,3,0.2312,0.2315,0.6945
U000310,O002582,4,0.1471,0.1736,0.6945
U000310,O002582,5,0.1351,0.1389,0.6945
U000310,O002582,6,0.1141,0.1157,0.6945
U000310,O002582,7,0.0841,0.0992,0.6945
U000310,O002582,8,0.0931,0.0868,0.6945
U000310,O002582,9,0.0781,0.0772,0.6945
U000310,O002582,10,0.0751,0.0694,0.6945
U000310,O002582,11,0.0721,0.0631,0.6945
U000310,O002582,12,0.0691,0.0579,0.6945
U000310,O002582,13,0.042,0.0534,0.6945
U000310,O002582,14,0.0571,0.05,0.6945
U000310,O002582,15,0.0631,0.05,0.6945
U000310,O002582,16,0.042,0.05,0.6945
U000310,O002582,17,0.0631,0.05,0.6945
U000310,O002582,18,0.036,0.05,0.6945
U000310,O002582,19,0.0541,0.05,0.6945
U000310,O002582,20,0.033,0.05,0.6945
U000310,O022582,1,0.6216,0.6521,0.6521
U000310,O022582,2,0.3453,0.326,0.6521
U000310,O022582,3,0.2072,0.2174,0.6521
U000310,O022582,4,0.1592,0.163,0.6521
U000310,O022582,5,0.1201,0.1304,0.6521
U000310,O022582,6,0.1051,0.1087,0.6521
U000310,O022582,7,0.0871,0.0932,0.6521
U000310,O022582,8,0.0781,0.0815,0.6521
U000310,O022582,9,0.0751,0.0725,0.6521
U000310,O022582,10,0.0721,0.0652,0.6521
U000310,O022582,11,0.0691,0.0593,0.6521
U000310,O022582,12,0.0571,0.0543,0.6521
U000310,O022582,13,0.0511,0.0502,0.6521
U000310,O022582,14,0.0571,0.05,0.6521
U000310,O022582,15,0.0751,0.05,0.6521
U000310,O022582,16,0.045,0.05,0.6521
U000310,O022582,17,0.042,0.05,0.6521
U000310,O022582,18,0.0601,0.05,0.6521
U000310,O022582,19,0.0511,0.05,0.6521
U000310,O022582,20,0.0571,0.05,0.6521
U000310,O012594,1,0.6276,0.6,0.6
U000310,O012594,2,0.2583,0.3,0.6
U000310,O012594,3,0.2012,0.2,0.6
U000310,O012594,4,0.1592,0.15,0.6
U000310,O012594,5,0.0931,0.12,0.6
U000310,O012594,6,0.0721,0.1,0.6
U000310,O012594,7,0.0841,0.0857,0.6
U000310,O012594,8,0.0661,0.075,0.6
U000310,O012594,9,0.033,0.0667,0.6
U000310,O012594,10,0.0601,0.06,0.6
U000310,O012594,11,0.0691,0.0545,0.6
U000310,O012594,12,0.048,0.05,0.6
U000310,O012594,13,0.0511,0.05,0.6
U000310,O012594,14,0.0691,0.05,0.6
U000310,O012594,15,0.036,0.05,0.6
U000310,O012594,16,0.0541,0.05,0.6
U000310,O012594,17,0.036,0.05,0.6
U000310,O012594,18,0.0511,0.05,0.6
U000310,O012594,19,0.0571,0.05,0.6
U000310,O012594,20,0.0661,0.05,0.6
U000310,O032594,1,0.5916,0.6,0.6
U000310,O032594,2,0.3213,0.3,0.6
U000310,O032594,3,0.2072,0.2,0.6
U000310,O032594,4,0.1712,0.15,0.6
U000310,O032594,5,0.1411,0.12,0.6
U000310,O032594,6,0.1141,0.1,0.6
U000310,O032594,7,0.0841,0.0857,0.6
U000310,O032594,8,0.0901,0.075,0.6
U000310,O032594,9,0.0871,0.0667,0.6
U000310,O032594,10,0.0601,0.06,0.6
U000310,O032594,11,0.0541,0.0545,0.6
U000310,O032594,12,0.0511,0.05,0.6
U000310,O032594,13,0.0541,0.05,0.6
U000310,O032594,14,0.0721,0.05,0.6
U000310,O032594,15,0.042,0.05,0.6
U000310,O032594,16,0.0511,0.05,0.6
U000310,O032594,17,0.036,0.05,0.6
U000310,O032594,18,0.039,0.05,0.6
U000310,O032594,19,0.0511,0.05,0.6
U000310,O032594,20,0.0571,0.05,0.6
U000310,O022594,1,0.6577,0.6,0.6
U000310,O022594,2,0.2943,0.3,0.6
U000310,O022594,3,0.1862,0.2,0.6
U000310,O022594,4,0.1562,0.15,0.6
U000310,O022594,5,0.1051,0.12,0.6
U000310,O022594,6,0.0841,0.1,0.6
U000310,O022594,7,0.0811,0.0857,0.6
U000310,O022594,8,0.0871,0.075,0.6
U000310,O022594,9,0.0601,0.0667,0.6
U000310,O022594,10,0.0721,0.06,0.6
U000310,O022594,11,0.045,0.0545,0.6
U000310,O022594,12,0.0601,0.05,0.6
U000310,O022594,13,0.0661,0.05,0.6
U000310,O022594,14,0.0661,0.05,0.6
U000310,O022594,15,0.048,0.05,0.6
U000310,O022594,16,0.0661,0.05,0.6
U000310,O022594,17,0.0511,0.05,0.6
U000310,O022594,18,0.045,0.05,0.6
U000310,O022594,19,0.0601,0.05,0.6
U000310,O022594,20,0.0541,0.05,0.6
U000310,O002594,1,0.5916,0.6,0.6
U000310,O002594,2,0.3063,0.3,0.6
U000310,O002594,3,0.2102,0.2,0.6
U000310,O002594,4,0.1321,0.15,0.6
U000310,O002594,5,0.1141,0.12,0.6
U000310,O002594,6,0.0901,0.1,0.6
U000310,O002594,7,0.0871,0.0857,0.6
U000310,O002594,8,0.0991,0.075,0.6
U000310,O002594,9,0.0691,0.0667,0.6
U000310,O002594,10,0.0841,0.06,0.6
U000310,O002594,11,0.0571,0.0545,0.6
U000310,O002594,12,0.03,0.05,0.6
U000310,O002594,13,0.042,0.05,0.6
U000310,O002594,14,0.039,0.05,0.6
U000310,O002594,15,0.045,0.05,0.6
U000310,O002594,16,0.0511,0.05,0.6
U000310,O002594,17,0.042,0.05,0.6
U000310,O002594,18,0.039,0.05,0.6
U000310,O002594,19,0.0601,0.05,0.6
U000310,O002594,20,0.039,0.05,0.6
U000980,O012594,1,0.7598,0.7349,0.7349
U000980,O012594,2,0.3844,0.3674,0.7349
U000980,O012594,3,0.2763,0.245,0.7349
U000980,O012594,4,0.1922,0.1837,0.7349
U000980,O012594,5,0.1291,0.147,0.7349
U000980,O012594,6,0.1081,0.1225,0.7349
U000980,O012594,7,0.1081,0.105,0.7349
U000980,O012594,8,0.1351,0.0919,0.7349
U000980,O012594,9,0.0631,0.0817,0.7349
U000980,O012594,10,0.0601,0.0735,0.7349
U000980,O012594,11,0.0691,0.0668,0.7349
U000980,O012594,12,0.0721,0.0612,0.7349
U000980,O012594,13,0.048,0.0565,0.7349
U000980,O012594,14,0.0691,0.0525,0.7349
U000980,O012594,15,0.03,0.05,0.7349
U000980,O012594,16,0.042,0.05,0.7349
U000980,O012594,17,0.033,0.05,0.7349
U000980,O012594,18,0.0571,0.05,0.7349
U000980,O012594,19,0.0511,0.05,0.7349
U000980,O012594,20,0.048,0.05,0.7349
U000980,O042594,1,0.7447,0.7322,0.7322
U000980,O042594,2,0.3333,0.3661,0.7322
U000980,O042594,3,0.2402,0.2441,0.7322
U000980,O042594,4,0.1592,0.183,0.7322
U000980,O042594,5,0.1051,0.1464,0.7322
U000980,O042594,6,0.1171,0.122,0.7322
U000980,O042594,7,0.1231,0.1046,0.7322
U000980,O042594,8,0.1081,0.0915,0.7322
U000980,O042594,9,0.0721,0.0814,0.7322
U000980,O042594,10,0.039,0.0732,0.7322
U000980,O042594,11,0.0511,0.0666,0.7322
U000980,O042594,12,0.0661,0.061,0.7322
U000980,O042594,13,0.048,0.0563,0.7322
U000980,O042594,14,0.0601,0.0523,0.7322
U000980,O042594,15,0.0541,0.05,0.7322
U000980,O042594,16,0.033,0.05,0.7322
U000980,O042594,17,0.0631,0.05,0.7322
U000980,O042594,18,0.0601,0.05,0.7322
U000980,O042594,19,0.0541,0.05,0.7322
U000980,O042594,20,0.0781,0.05,0.7322
U000980,O032594,1,0.7538,0.7297,0.7297
U000980,O032594,2,0.3423,0.3648,0.7297
U000980,O032594,3,0.2793,0.2432,0.7297
U000980,O032594,4,0.1772,0.1824,0.7297
U000980,O032594,5,0.1171,0.1459,0.7297
U000980,O032594,6,0.1532,0.1216,0.7297
U000980,O032594,7,0.0931,0.1042,0.7297
U000980,O032594,8,0.0571,0.0912,0.7297
U000980,O032594,9,0.0751,0.0811,0.7297
U000980,O032594,10,0.0781,0.073,0.7297
U000980,O032594,11,0.0631,0.0663,0.7297
U000980,O032594,12,0.039,0.0608,0.7297
U000980,O032594,13,0.0811,0.0561,0.7297
U000980,O032594,14,0.0631,0.0521,0.7297
U000980,O032594,15,0.0571,0.05,0.7297
U000980,O032594,16,0.0661,0.05,0.7297
U000980,O032594,17,0.048,0.05,0.7297
U000980,O032594,18,0.0601,0.05,0.7297
U000980,O032594,19,0.045,0.05,0.7297
U000980,O032594,20,0.0571,0.05,0.7297
U000980,O002594,1,0.7538,0.7165,0.7165
U000980,O002594,2,0.3393,0.3582,0.7165
U000980,O002594,3,0.2583,0.2388,0.7165
U000980,O002594,4,0.1892,0.1791,0.7165
U000980,O002594,5,0.1502,0.1433,0.7165
U000980,O002594,6,0.1051,0.1194,0.7165
U000980,O002594,7,0.1171,0.1024,0.7165
U000980,O002594,8,0.0961,0.0896,0.7165
U000980,O002594,9,0.0661,0.0796,0.7165
U000980,O002594,10,0.0751,0.0716,0.7165
U000980,O002594,11,0.042,0.0651,0.7165
U000980,O002594,12,0.0631,0.0597,0.7165
U000980,O002594,13,0.0541,0.0551,0.7165
U000980,O002594,14,0.0511,0.0512,0.7165
U000980,O002594,15,0.03,0.05,0.7165
U000980,O002594,16,0.048,0.05,0.7165
U000980,O002594,17,0.0571,0.05,0.7165
U000980,O002594,18,0.0781,0.05,0.7165
U000980,O002594,19,0.0571,0.05,0.7165
U000980,O002594,20,0.0661,0.05,0.7165
U000980,O001089,1,0.6517,0.6658,0.6658
U000980,O001089,2,0.3604,0.3329,0.6658
U000980,O001089,3,0.2102,0.2219,0.6658
U000980,O001089,4,0.1682,0.1665,0.6658
U000980,O001089,5,0.1471,0.1332,0.6658
U000980,O001089,6,0.0751,0.111,0.6658
U000980,O001089,7,0.0841,0.0951,0.6658
U000980,O001089,8,0.0781,0.0832,0.6658
U000980,O001089,9,0.0871,0.074,0.6658
U000980,O001089,10,0.0571,0.0666,0.6658
U000980,O001089,11,0.0721,0.0605,0.6658
U000980,O001089,12,0.0511,0.0555,0.6658
U000980,O001089,13,0.048,0.0512,0.6658
U000980,O001089,14,0.03,0.05,0.6658
U000980,O001089,15,0.0541,0.05,0.6658
U000980,O001089,16,0.0631,0.05,0.6658
U000980,O001089,17,0.0541,0.05,0.6658
U000980,O001089,18,0.036,0.05,0.6658
U000980,O001089,19,0.039,0.05,0.6658
U000980,O001089,20,0.039,0.05,0.6658
U000980,O007848,1,0.6486,0.6604,0.6604
U000980,O007848,2,0.3514,0.3302,0.6604
U000980,O007848,3,0.2312,0.2201,0.6604
U000980,O007848,4,0.1592,0.1651,0.6604
U000980,O007848,5,0.1081,0.1321,0.6604
U000980,O007848,6,0.1141,0.1101,0.6604
U000980,O007848,7,0.0901,0.0943,0.6604
U000980,O007848,8,0.0871,0.0826,0.6604
U000980,O007848,9,0.0721,0.0734,0.6604
U000980,O007848,10,0.0571,0.066,0.6604
U000980,O007848,11,0.048,0.06,0.6604
U000980,O007848,12,0.0841,0.055,0.6604
U000980,O007848,13,0.0601,0.0508,0.6604
U000980,O007848,14,0.027,0.05,0.6604
U000980,O007848,15,0.039,0.05,0.6604
U000980,O007848,16,0.0631,0.05,0.6604
U000980,O007848,17,0.039,0.05,0.6604
U000980,O007848,18,0.0571,0.05,0.6604
U000980,O007848,19,0.048,0.05,0.6604
U000980,O007848,20,0.0601,0.05,0.6604
U000980,O042582,1,0.6366,0.6598,0.6598
U000980,O042582,2,0.3574,0.3299,0.6598
U000980,O042582,3,0.2042,0.2199,0.6598
U000980,O042582,4,0.1802,0.165,0.6598
U000980,O042582,5,0.1622,0.132,0.6598
U000980,O042582,6,0.1321,0.11,0.6598
U000980,O042582,7,0.1111,0.0943,0.6598
U000980,O042582,8,0.0631,0.0825,0.6598
U000980,O042582,9,0.0691,0.0733,0.6598
U000980,O042582,10,0.0571,0.066,0.6598
U000980,O042582,11,0.0511,0.06,0.6598
U000980,O042582,12,0.036,0.055,0.6598
U000980,O042582,13,0.036,0.0508,0.6598
U000980,O042582,14,0.039,0.05,0.6598
U000980,O042582,15,0.0541,0.05,0.6598
U000980,O042582,16,0.0511,0.05,0.6598
U000980,O042582,17,0.0511,0.05,0.6598
U000980,O042582,18,0.0661,0.05,0.6598
U000980,O042582,19,0.0511,0.05,0.6598
U000980,O042582,20,0.0511,0.05,0.6598
U000980,O041089,1,0.5375,0.565,0.565
U000980,O041089,2,0.2613,0.2825,0.565
U000980,O041089,3,0.1952,0.1883,0.565
U000980,O041089,4,0.1381,0.1413,0.565
U000980,O041089,5,0.1111,0.113,0.565
U000980,O041089,6,0.1141,0.0942,0.565
U000980,O041089,7,0.0991,0.0807,0.565
U000980,O041089,8,0.0691,0.0706,0.565
U000980,O041089,9,0.0571,0.0628,0.565
U000980,O041089,10,0.0661,0.0565,0.565
U000980,O041089,11,0.048,0.0514,0.565
U000980,O041089,12,0.045,0.05,0.565
U000980,O041089,13,0.0781,0.05,0.565
U000980,O041089,14,0.039,0.05,0.565
U000980,O041089,15,0.0721,0.05,0.565
U000980,O041089,16,0.0601,0.05,0.565
U000980,O041089,17,0.0571,0.05,0.565
U000980,O041089,18,0.048,0.05,0.565
U000980,O041089,19,0.048,0.05,0.565
U000980,O041089,20,0.033,0.05,0.565
U000980,O032582,1,0.6156,0.5649,0.5649
U000980,O032582,2,0.2462,0.2825,0.5649
U000980,O032582,3,0.1532,0.1883,0.5649
U000980,O032582,4,0.1411,0.1412,0.5649
U000980,O032582,5,0.0931,0.113,0.5649
U000980,O032582,6,0.0871,0.0942,0.5649
U000980,O032582,7,0.0601,0.0807,0.5649
U000980,O032582,8,0.0691,0.0706,0.5649
U000980,O032582,9,0.0841,0.0628,0.5649
U000980,O032582,10,0.045,0.0565,0.5649
U000980,O032582,11,0.0661,0.0514,0.5649
U000980,O032582,12,0.042,0.05,0.5649
U000980,O032582,13,0.045,0.05,0.5649
U000980,O032582,14,0.042,0.05,0.5649
U000980,O032582,15,0.0541,0.05,0.5649
U000980,O032582,16,0.045,0.05,0.5649
U000980,O032582,17,0.045,0.05,0.5649
U000980,O032582,18,0.0601,0.05,0.5649
U000980,O032582,19,0.045,0.05,0.5649
U000980,O032582,20,0.0661,0.05,0.5649
U000980,O021089,1,0.5465,0.5643,0.5643
U000980,O021089,2,0.2733,0.2822,0.5643
U000980,O021089,3,0.1742,0.1881,0.5643
U000980,O021089,4,0.1532,0.1411,0.5643
U000980,O021089,5,0.1081,0.1129,0.5643
U000980,O021089,6,0.1111,0.0941,0.5643
U000980,O021089,7,0.0931,0.0806,0.5643
U000980,O021089,8,0.0631,0.0705,0.5643
U000980,O021089,9,0.0541,0.0627,0.5643
U000980,O021089,10,0.036,0.0564,0.5643
U000980,O021089,11,0.0721,0.0513,0.5643
U000980,O021089,12,0.0601,0.05,0.5643
U000980,O021089,13,0.045,0.05,0.5643
U000980,O021089,14,0.048,0.05,0.5643
U000980,O021089,15,0.0541,0.05,0.5643
U000980,O021089,16,0.0931,0.05,0.5643
U000980,O021089,17,0.0631,0.05,0.5643
U000980,O021089,18,0.045,0.05,0.5643
U000980,O021089,19,0.0661,0.05,0.5643
U000980,O021089,20,0.0541,0.05,0.5643
U000980,O022582,1,0.5255,0.562,0.562
U000980,O022582,2,0.2883,0.281,0.562
U000980,O022582,3,0.1652,0.1873,0.562
U000980,O022582,4,0.1321,0.1405,0.562
U000980,O022582,5,0.1021,0.1124,0.562
U000980,O022582,6,0.0931,0.0937,0.562
U000980,O022582,7,0.0601,0.0803,0.562
U000980,O022582,8,0.0691,0.0702,0.562
U000980,O022582,9,0.0691,0.0624,0.562
U000980,O022582,10,0.0601,0.0562,0.562
U000980,O022582,11,0.0601,0.0511,0.562
U000980,O022582,12,0.0691,0.05,0.562
U000980,O022582,13,0.0721,0.05,0.562
U000980,O022582,14,0.036,0.05,0.562
U000980,O022582,15,0.0631,0.05,0.562
U000980,O022582,16,0.0691,0.05,0.562
U000980,O022582,17,0.045,0.05,0.562
U000980,O022582,18,0.042,0.05,0.562
U000980,O022582,19,0.045,0.05,0.562
U000980,O022582,20,0.0571,0.05,0.562
U000980,O017848,1,0.5405,0.5573,0.5573
U000980,O017848,2,0.3363,0.2786,0.5573
U000980,O017848,3,0.2012,0.1858,0.5573
U000980,O017848,4,0.1682,0.1393,0.5573
U000980,O017848,5,0.1171,0.1115,0.5573
U000980,O017848,6,0.0931,0.0929,0.5573
U000980,O017848,7,0.0751,0.0796,0.5573
U000980,O017848,8,0.048,0.0697,0.5573
U000980,O017848,9,0.048,0.0619,0.5573
U000980,O017848,10,0.0601,0.0557,0.5573
U000980,O017848,11,0.045,0.0507,0.5573
U000980,O017848,12,0.0541,0.05,0.5573
U000980,O017848,13,0.0601,0.05,0.5573
U000980,O017848,14,0.048,0.05,0.5573
U000980,O017848,15,0.024,0.05,0.5573
U000980,O017848,16,0.0511,0.05,0.5573
U000980,O017848,17,0.0631,0.05,0.5573
U000980,O017848,18,0.0511,0.05,0.5573
U000980,O017848,19,0.0511,0.05,0.5573
U000980,O017848,20,0.045,0.05,0.5573
U000980,O037848,1,0.5135,0.557,0.557
U000980,O037848,2,0.2432,0.2785,0.557
U000980,O037848,3,0.2132,0.1857,0.557
U000980,O037848,4,0.1261,0.1392,0.557
U000980,O037848,5,0.1141,0.1114,0.557
U000980,O037848,6,0.1081,0.0928,0.557
U000980,O037848,7,0.0931,0.0796,0.557
U000980,O037848,8,0.0691,0.0696,0.557
U000980,O037848,9,0.0751,0.0619,0.557
U000980,O037848,10,0.039,0.0557,0.557
U000980,O037848,11,0.048,0.0506,0.557
U000980,O037848,12,0.042,0.05,0.557
U000980,O037848,13,0.0511,0.05,0.557
U000980,O037848,14,0.048,0.05,0.557
U000980,O037848,15,0.048,0.05,0.557
U000980,O037848,16,0.045,0.05,0.557
U000980,O037848,17,0.048,0.05,0.557
U000980,O037848,18,0.0571,0.05,0.557
U000980,O037848,19,0.036,0.05,0.557
U000980,O037848,20,0.0541,0.05,0.557
U000980,O027848,1,0.5676,0.5567,0.5567
U000980,O027848,2,0.2492,0.2784,0.5567
U000980,O027848,3,0.1652,0.1856,0.5567
U000980,O027848,4,0.1502,0.1392,0.5567
U000980,O027848,5,0.1411,0.1114,0.5567
U000980,O027848,6,0.0751,0.0928,0.5567
U000980,O027848,7,0.0841,0.0795,0.5567
U000980,O027848,8,0.0661,0.0696,0.5567
U000980,O027848,9,0.039,0.0619,0.5567
U000980,O027848,10,0.0691,0.0557,0.5567
U000980,O027848,11,0.048,0.0506,0.5567
U000980,O027848,12,0.039,0.05,0.5567
U000980,O027848,13,0.045,0.05,0.5567
U000980,O027848,14,0.03,0.05,0.5567
U000980,O027848,15,0.0601,0.05,0.5567
U000980,O027848,16,0.045,0.05,0.5567
U000980,O027848,17,0.042,0.05,0.5567
U000980,O027848,18,0.036,0.05,0.5567
U000980,O027848,19,0.048,0.05,0.5567
U000980,O027848,20,0.0571,0.05,0.5567
U000980,O031089,1,0.5375,0.5566,0.5566
U000980,O031089,2,0.2883,0.2783,0.5566
U000980,O031089,3,0.1802,0.1855,0.5566
U000980,O031089,4,0.1351,0.1391,0.5566
U000980,O031089,5,0.1231,0.1113,0.5566
U000980,O031089,6,0.0631,0.0928,0.5566
U000980,O031089,7,0.0601,0.0795,0.5566
U000980,O031089,8,0.0601,0.0696,0.5566
U000980,O031089,9,0.0661,0.0618,0.5566
U000980,O031089,10,0.0661,0.0557,0.5566
U000980,O031089,11,0.048,0.0506,0.5566
U000980,O031089,12,0.0601,0.05,0.5566
U000980,O031089,13,0.0511,0.05,0.5566
U000980,O031089,14,0.0571,0.05,0.5566
U000980,O031089,15,0.0571,0.05,0.5566
U000980,O031089,16,0.0541,0.05,0.5566
U000980,O031089,17,0.048,0.05,0.5566
U000980,O031089,18,0.0511,0.05,0.5566
U000980,O031089,19,0.042,0.05,0.5566
U000980,O031089,20,0.0691,0.05,0.5566
U000980,O002582,1,0.5405,0.5566,0.5566
U000980,O002582,2,0.2643,0.2783,0.5566
U000980,O002582,3,0.2012,0.1855,0.5566
U000980,O002582,4,0.1351,0.1391,0.5566
U000980,O002582,5,0.1051,0.1113,0.5566
U000980,O002582,6,0.0961,0.0928,0.5566
U000980,O002582,7,0.0871,0.0795,0.5566
U000980,O002582,8,0.0601,0.0696,0.5566
U000980,O002582,9,0.0691,0.0618,0.5566
U000980,O002582,10,0.0571,0.0557,0.5566
U000980,O002582,11,0.0571,0.0506,0.5566
U000980,O002582,12,0.0661,0.05,0.5566
U000980,O002582,13,0.048,0.05,0.5566
U000980,O002582,14,0.036,0.05,0.5566
U000980,O002582,15,0.045,0.05,0.5566
U000980,O002582,16,0.0631,0.05,0.5566
U000980,O002582,17,0.042,0.05,0.5566
U000980,O002582,18,0.039,0.05,0.5566
U000980,O002582,19,0.045,0.05,0.5566
U000980,O002582,20,0.0541,0.05,0.5566
U000980,O014236,1,0.5556,0.5071,0.5071
U000980,O014236,2,0.2132,0.2536,0.5071
U000980,O014236,3,0.1862,0.169,0.5071
U000980,O014236,4,0.1502,0.1268,0.5071
U000980,O014236,5,0.1231,0.1014,0.5071
U000980,O014236,6,0.0691,0.0845,0.5071
U000980,O014236,7,0.0811,0.0724,0.5071
U000980,O014236,8,0.0541,0.0634,0.5071
U000980,O014236,9,0.039,0.0563,0.5071
U000980,O014236,10,0.045,0.0507,0.5071
U000980,O014236,11,0.045,0.05,0.5071
U000980,O014236,12,0.036,0.05,0.5071
U000980,O014236,13,0.042,0.05,0.5071
U000980,O014236,14,0.048,0.05,0.5071
U000980,O014236,15,0.0601,0.05,0.5071
U000980,O014236,16,0.048,0.05,0.5071
U000980,O014236,17,0.033,0.05,0.5071
U000980,O014236,18,0.0571,0.05,0.5071
U000980,O014236,19,0.042,0.05,0.5071
U000980,O014236,20,0.039,0.05,0.5071
U000980,O004236,1,0.4625,0.5071,0.5071
U000980,O004236,2,0.2162,0.2536,0.5071
U000980,O004236,3,0.1471,0.169,0.5071
U000980,O004236,4,0.1171,0.1268,0.5071
U000980,O004236,5,0.1231,0.1014,0.5071
U000980,O004236,6,0.0931,0.0845,0.5071
U000980,O004236,7,0.0571,0.0724,0.5071
U000980,O004236,8,0.0541,0.0634,0.5071
U000980,O004236,9,0.0571,0.0563,0.5071
U000980,O004236,10,0.039,0.0507,0.5071
U000980,O004236,11,0.042,0.05,0.5071
U000980,O004236,12,0.0661,0.05,0.5071
U000980,O004236,13,0.0751,0.05,0.5071
U000980,O004236,14,0.033,0.05,0.5071
U000980,O004236,15,0.045,0.05,0.5071
U000980,O004236,16,0.0601,0.05,0.5071
U000980,O004236,17,0.0601,0.05,0.5071
U000980,O004236,18,0.0541,0.05,0.5071
U000980,O004236,19,0.036,0.05,0.5071
U000980,O004236,20,0.0871,0.05,0.5071
U000980,O044236,1,0.5435,0.502,0.502
U000980,O044236,2,0.2853,0.251,0.502
U000980,O044236,3,0.1411,0.1673,0.502
U000980,O044236,4,0.1622,0.1255,0.502
U000980,O044236,5,0.0841,0.1004,0.502
U000980,O044236,6,0.0811,0.0837,0.502
U000980,O044236,7,0.0631,0.0717,0.502
U000980,O044236,8,0.0571,0.0628,0.502
U000980,O044236,9,0.0571,0.0558,0.502
U000980,O044236,10,0.0691,0.0502,0.502
U000980,O044236,11,0.0541,0.05,0.502
U000980,O044236,12,0.03,0.05,0.502
U000980,O044236,13,0.045,0.05,0.502
U000980,O044236,14,0.03,0.05,0.502
U000980,O044236,15,0.048,0.05,0.502
U000980,O044236,16,0.039,0.05,0.502
U000980,O044236,17,0.039,0.05,0.502
U000980,O044236,18,0.0631,0.05,0.502
U000980,O044236,19,0.0511,0.05,0.502
U000980,O044236,20,0.036,0.05,0.502
U000980,O024236,1,0.4865,0.502,0.502
U000980,O024236,2,0.2793,0.251,0.502
U000980,O024236,3,0.1922,0.1673,0.502
U000980,O024236,4,0.1051,0.1255,0.502
U000980,O024236,5,0.1051,0.1004,0.502
U000980,O024236,6,0.1081,0.0837,0.502
U000980,O024236,7,0.0841,0.0717,0.502
U000980,O024236,8,0.0571,0.0628,0.502
U000980,O024236,9,0.0511,0.0558,0.502
U000980,O024236,10,0.03,0.0502,0.502
U000980,O024236,11,0.033,0.05,0.502
U000980,O024236,12,0.039,0.05,0.502
U000980,O024236,13,0.0601,0.05,0.502
U000980,O024236,14,0.039,0.05,0.502
U000980,O024236,15,0.0511,0.05,0.502
U000980,O024236,16,0.048,0.05,0.502
U000980,O024236,17,0.0571,0.05,0.502
U000980,O024236,18,0.045,0.05,0.502
U000980,O024236,19,0.0661,0.05,0.502
U000980,O024236,20,0.042,0.05,0.502
U000990,O047848,1,0.8048,0.8111,0.8111
U000990,O047848,2,0.4234,0.4056,0.8111
U000990,O047848,3,0.2703,0.2704,0.8111
U000990,O047848,4,0.2402,0.2028,0.8111
U000990,O047848,5,0.1411,0.1622,0.8111
U000990,O047848,6,0.1201,0.1352,0.8111
U000990,O047848,7,0.1051,0.1159,0.8111
U000990,O047848,8,0.1261,0.1014,0.8111
U000990,O047848,9,0.0781,0.0901,0.8111
U000990,O047848,10,0.0961,0.0811,0.8111
U000990,O047848,11,0.0571,0.0737,0.8111
U000990,O047848,12,0.0691,0.0676,0.8111
U000990,O047848,13,0.0691,0.0624,0.8111
U000990,O047848,14,0.0511,0.0579,0.8111
U000990,O047848,15,0.0511,0.0541,0.8111
U000990,O047848,16,0.0511,0.0507,0.8111
U000990,O047848,17,0.039,0.05,0.8111
U000990,O047848,18,0.0601,0.05,0.8111
U000990,O047848,19,0.0511,0.05,0.8111
U000990,O047848,20,0.0661,0.05,0.8111
U000990,O001089,1,0.8168,0.8056,0.8056
U000990,O001089,2,0.4024,0.4028,0.8056
U000990,O001089,3,0.2583,0.2685,0.8056
U000990,O001089,4,0.1832,0.2014,0.8056
U000990,O001089,5,0.1351,0.1611,0.8056
U000990,O001089,6,0.1291,0.1343,0.8056
U000990,O001089,7,0.0991,0.1151,0.8056
U000990,O001089,8,0.0841,0.1007,0.8056
U000990,O001089,9,0.1261,0.0895,0.8056
U000990,O001089,10,0.0871,0.0806,0.8056
U000990,O001089,11,0.0781,0.0732,0.8056
U000990,O001089,12,0.048,0.0671,0.8056
U000990,O001089,13,0.0571,0.062,0.8056
U000990,O001089,14,0.048,0.0575,0.8056
U000990,O001089,15,0.03,0.0537,0.8056
U000990,O001089,16,0.0541,0.0503,0.8056
U000990,O001089,17,0.039,0.05,0.8056
U000990,O001089,18,0.0541,0.05,0.8056
U000990,O001089,19,0.0511,0.05,0.8056
U000990,O001089,20,0.0511,0.05,0.8056
U000990,O041089,1,0.8288,0.802,0.802
U000990,O041089,2,0.4174,0.401,0.802
U000990,O041089,3,0.2312,0.2673,0.802
U000990,O041089,4,0.2312,0.2005,0.802
U000990,O041089,5,0.1321,0.1604,0.802
U000990,O041089,6,0.1081,0.1337,0.802
U000990,O041089,7,0.1051,0.1146,0.802
U000990,O041089,8,0.0871,0.1002,0.802
U000990,O041089,9,0.0901,0.0891,0.802
U000990,O041089,10,0.048,0.0802,0.802
U000990,O041089,11,0.0781,0.0729,0.802
U000990,O041089,12,0.0991,0.0668,0.802
U000990,O041089,13,0.0901,0.0617,0.802
U000990,O041089,14,0.0931,0.0573,0.802
U000990,O041089,15,0.0781,0.0535,0.802
U000990,O041089,16,0.0631,0.0501,0.802
U000990,O041089,17,0.048,0.05,0.802
U000990,O041089,18,0.039,0.05,0.802
U000990,O041089,19,0.048,0.05,0.802
U000990,O041089,20,0.0511,0.05,0.802
U000990,O032582,1,0.8228,0.8015,0.8015
U000990,O032582,2,0.4024,0.4008,0.8015
U000990,O032582,3,0.2763,0.2672,0.8015
U000990,O032582,4,0.2222,0.2004,0.8015
U000990,O032582,5,0.1712,0.1603,0.8015
U000990,O032582,6,0.1532,0.1336,0.8015
U000990,O032582,7,0.1171,0.1145,0.8015
U000990,O032582,8,0.1141,0.1002,0.8015
U000990,O032582,9,0.0751,0.0891,0.8015
U000990,O032582,10,0.0841,0.0802,0.8015
U000990,O032582,11,0.0811,0.0729,0.8015
U000990,O032582,12,0.1081,0.0668,0.8015
U000990,O032582,13,0.0931,0.0617,0.8015
U000990,O032582,14,0.0931,0.0573,0.8015
U000990,O032582,15,0.0541,0.0534,0.8015
U000990,O032582,16,0.0571,0.0501,0.8015
U000990,O032582,17,0.0661,0.05,0.8015
U000990,O032582,18,0.033,0.05,0.8015
U000990,O032582,19,0.03,0.05,0.8015
U000990,O032582,20,0.0691,0.05,0.8015
U000990,O021089,1,0.7778,0.799,0.799
U000990,O021089,2,0.4414,0.3995,0.799
U000990,O021089,3,0.2583,0.2663,0.799
U000990,O021089,4,0.2102,0.1998,0.799
U000990,O021089,5,0.1562,0.1598,0.799
U000990,O021089,6,0.1351,0.1332,0.799
U000990,O021089,7,0.0961,0.1141,0.799
U000990,O021089,8,0.1171,0.0999,0.799
U000990,O021089,9,0.0751,0.0888,0.799
U000990,O021089,10,0.0571,0.0799,0.799
U000990,O021089,11,0.0811,0.0726,0.799
U000990,O021089,12,0.0781,0.0666,0.799
U000990,O021089,13,0.0571,0.0615,0.799
U000990,O021089,14,0.048,0.0571,0.799
U000990,O021089,15,0.048,0.0533,0.799
U000990,O021089,16,0.0571,0.05,0.799
U000990,O021089,17,0.03,0.05,0.799
U000990,O021089,18,0.0511,0.05,0.799
U000990,O021089,19,0.024,0.05,0.799
U000990,O021089,20,0.0631,0.05,0.799
U000990,O012582,1,0.7688,0.7895,0.7895
U000990,O012582,2,0.4414,0.3948,0.7895
U000990,O012582,3,0.2613,0.2632,0.7895
U000990,O012582,4,0.1712,0.1974,0.7895
U000990,O012582,5,0.1021,0.1579,0.7895
U000990,O012582,6,0.1261,0.1316,0.7895
U000990,O012582,7,0.1261,0.1128,0.7895
U000990,O012582,8,0.1141,0.0987,0.7895
U000990,O012582,9,0.1051,0.0877,0.7895
U000990,O012582,10,0.1081,0.079,0.7895
U000990,O012582,11,0.0751,0.0718,0.7895
U000990,O012582,12,0.0601,0.0658,0.7895
U000990,O012582,13,0.0571,0.0607,0.7895
U000990,O012582,14,0.048,0.0564,0.7895
U000990,O012582,15,0.048,0.0526,0.7895
U000990,O012582,16,0.048,0.05,0.7895
U000990,O012582,17,0.045,0.05,0.7895
U000990,O012582,18,0.042,0.05,0.7895
U000990,O012582,19,0.0661,0.05,0.7895
U000990,O012582,20,0.0511,0.05,0.7895
U000990,O022582,1,0.7808,0.7887,0.7887
U000990,O022582,2,0.4174,0.3944,0.7887
U000990,O022582,3,0.2913,0.2629,0.7887
U000990,O022582,4,0.2042,0.1972,0.7887
U000990,O022582,5,0.2012,0.1577,0.7887
U000990,O022582,6,0.1411,0.1315,0.7887
U000990,O022582,7,0.1141,0.1127,0.7887
U000990,O022582,8,0.1171,0.0986,0.7887
U000990,O022582,9,0.0751,0.0876,0.7887
U000990,O022582,10,0.0901,0.0789,0.7887
U000990,O022582,11,0.0931,0.0717,0.7887
U000990,O022582,12,0.045,0.0657,0.7887
U000990,O022582,13,0.027,0.0607,0.7887
U000990,O022582,14,0.0991,0.0563,0.7887
U000990,O022582,15,0.0571,0.0526,0.7887
U000990,O022582,16,0.0541,0.05,0.7887
U000990,O022582,17,0.0541,0.05,0.7887
U000990,O022582,18,0.042,0.05,0.7887
U000990,O022582,19,0.048,0.05,0.7887
U000990,O022582,20,0.045,0.05,0.7887
U000990,O042582,1,0.7447,0.7793,0.7793
U000990,O042582,2,0.3363,0.3896,0.7793
U000990,O042582,3,0.2402,0.2598,0.7793
U000990,O042582,4,0.1562,0.1948,0.7793
U000990,O042582,5,0.1532,0.1559,0.7793
U000990,O042582,6,0.1381,0.1299,0.7793
U000990,O042582,7,0.0811,0.1113,0.7793
U000990,O042582,8,0.0871,0.0974,0.7793
U000990,O042582,9,0.1021,0.0866,0.7793
U000990,O042582,10,0.0721,0.0779,0.7793
U000990,O042582,11,0.1021,0.0708,0.7793
U000990,O042582,12,0.0721,0.0649,0.7793
U000990,O042582,13,0.0541,0.0599,0.7793
U000990,O042582,14,0.048,0.0557,0.7793
U000990,O042582,15,0.0511,0.052,0.7793
U000990,O042582,16,0.0751,0.05,0.7793
U000990,O042582,17,0.039,0.05,0.7793
U000990,O042582,18,0.039,0.05,0.7793
U000990,O042582,19,0.0661,0.05,0.7793
U000990,O042582,20,0.045,0.05,0.7793
U000990,O031089,1,0.7808,0.7649,0.7649
U000990,O031089,2,0.3934,0.3825,0.7649
U000990,O031089,3,0.2282,0.255,0.7649
U000990,O031089,4,0.2072,0.1912,0.7649
U000990,O031089,5,0.1712,0.153,0.7649
U000990,O031089,6,0.1261,0.1275,0.7649
U000990,O031089,7,0.1291,0.1093,0.7649
U000990,O031089,8,0.0631,0.0956,0.7649
U000990,O031089,9,0.0541,0.085,0.7649
U000990,O031089,10,0.0601,0.0765,0.7649
U000990,O031089,11,0.0811,0.0695,0.7649
U000990,O031089,12,0.0631,0.0637,0.7649
U000990,O031089,13,0.0721,0.0588,0.7649
U000990,O031089,14,0.045,0.0546,0.7649
U000990,O031089,15,0.0571,0.051,0.7649
U000990,O031089,16,0.042,0.05,0.7649
U000990,O031089,17,0.0601,0.05,0.7649
U000990,O031089,18,0.0571,0.05,0.7649
U000990,O031089,19,0.042,0.05,0.7649
U000990,O031089,20,0.045,0.05,0.7649
U000990,O007848,1,0.6697,0.6978,0.6978
U000990,O007848,2,0.3514,0.3489,0.6978
U000990,O007848,3,0.2553,0.2326,0.6978
U000990,O007848,4,0.1952,0.1744,0.6978
U000990,O007848,5,0.1832,0.1396,0.6978
U000990,O007848,6,0.0901,0.1163,0.6978
U000990,O007848,7,0.1111,0.0997,0.6978
U000990,O007848,8,0.1051,0.0872,0.6978
U000990,O007848,9,0.0811,0.0775,0.6978
U000990,O007848,10,0.0661,0.0698,0.6978
U000990,O007848,11,0.0541,0.0634,0.6978
U000990,O007848,12,0.0571,0.0581,0.6978
U000990,O007848,13,0.0691,0.0537,0.6978
U000990,O007848,14,0.027,0.05,0.6978
U000990,O007848,15,0.048,0.05,0.6978
U000990,O007848,16,0.039,0.05,0.6978
U000990,O007848,17,0.0661,0.05,0.6978
U000990,O007848,18,0.048,0.05,0.6978
U000990,O007848,19,0.0631,0.05,0.6978
U000990,O007848,20,0.0571,0.05,0.6978
U000990,O002594,1,0.6577,0.6877,0.6877
U000990,O002594,2,0.3123,0.3438,0.6877
U000990,O002594,3,0.2402,0.2292,0.6877
U000990,O002594,4,0.1862,0.1719,0.6877
U000990,O002594,5,0.1351,0.1375,0.6877
U000990,O002594,6,0.1051,0.1146,0.6877
U000990,O002594,7,0.1171,0.0982,0.6877
U000990,O002594,8,0.0751,0.086,0.6877
U000990,O002594,9,0.0811,0.0764,0.6877
U000990,O002594,10,0.0811,0.0688,0.6877
U000990,O002594,11,0.0811,0.0625,0.6877
U000990,O002594,12,0.0601,0.0573,0.6877
U000990,O002594,13,0.0511,0.0529,0.6877
U000990,O002594,14,0.0541,0.05,0.6877
U000990,O002594,15,0.0601,0.05,0.6877
U000990,O002594,16,0.0511,0.05,0.6877
U000990,O002594,17,0.039,0.05,0.6877
U000990,O002594,18,0.0571,0.05,0.6877
U000990,O002594,19,0.0571,0.05,0.6877
U000990,O002594,20,0.0511,0.05,0.6877
U000990,O017848,1,0.6847,0.6841,0.6841
U000990,O017848,2,0.2883,0.342,0.6841
U000990,O017848,3,0.1982,0.228,0.6841
U000990,O017848,4,0.1502,0.171,0.6841
U000990,O017848,5,0.1471,0.1368,0.6841
U000990,O017848,6,0.1261,0.114,0.6841
U000990,O017848,7,0.0601,0.0977,0.6841
U000990,O017848,8,0.0781,0.0855,0.6841
U000990,O017848,9,0.0571,0.076,0.6841
U000990,O017848,10,0.0631,0.0684,0.6841
U000990,O017848,11,0.0541,0.0622,0.6841
U000990,O017848,12,0.0661,0.057,0.6841
U000990,O017848,13,0.039,0.0526,0.6841
U000990,O017848,14,0.045,0.05,0.6841
U000990,O017848,15,0.0511,0.05,0.6841
U000990,O017848,16,0.0631,0.05,0.6841
U000990,O017848,17,0.048,0.05,0.6841
U000990,O017848,18,0.042,0.05,0.6841
U000990,O017848,19,0.0511,0.05,0.6841
U000990,O017848,20,0.0601,0.05,0.6841
U000990,O037848,1,0.6787,0.6827,0.6827
U000990,O037848,2,0.3664,0.3413,0.6827
U000990,O037848,3,0.2162,0.2276,0.6827
U000990,O037848,4,0.2102,0.1707,0.6827
U000990,O037848,5,0.1351,0.1365,0.6827
U000990,O037848,6,0.1021,0.1138,0.6827
U000990,O037848,7,0.0961,0.0975,0.6827
U000990,O037848,8,0.0841,0.0853,0.6827
U000990,O037848,9,0.0811,0.0759,0.6827
U000990,O037848,10,0.0811,0.0683,0.6827
U000990,O037848,11,0.0631,0.0621,0.6827
U000990,O037848,12,0.042,0.0569,0.6827
U000990,O037848,13,0.0721,0.0525,0.6827
U000990,O037848,14,0.048,0.05,0.6827
U000990,O037848,15,0.039,0.05,0.6827
U000990,O037848,16,0.0541,0.05,0.6827
U000990,O037848,17,0.0541,0.05,0.6827
U000990,O037848,18,0.036,0.05,0.6827
U000990,O037848,19,0.0541,0.05,0.6827
U000990,O037848,20,0.039,0.05,0.6827
U000990,O022594,1,0.6396,0.6644,0.6644
U000990,O022594,2,0.3483,0.3322,0.6644
U000990,O022594,3,0.2583,0.2215,0.6644
U000990,O022594,4,0.1832,0.1661,0.6644
U000990,O022594,5,0.1321,0.1329,0.6644
U000990,O022594,6,0.1231,0.1107,0.6644
U000990,O022594,7,0.0961,0.0949,0.6644
U000990,O022594,8,0.0811,0.083,0.6644
U000990,O022594,9,0.0781,0.0738,0.6644
U000990,O022594,10,0.0691,0.0664,0.6644
U000990,O022594,11,0.033,0.0604,0.6644
U000990,O022594,12,0.0601,0.0554,0.6644
U000990,O022594,13,0.045,0.0511,0.6644
U000990,O022594,14,0.0901,0.05,0.6644
U000990,O022594,15,0.036,0.05,0.6644
U000990,O022594,16,0.0541,0.05,0.6644
U000990,O022594,17,0.0571,0.05,0.6644
U000990,O022594,18,0.03,0.05,0.6644
U000990,O022594,19,0.0511,0.05,0.6644
U000990,O022594,20,0.0631,0.05,0.6644
U000990,O024236,1,0.6577,0.6609,0.6609
U000990,O024236,2,0.3273,0.3304,0.6609
U000990,O024236,3,0.2312,0.2203,0.6609
U000990,O024236,4,0.1892,0.1652,0.6609
U000990,O024236,5,0.1231,0.1322,0.6609
U000990,O024236,6,0.1141,0.1101,0.6609
U000990,O024236,7,0.1141,0.0944,0.6609
U000990,O024236,8,0.0721,0.0826,0.6609
U000990,O024236,9,0.0721,0.0734,0.6609
U000990,O024236,10,0.0601,0.0661,0.6609
U000990,O024236,11,0.0661,0.0601,0.6609
U000990,O024236,12,0.0511,0.0551,0.6609
U000990,O024236,13,0.036,0.0508,0.6609
U000990,O024236,14,0.048,0.05,0.6609
U000990,O024236,15,0.0511,0.05,0.6609
U000990,O024236,16,0.0571,0.05,0.6609
U000990,O024236,17,0.0661,0.05,0.6609
U000990,O024236,18,0.042,0.05,0.6609
U000990,O024236,19,0.045,0.05,0.6609
U000990,O024236,20,0.045,0.05,0.6609
U000990,O032594,1,0.6607,0.6295,0.6295
U000990,O032594,2,0.2853,0.3147,0.6295
U000990,O032594,3,0.1922,0.2098,0.6295
U000990,O032594,4,0.1892,0.1574,0.6295
U000990,O032594,5,0.1321,0.1259,0.6295
U000990,O032594,6,0.1051,0.1049,0.6295
U000990,O032594,7,0.0841,0.0899,0.6295
U000990,O032594,8,0.0841,0.0787,0.6295
U000990,O032594,9,0.0811,0.0699,0.6295
U000990,O032594,10,0.0811,0.0629,0.6295
U000990,O032594,11,0.0541,0.0572,0.6295
U000990,O032594,12,0.048,0.0525,0.6295
U000990,O032594,13,0.0571,0.05,0.6295
U000990,O032594,14,0.039,0.05,0.6295
U000990,O032594,15,0.045,0.05,0.6295
U000990,O032594,16,0.045,0.05,0.6295
U000990,O032594,17,0.0661,0.05,0.6295
U000990,O032594,18,0.048,0.05,0.6295
U000990,O032594,19,0.0511,0.05,0.6295
U000990,O032594,20,0.0631,0.05,0.6295
U000990,O012594,1,0.6216,0.6067,0.6067
U000990,O012594,2,0.2793,0.3034,0.6067
U000990,O012594,3,0.2042,0.2022,0.6067
U000990,O012594,4,0.1832,0.1517,0.6067
U000990,O012594,5,0.1171,0.1213,0.6067
U000990,O012594,6,0.0691,0.1011,0.6067
U000990,O012594,7,0.1081,0.0867,0.6067
U000990,O012594,8,0.0661,0.0758,0.6067
U000990,O012594,9,0.0601,0.0674,0.6067
U000990,O012594,10,0.0691,0.0607,0.6067
U000990,O012594,11,0.048,0.0552,0.6067
U000990,O012594,12,0.048,0.0506,0.6067
U000990,O012594,13,0.036,0.05,0.6067
U000990,O012594,14,0.0541,0.05,0.6067
U000990,O012594,15,0.0511,0.05,0.6067
U000990,O012594,16,0.03,0.05,0.6067
U000990,O012594,17,0.039,0.05,0.6067
U000990,O012594,18,0.039,0.05,0.6067
U000990,O012594,19,0.0631,0.05,0.6067
U000990,O012594,20,0.0601,0.05,0.6067
U000990,O004236,1,0.6066,0.5833,0.5833
U000990,O004236,2,0.2823,0.2917,0.5833
U000990,O004236,3,0.1772,0.1944,0.5833
U000990,O004236,4,0.1201,0.1458,0.5833
U000990,O004236,5,0.0991,0.1167,0.5833
U000990,O004236,6,0.0841,0.0972,0.5833
U000990,O004236,7,0.0781,0.0833,0.5833
U000990,O004236,8,0.0631,0.0729,0.5833
U000990,O004236,9,0.0781,0.0648,0.5833
U000990,O004236,10,0.048,0.0583,0.5833
U000990,O004236,11,0.039,0.053,0.5833
U000990,O004236,12,0.0541,0.05,0.5833
U000990,O004236,13,0.045,0.05,0.5833
U000990,O004236,14,0.0511,0.05,0.5833
U000990,O004236,15,0.045,0.05,0.5833
U000990,O004236,16,0.039,0.05,0.5833
U000990,O004236,17,0.0691,0.05,0.5833
U000990,O004236,18,0.03,0.05,0.5833
U000990,O004236,19,0.027,0.05,0.5833
U000990,O004236,20,0.039,0.05,0.5833
U000990,O034236,1,0.6216,0.5833,0.5833
U000990,O034236,2,0.2763,0.2917,0.5833
U000990,O034236,3,0.2192,0.1944,0.5833
U000990,O034236,4,0.1441,0.1458,0.5833
U000990,O034236,5,0.1051,0.1167,0.5833
U000990,O034236,6,0.0841,0.0972,0.5833
U000990,O034236,7,0.0721,0.0833,0.5833
U000990,O034236,8,0.0691,0.0729,0.5833
U000990,O034236,9,0.048,0.0648,0.5833
U000990,O034236,10,0.0541,0.0583,0.5833
U000990,O034236,11,0.048,0.053,0.5833
U000990,O034236,12,0.0511,0.05,0.5833
U000990,O034236,13,0.042,0.05,0.5833
U000990,O034236,14,0.0751,0.05,0.5833
U000990,O034236,15,0.0661,0.05,0.5833
U000990,O034236,16,0.0661,0.05,0.5833
U000990,O034236,17,0.0721,0.05,0.5833
U000990,O034236,18,0.03,0.05,0.5833
U000990,O034236,19,0.0601,0.05,0.5833
U000990,O034236,20,0.048,0.05,0.5833
U000990,O044236,1,0.5766,0.5609,0.5609
U000990,O044236,2,0.2883,0.2804,0.5609
U000990,O044236,3,0.2042,0.187,0.5609
U000990,O044236,4,0.1171,0.1402,0.5609
U000990,O044236,5,0.1171,0.1122,0.5609
U000990,O044236,6,0.0841,0.0935,0.5609
U000990,O044236,7,0.0901,0.0801,0.5609
U000990,O044236,8,0.0631,0.0701,0.5609
U000990,O044236,9,0.0601,0.0623,0.5609
U000990,O044236,10,0.0691,0.0561,0.5609
U000990,O044236,11,0.0511,0.051,0.5609
U000990,O044236,12,0.045,0.05,0.5609
U000990,O044236,13,0.033,0.05,0.5609
U000990,O044236,14,0.0541,0.05,0.5609
U000990,O044236,15,0.0541,0.05,0.5609
U000990,O044236,16,0.0691,0.05,0.5609
U000990,O044236,17,0.048,0.05,0.5609
U000990,O044236,18,0.042,0.05,0.5609
U000990,O044236,19,0.048,0.05,0.5609
U000990,O044236,20,0.0511,0.05,0.5609
U000636,O004236,1,0.8198,0.8365,0.8365
U000636,O004236,2,0.4234,0.4183,0.8365
U000636,O004236,3,0.3123,0.2788,0.8365
U000636,O004236,4,0.2162,0.2091,0.8365
U000636,O004236,5,0.2102,0.1673,0.8365
U000636,O004236,6,0.1652,0.1394,0.8365
U000636,O004236,7,0.0871,0.1195,0.8365
U000636,O004236,8,0.1261,0.1046,0.8365
U000636,O004236,9,0.0751,0.0929,0.8365
U000636,O004236,10,0.0841,0.0837,0.8365
U000636,O004236,11,0.0751,0.076,0.8365
U000636,O004236,12,0.0781,0.0697,0.8365
U000636,O004236,13,0.0691,0.0643,0.8365
U000636,O004236,14,0.0541,0.0598,0.8365
U000636,O004236,15,0.024,0.0558,0.8365
U000636,O004236,16,0.0511,0.0523,0.8365
U000636,O004236,17,0.0541,0.05,0.8365
U000636,O004236,18,0.036,0.05,0.8365
U000636,O004236,19,0.0541,0.05,0.8365
U000636,O004236,20,0.0571,0.05,0.8365
U000636,O044236,1,0.7748,0.7892,0.7892
U000636,O044236,2,0.3904,0.3946,0.7892
U000636,O044236,3,0.2492,0.2631,0.7892
U000636,O044236,4,0.2132,0.1973,0.7892
U000636,O044236,5,0.1351,0.1578,0.7892
U000636,O044236,6,0.1231,0.1315,0.7892
U000636,O044236,7,0.0901,0.1127,0.7892
U000636,O044236,8,0.0841,0.0986,0.7892
U000636,O044236,9,0.0961,0.0877,0.7892
U000636,O044236,10,0.0631,0.0789,0.7892
U000636,O044236,11,0.0751,0.0717,0.7892
U000636,O044236,12,0.0631,0.0658,0.7892
U000636,O044236,13,0.0631,0.0607,0.7892
U000636,O044236,14,0.042,0.0564,0.7892
U000636,O044236,15,0.0691,0.0526,0.7892
U000636,O044236,16,0.036,0.05,0.7892
U000636,O044236,17,0.027,0.05,0.7892
U000636,O044236,18,0.042,0.05,0.7892
U000636,O044236,19,0.036,0.05,0.7892
U000636,O044236,20,0.0691,0.05,0.7892
U000636,O034236,1,0.7568,0.7365,0.7365
U000636,O034236,2,0.3514,0.3683,0.7365
U000636,O034236,3,0.2402,0.2455,0.7365
U000636,O034236,4,0.1802,0.1841,0.7365
U000636,O034236,5,0.1381,0.1473,0.7365
U000636,O034236,6,0.1081,0.1228,0.7365
U000636,O034236,7,0.1351,0.1052,0.7365
U000636,O034236,8,0.0931,0.0921,0.7365
U000636,O034236,9,0.0691,0.0818,0.7365
U000636,O034236,10,0.0631,0.0737,0.7365
U000636,O034236,11,0.0781,0.067,0.7365
U000636,O034236,12,0.0631,0.0614,0.7365
U000636,O034236,13,0.036,0.0567,0.7365
U000636,O034236,14,0.0571,0.0526,0.7365
U000636,O034236,15,0.033,0.05,0.7365
U000636,O034236,16,0.0571,0.05,0.7365
U000636,O034236,17,0.0601,0.05,0.7365
U000636,O034236,18,0.03,0.05,0.7365
U000636,O034236,19,0.03,0.05,0.7365
U000636,O034236,20,0.0661,0.05,0.7365
U000636,O014236,1,0.7177,0.7365,0.7365
U000636,O014236,2,0.3904,0.3683,0.7365
U000636,O014236,3,0.2643,0.2455,0.7365
U000636,O014236,4,0.1682,0.1841,0.7365
U000636,O014236,5,0.1411,0.1473,0.7365
U000636,O014236,6,0.1051,0.1228,0.7365
U000636,O014236,7,0.0721,0.1052,0.7365
U000636,O014236,8,0.0721,0.0921,0.7365
U000636,O014236,9,0.0691,0.0818,0.7365
U000636,O014236,10,0.0961,0.0737,0.7365
U000636,O014236,11,0.0631,0.067,0.7365
U000636,O014236,12,0.0631,0.0614,0.7365
U000636,O014236,13,0.0571,0.0567,0.7365
U000636,O014236,14,0.0661,0.0526,0.7365
U000636,O014236,15,0.0541,0.05,0.7365
U000636,O014236,16,0.0541,0.05,0.7365
U000636,O014236,17,0.036,0.05,0.7365
U000636,O014236,18,0.0661,0.05,0.7365
U000636,O014236,19,0.039,0.05,0.7365
U000636,O014236,20,0.048,0.05,0.7365
U000636,O031089,1,0.7057,0.7288,0.7288
U000636,O031089,2,0.3844,0.3644,0.7288
U000636,O031089,3,0.2583,0.2429,0.7288
U000636,O031089,4,0.1982,0.1822,0.7288
U000636,O031089,5,0.1351,0.1458,0.7288
U000636,O031089,6,0.1081,0.1215,0.7288
U000636,O031089,7,0.1231,0.1041,0.7288
U000636,O031089,8,0.0751,0.0911,0.7288
U000636,O031089,9,0.0751,0.081,0.7288
U000636,O031089,10,0.0691,0.0729,0.7288
U000636,O031089,11,0.045,0.0663,0.7288
U000636,O031089,12,0.0571,0.0607,0.7288
U000636,O031089,13,0.0601,0.0561,0.7288
U000636,O031089,14,0.033,0.0521,0.7288
U000636,O031089,15,0.036,0.05,0.7288
U000636,O031089,16,0.048,0.05,0.7288
U000636,O031089,17,0.0571,0.05,0.7288
U000636,O031089,18,0.042,0.05,0.7288
U000636,O031089,19,0.042,0.05,0.7288
U000636,O031089,20,0.0571,0.05,0.7288
U000636,O012594,1,0.6787,0.7,0.7
U000636,O012594,2,0.3694,0.35,0.7
U000636,O012594,3,0.2613,0.2333,0.7
U000636,O012594,4,0.1712,0.175,0.7
U000636,O012594,5,0.1291,0.14,0.7
U000636,O012594,6,0.0931,0.1167,0.7
U000636,O012594,7,0.1141,0.1,0.7
U000636,O012594,8,0.1021,0.0875,0.7
U000636,O012594,9,0.0691,0.0778,0.7
U000636,O012594,10,0.0661,0.07,0.7
U000636,O012594,11,0.048,0.0636,0.7
U000636,O012594,12,0.0541,0.0583,0.7
U000636,O012594,13,0.0571,0.0538,0.7
U000636,O012594,14,0.0601,0.05,0.7
U000636,O012594,15,0.045,0.05,0.7
U000636,O012594,16,0.0571,0.05,0.7
U000636,O012594,17,0.0601,0.05,0.7
U000636,O012594,18,0.045,0.05,0.7
U000636,O012594,19,0.045,0.05,0.7
U000636,O012594,20,0.0541,0.05,0.7
U000636,O027848,1,0.6907,0.6904,0.6904
U000636,O027848,2,0.3333,0.3452,0.6904
U000636,O027848,3,0.2432,0.2301,0.6904
U000636,O027848,4,0.1682,0.1726,0.6904
U000636,O027848,5,0.1291,0.1381,0.6904
U000636,O027848,6,0.1201,0.1151,0.6904
U000636,O027848,7,0.0931,0.0986,0.6904
U000636,O027848,8,0.0661,0.0863,0.6904
U000636,O027848,9,0.0871,0.0767,0.6904
U000636,O027848,10,0.048,0.069,0.6904
U000636,O027848,11,0.0661,0.0628,0.6904
U000636,O027848,12,0.0751,0.0575,0.6904
U000636,O027848,13,0.042,0.0531,0.6904
U000636,O027848,14,0.0721,0.05,0.6904
U000636,O027848,15,0.0631,0.05,0.6904
U000636,O027848,16,0.0571,0.05,0.6904
U000636,O027848,17,0.0601,0.05,0.6904
U000636,O027848,18,0.0511,0.05,0.6904
U000636,O027848,19,0.042,0.05,0.6904
U000636,O027848,20,0.03,0.05,0.6904
U000636,O037848,1,0.6817,0.688,0.688
U000636,O037848,2,0.3393,0.344,0.688
U000636,O037848,3,0.2282,0.2293,0.688
U000636,O037848,4,0.1742,0.172,0.688
U000636,O037848,5,0.1321,0.1376,0.688
U000636,O037848,6,0.1171,0.1147,0.688
U000636,O037848,7,0.1231,0.0983,0.688
U000636,O037848,8,0.0991,0.086,0.688
U000636,O037848,9,0.0571,0.0764,0.688
U000636,O037848,10,0.0571,0.0688,0.688
U000636,O037848,11,0.048,0.0625,0.688
U000636,O037848,12,0.042,0.0573,0.688
U000636,O037848,13,0.0511,0.0529,0.688
U000636,O037848,14,0.036,0.05,0.688
U000636,O037848,15,0.048,0.05,0.688
U000636,O037848,16,0.045,0.05,0.688
U000636,O037848,17,0.0691,0.05,0.688
U000636,O037848,18,0.0661,0.05,0.688
U000636,O037848,19,0.0511,0.05,0.688
U000636,O037848,20,0.036,0.05,0.688
U000636,O007848,1,0.6366,0.6525,0.6525
U000636,O007848,2,0.3243,0.3263,0.6525
U000636,O007848,3,0.1592,0.2175,0.6525
U000636,O007848,4,0.1471,0.1631,0.6525
U000636,O007848,5,0.1892,0.1305,0.6525
U000636,O007848,6,0.0961,0.1088,0.6525
U000636,O007848,7,0.0811,0.0932,0.6525
U000636,O007848,8,0.1171,0.0816,0.6525
U000636,O007848,9,0.0811,0.0725,0.6525
U000636,O007848,10,0.0691,0.0653,0.6525
U000636,O007848,11,0.0631,0.0593,0.6525
U000636,O007848,12,0.0571,0.0544,0.6525
U000636,O007848,13,0.0601,0.0502,0.6525
U000636,O007848,14,0.0631,0.05,0.6525
U000636,O007848,15,0.0661,0.05,0.6525
U000636,O007848,16,0.0631,0.05,0.6525
U000636,O007848,17,0.045,0.05,0.6525
U000636,O007848,18,0.039,0.05,0.6525
U000636,O007848,19,0.036,0.05,0.6525
U000636,O007848,20,0.0631,0.05,0.6525
U000636,O022582,1,0.6486,0.623,0.623
U000636,O022582,2,0.3213,0.3115,0.623
U000636,O022582,3,0.2282,0.2077,0.623
U000636,O022582,4,0.1532,0.1557,0.623
U000636,O022582,5,0.1261,0.1246,0.623
U000636,O022582,6,0.1141,0.1038,0.623
U000636,O022582,7,0.0661,0.089,0.623
U000636,O022582,8,0.0781,0.0779,0.623
U000636,O022582,9,0.0601,0.0692,0.623
U000636,O022582,10,0.0781,0.0623,0.623
U000636,O022582,11,0.042,0.0566,0.623
U000636,O022582,12,0.0511,0.0519,0.623
U000636,O022582,13,0.0571,0.05,0.623
U000636,O022582,14,0.0571,0.05,0.623
U000636,O022582,15,0.03,0.05,0.623
U000636,O022582,16,0.03,0.05,0.623
U000636,O022582,17,0.0571,0.05,0.623
U000636,O022582,18,0.048,0.05,0.623
U000636,O022582,19,0.048,0.05,0.623
U000636,O022582,20,0.039,0.05,0.623
U000636,O047848,1,0.5616,0.6213,0.6213
U000636,O047848,2,0.2973,0.3106,0.6213
U000636,O047848,3,0.2132,0.2071,0.6213
U000636,O047848,4,0.1471,0.1553,0.6213
U000636,O047848,5,0.1411,0.1243,0.6213
U000636,O047848,6,0.0991,0.1035,0.6213
U000636,O047848,7,0.1171,0.0888,0.6213
U000636,O047848,8,0.0781,0.0777,0.6213
U000636,O047848,9,0.0631,0.069,0.6213
U000636,O047848,10,0.0541,0.0621,0.6213
U000636,O047848,11,0.048,0.0565,0.6213
U000636,O047848,12,0.0541,0.0518,0.6213
U000636,O047848,13,0.0541,0.05,0.6213
U000636,O047848,14,0.0541,0.05,0.6213
U000636,O047848,15,0.039,0.05,0.6213
U000636,O047848,16,0.0721,0.05,0.6213
U000636,O047848,17,0.042,0.05,0.6213
U000636,O047848,18,0.039,0.05,0.6213
U000636,O047848,19,0.0511,0.05,0.6213
U000636,O047848,20,0.0691,0.05,0.6213
U000636,O042594,1,0.6126,0.6,0.6
U000636,O042594,2,0.2072,0.3,0.6
U000636,O042594,3,0.2072,0.2,0.6
U000636,O042594,4,0.1742,0.15,0.6
U000636,O042594,5,0.1021,0.12,0.6
U000636,O042594,6,0.1351,0.1,0.6
U000636,O042594,7,0.0841,0.0857,0.6
U000636,O042594,8,0.0931,0.075,0.6
U000636,O042594,9,0.0871,0.0667,0.6
U000636,O042594,10,0.0541,0.06,0.6
U000636,O042594,11,0.0661,0.0545,0.6
U000636,O042594,12,0.042,0.05,0.6
U000636,O042594,13,0.036,0.05,0.6
U000636,O042594,14,0.03,0.05,0.6
U000636,O042594,15,0.036,0.05,0.6
U000636,O042594,16,0.048,0.05,0.6
U000636,O042594,17,0.039,0.05,0.6
U000636,O042594,18,0.0541,0.05,0.6
U000636,O042594,19,0.045,0.05,0.6
U000636,O042594,20,0.0571,0.05,0.6
U000636,O022594,1,0.6126,0.6,0.6
U000636,O022594,2,0.2913,0.3,0.6
U000636,O022594,3,0.2072,0.2,0.6
U000636,O022594,4,0.1532,0.15,0.6
U000636,O022594,5,0.1081,0.12,0.6
U000636,O022594,6,0.1141,0.1,0.6
U000636,O022594,7,0.0931,0.0857,0.6
U000636,O022594,8,0.0841,0.075,0.6
U000636,O022594,9,0.039,0.0667,0.6
U000636,O022594,10,0.0751,0.06,0.6
U000636,O022594,11,0.0661,0.0545,0.6
U000636,O022594,12,0.042,0.05,0.6
U000636,O022594,13,0.0571,0.05,0.6
U000636,O022594,14,0.048,0.05,0.6
U000636,O022594,15,0.0511,0.05,0.6
U000636,O022594,16,0.0631,0.05,0.6
U000636,O022594,17,0.033,0.05,0.6
U000636,O022594,18,0.0601,0.05,0.6
U000636,O022594,19,0.033,0.05,0.6
U000636,O022594,20,0.048,0.05,0.6
U000636,O002594,1,0.6216,0.6,0.6
U000636,O002594,2,0.3003,0.3,0.6
U000636,O002594,3,0.1922,0.2,0.6
U000636,O002594,4,0.1171,0.15,0.6
U000636,O002594,5,0.1021,0.12,0.6
U000636,O002594,6,0.1081,0.1,0.6
U000636,O002594,7,0.0961,0.0857,0.6
U000636,O002594,8,0.042,0.075,0.6
U000636,O002594,9,0.0691,0.0667,0.6
U000636,O002594,10,0.048,0.06,0.6
U000636,O002594,11,0.0601,0.0545,0.6
U000636,O002594,12,0.045,0.05,0.6
U000636,O002594,13,0.0541,0.05,0.6
U000636,O002594,14,0.0631,0.05,0.6
U000636,O002594,15,0.0511,0.05,0.6
U000636,O002594,16,0.0511,0.05,0.6
U000636,O002594,17,0.0661,0.05,0.6
U000636,O002594,18,0.0751,0.05,0.6
U000636,O002594,19,0.0661,0.05,0.6
U000636,O002594,20,0.03,0.05,0.6
U000636,O032582,1,0.6186,0.5929,0.5929
U000636,O032582,2,0.2943,0.2965,0.5929
U000636,O032582,3,0.2282,0.1976,0.5929
U000636,O032582,4,0.1441,0.1482,0.5929
U000636,O032582,5,0.0841,0.1186,0.5929
U000636,O032582,6,0.1051,0.0988,0.5929
U000636,O032582,7,0.0931,0.0847,0.5929
U000636,O032582,8,0.0631,0.0741,0.5929
U000636,O032582,9,0.0661,0.0659,0.5929
U000636,O032582,10,0.0601,0.0593,0.5929
U000636,O032582,11,0.048,0.0539,0.5929
U000636,O032582,12,0.0631,0.05,0.5929
U000636,O032582,13,0.042,0.05,0.5929
U000636,O032582,14,0.0631,0.05,0.5929
U000636,O032582,15,0.045,0.05,0.5929
U000636,O032582,16,0.036,0.05,0.5929
U000636,O032582,17,0.0631,0.05,0.5929
U000636,O032582,18,0.033,0.05,0.5929
U000636,O032582,19,0.0511,0.05,0.5929
U000636,O032582,20,0.024,0.05,0.5929
U000636,O011089,1,0.6547,0.5905,0.5905
U000636,O011089,2,0.2943,0.2953,0.5905
U000636,O011089,3,0.1832,0.1968,0.5905
U000636,O011089,4,0.1502,0.1476,0.5905
U000636,O011089,5,0.1381,0.1181,0.5905
U000636,O011089,6,0.0901,0.0984,0.5905
U000636,O011089,7,0.0721,0.0844,0.5905
U000636,O011089,8,0.0691,0.0738,0.5905
U000636,O011089,9,0.0661,0.0656,0.5905
U000636,O011089,10,0.0541,0.0591,0.5905
U000636,O011089,11,0.0661,0.0537,0.5905
U000636,O011089,12,0.0571,0.05,0.5905
U000636,O011089,13,0.0571,0.05,0.5905
U000636,O011089,14,0.0541,0.05,0.5905
U000636,O011089,15,0.0511,0.05,0.5905
U000636,O011089,16,0.045,0.05,0.5905
U000636,O011089,17,0.042,0.05,0.5905
U000636,O011089,18,0.036,0.05,0.5905
U000636,O011089,19,0.036,0.05,0.5905
U000636,O011089,20,0.045,0.05,0.5905
U000636,O002582,1,0.5946,0.5788,0.5788
U000636,O002582,2,0.3063,0.2894,0.5788
U000636,O002582,3,0.1802,0.1929,0.5788
U000636,O002582,4,0.1502,0.1447,0.5788
U000636,O002582,5,0.0751,0.1158,0.5788
U000636,O002582,6,0.1021,0.0965,0.5788
U000636,O002582,7,0.0991,0.0827,0.5788
U000636,O002582,8,0.0661,0.0723,0.5788
U000636,O002582,9,0.0721,0.0643,0.5788
U000636,O002582,10,0.0841,0.0579,0.5788
U000636,O002582,11,0.039,0.0526,0.5788
U000636,O002582,12,0.0511,0.05,0.5788
U000636,O002582,13,0.0541,0.05,0.5788
U000636,O002582,14,0.033,0.05,0.5788
U000636,O002582,15,0.033,0.05,0.5788
U000636,O002582,16,0.042,0.05,0.5788
U000636,O002582,17,0.0691,0.05,0.5788
U000636,O002582,18,0.042,0.05,0.5788
U000636,O002582,19,0.039,0.05,0.5788
U000636,O002582,20,0.0811,0.05,0.5788
U000636,O042582,1,0.5255,0.5451,0.5451
U000636,O042582,2,0.2763,0.2726,0.5451
U000636,O042582,3,0.1832,0.1817,0.5451
U000636,O042582,4,0.1502,0.1363,0.5451
U000636,O042582,5,0.1231,0.109,0.5451
U000636,O042582,6,0.1231,0.0909,0.5451
U000636,O042582,7,0.0541,0.0779,0.5451
U000636,O042582,8,0.0691,0.0681,0.5451
U000636,O042582,9,0.0721,0.0606,0.5451
U000636,O042582,10,0.0781,0.0545,0.5451
U000636,O042582,11,0.0631,0.05,0.5451
U000636,O042582,12,0.0511,0.05,0.5451
U000636,O042582,13,0.0571,0.05,0.5451
U000636,O042582,14,0.048,0.05,0.5451
U000636,O042582,15,0.045,0.05,0.5451
U000636,O042582,16,0.0511,0.05,0.5451
U000636,O042582,17,0.039,0.05,0.5451
U000636,O042582,18,0.045,0.05,0.5451
U000636,O042582,19,0.048,0.05,0.5451
U000636,O042582,20,0.042,0.05,0.5451
U000636,O041089,1,0.5465,0.5419,0.5419
U000636,O041089,2,0.2342,0.2709,0.5419
U000636,O041089,3,0.1922,0.1806,0.5419
U000636,O041089,4,0.1081,0.1355,0.5419
U000636,O041089,5,0.1111,0.1084,0.5419
U000636,O041089,6,0.0931,0.0903,0.5419
U000636,O041089,7,0.0721,0.0774,0.5419
U000636,O041089,8,0.0781,0.0677,0.5419
U000636,O041089,9,0.0601,0.0602,0.5419
U000636,O041089,10,0.0601,0.0542,0.5419
U000636,O041089,11,0.0511,0.05,0.5419
U000636,O041089,12,0.045,0.05,0.5419
U000636,O041089,13,0.048,0.05,0.5419
U000636,O041089,14,0.045,0.05,0.5419
U000636,O041089,15,0.039,0.05,0.5419
U000636,O041089,16,0.045,0.05,0.5419
U000636,O041089,17,0.0541,0.05,0.5419
U000636,O041089,18,0.0631,0.05,0.5419
U000636,O041089,19,0.042,0.05,0.5419
U000636,O041089,20,0.0541,0.05,0.5419
U000636,O001089,1,0.5315,0.5334,0.5334
U000636,O001089,2,0.2823,0.2667,0.5334
U000636,O001089,3,0.1952,0.1778,0.5334
U000636,O001089,4,0.1111,0.1333,0.5334
U000636,O001089,5,0.0871,0.1067,0.5334
U000636,O001089,6,0.0901,0.0889,0.5334
U000636,O001089,7,0.0541,0.0762,0.5334
U000636,O001089,8,0.0901,0.0667,0.5334
U000636,O001089,9,0.042,0.0593,0.5334
U000636,O001089,10,0.042,0.0533,0.5334
U000636,O001089,11,0.039,0.05,0.5334
U000636,O001089,12,0.021,0.05,0.5334
U000636,O001089,13,0.045,0.05,0.5334
U000636,O001089,14,0.0541,0.05,0.5334
U000636,O001089,15,0.0571,0.05,0.5334
U000636,O001089,16,0.0661,0.05,0.5334
U000636,O001089,17,0.0631,0.05,0.5334
U000636,O001089,18,0.033,0.05,0.5334
U000636,O001089,19,0.048,0.05,0.5334
U000636,O001089,20,0.042,0.05,0.5334
U000943,O042016,1,0.8198,0.8315,0.8315
U000943,O042016,2,0.3994,0.4157,0.8315
U000943,O042016,3,0.2883,0.2772,0.8315
U000943,O042016,4,0.2402,0.2079,0.8315
U000943,O042016,5,0.2042,0.1663,0.8315
U000943,O042016,6,0.0931,0.1386,0.8315
U000943,O042016,7,0.1171,0.1188,0.8315
U000943,O042016,8,0.0991,0.1039,0.8315
U000943,O042016,9,0.0841,0.0924,0.8315
U000943,O042016,10,0.0841,0.0831,0.8315
U000943,O042016,11,0.0871,0.0756,0.8315
U000943,O042016,12,0.0631,0.0693,0.8315
U000943,O042016,13,0.0991,0.064,0.8315
U000943,O042016,14,0.0511,0.0594,0.8315
U000943,O042016,15,0.048,0.0554,0.8315
U000943,O042016,16,0.048,0.052,0.8315
U000943,O042016,17,0.039,0.05,0.8315
U000943,O042016,18,0.045,0.05,0.8315
U000943,O042016,19,0.024,0.05,0.8315
U000943,O042016,20,0.042,0.05,0.8315
U000943,O012583,1,0.8619,0.8235,0.8235
U000943,O012583,2,0.4414,0.4118,0.8235
U000943,O012583,3,0.2793,0.2745,0.8235
U000943,O012583,4,0.2072,0.2059,0.8235
U000943,O012583,5,0.1682,0.1647,0.8235
U000943,O012583,6,0.1321,0.1373,0.8235
U000943,O012583,7,0.1141,0.1176,0.8235
U000943,O012583,8,0.0901,0.1029,0.8235
U000943,O012583,9,0.0781,0.0915,0.8235
U000943,O012583,10,0.0841,0.0824,0.8235
U000943,O012583,11,0.0661,0.0749,0.8235
U000943,O012583,12,0.048,0.0686,0.8235
U000943,O012583,13,0.0721,0.0633,0.8235
U000943,O012583,14,0.048,0.0588,0.8235
U000943,O012583,15,0.045,0.0549,0.8235
U000943,O012583,16,0.036,0.0515,0.8235
U000943,O012583,17,0.0511,0.05,0.8235
U000943,O012583,18,0.0511,0.05,0.8235
U000943,O012583,19,0.0721,0.05,0.8235
U000943,O012583,20,0.027,0.05,0.8235
U000943,O032583,1,0.8078,0.8224,0.8224
U000943,O032583,2,0.3904,0.4112,0.8224
U000943,O032583,3,0.2883,0.2741,0.8224
U000943,O032583,4,0.1802,0.2056,0.8224
U000943,O032583,5,0.1471,0.1645,0.8224
U000943,O032583,6,0.1471,0.1371,0.8224
U000943,O032583,7,0.1562,0.1175,0.8224
U000943,O032583,8,0.1021,0.1028,0.8224
U000943,O032583,9,0.1021,0.0914,0.8224
U000943,O032583,10,0.0541,0.0822,0.8224
U000943,O032583,11,0.0631,0.0748,0.8224
U000943,O032583,12,0.0661,0.0685,0.8224
U000943,O032583,13,0.0721,0.0633,0.8224
U000943,O032583,14,0.0661,0.0587,0.8224
U000943,O032583,15,0.042,0.0548,0.8224
U000943,O032583,16,0.042,0.0514,0.8224
U000943,O032583,17,0.042,0.05,0.8224
U000943,O032583,18,0.0541,0.05,0.8224
U000943,O032583,19,0.036,0.05,0.8224
U000943,O032583,20,0.0511,0.05,0.8224
U000943,O002583,1,0.8138,0.8121,0.8121
U000943,O002583,2,0.4294,0.406,0.8121
U000943,O002583,3,0.2523,0.2707,0.8121
U000943,O002583,4,0.2102,0.203,0.8121
U000943,O002583,5,0.1652,0.1624,0.8121
U000943,O002583,6,0.1321,0.1353,0.8121
U000943,O002583,7,0.1201,0.116,0.8121
U000943,O002583,8,0.0931,0.1015,0.8121
U000943,O002583,9,0.1201,0.0902,0.8121
U000943,O002583,10,0.0961,0.0812,0.8121
U000943,O002583,11,0.0781,0.0738,0.8121
U000943,O002583,12,0.0571,0.0677,0.8121
U000943,O002583,13,0.0571,0.0625,0.8121
U000943,O002583,14,0.0781,0.058,0.8121
U000943,O002583,15,0.0811,0.0541,0.8121
U000943,O002583,16,0.039,0.0508,0.8121
U000943,O002583,17,0.027,0.05,0.8121
U000943,O002583,18,0.0571,0.05,0.8121
U000943,O002583,19,0.0541,0.05,0.8121
U000943,O002583,20,0.036,0.05,0.8121
U000943,O022583,1,0.7778,0.7974,0.7974
U000943,O022583,2,0.3994,0.3987,0.7974
U000943,O022583,3,0.2913,0.2658,0.7974
U000943,O022583,4,0.2012,0.1994,0.7974
U000943,O022583,5,0.1441,0.1595,0.7974
U000943,O022583,6,0.1381,0.1329,0.7974
U000943,O022583,7,0.1502,0.1139,0.7974
U000943,O022583,8,0.0721,0.0997,0.7974
U000943,O022583,9,0.0661,0.0886,0.7974
U000943,O022583,10,0.0961,0.0797,0.7974
U000943,O022583,11,0.0811,0.0725,0.7974
U000943,O022583,12,0.0571,0.0665,0.7974
U000943,O022583,13,0.0811,0.0613,0.7974
U000943,O022583,14,0.0571,0.057,0.7974
U000943,O022583,15,0.0661,0.0532,0.7974
U000943,O022583,16,0.048,0.05,0.7974
U000943,O022583,17,0.0511,0.05,0.7974
U000943,O022583,18,0.0571,0.05,0.7974
U000943,O022583,19,0.0751,0.05,0.7974
U000943,O022583,20,0.045,0.05,0.7974
U000943,O011062,1,0.7357,0.7913,0.7913
U000943,O011062,2,0.4324,0.3956,0.7913
U000943,O011062,3,0.2613,0.2638,0.7913
U000943,O011062,4,0.2402,0.1978,0.7913
U000943,O011062,5,0.1712,0.1583,0.7913
U000943,O011062,6,0.1471,0.1319,0.7913
U000943,O011062,7,0.0961,0.113,0.7913
U000943,O011062,8,0.1111,0.0989,0.7913
U000943,O011062,9,0.0931,0.0879,0.7913
U000943,O011062,10,0.0781,0.0791,0.7913
U000943,O011062,11,0.0901,0.0719,0.7913
U000943,O011062,12,0.0811,0.0659,0.7913
U000943,O011062,13,0.0691,0.0609,0.7913
U000943,O011062,14,0.0631,0.0565,0.7913
U000943,O011062,15,0.0631,0.0528,0.7913
U000943,O011062,16,0.0511,0.05,0.7913
U000943,O011062,17,0.039,0.05,0.7913
U000943,O011062,18,0.048,0.05,0.7913
U000943,O011062,19,0.048,0.05,0.7913
U000943,O011062,20,0.039,0.05,0.7913
U000943,O021062,1,0.7598,0.7856,0.7856
U000943,O021062,2,0.3483,0.3928,0.7856
U000943,O021062,3,0.2673,0.2619,0.7856
U000943,O021062,4,0.1862,0.1964,0.7856
U000943,O021062,5,0.1562,0.1571,0.7856
U000943,O021062,6,0.1381,0.1309,0.7856
U000943,O021062,7,0.0991,0.1122,0.7856
U000943,O021062,8,0.1291,0.0982,0.7856
U000943,O021062,9,0.1021,0.0873,0.7856
U000943,O021062,10,0.0811,0.0786,0.7856
U000943,O021062,11,0.0901,0.0714,0.7856
U000943,O021062,12,0.0631,0.0655,0.7856
U000943,O021062,13,0.0721,0.0604,0.7856
U000943,O021062,14,0.045,0.0561,0.7856
U000943,O021062,15,0.048,0.0524,0.7856
U000943,O021062,16,0.0631,0.05,0.7856
U000943,O021062,17,0.0721,0.05,0.7856
U000943,O021062,18,0.048,0.05,0.7856
U000943,O021062,19,0.048,0.05,0.7856
U000943,O021062,20,0.0511,0.05,0.7856
U000943,O001062,1,0.8078,0.7798,0.7798
U000943,O001062,2,0.3784,0.3899,0.7798
U000943,O001062,3,0.2703,0.2599,0.7798
U000943,O001062,4,0.1952,0.195,0.7798
U000943,O001062,5,0.1592,0.156,0.7798
U000943,O001062,6,0.1682,0.13,0.7798
U000943,O001062,7,0.0931,0.1114,0.7798
U000943,O001062,8,0.1141,0.0975,0.7798
U000943,O001062,9,0.0961,0.0866,0.7798
U000943,O001062,10,0.1111,0.078,0.7798
U000943,O001062,11,0.0571,0.0709,0.7798
U000943,O001062,12,0.039,0.065,0.7798
U000943,O001062,13,0.048,0.06,0.7798
U000943,O001062,14,0.0541,0.0557,0.7798
U000943,O001062,15,0.0601,0.052,0.7798
U000943,O001062,16,0.048,0.05,0.7798
U000943,O001062,17,0.048,0.05,0.7798
U000943,O001062,18,0.0811,0.05,0.7798
U000943,O001062,19,0.0601,0.05,0.7798
U000943,O001062,20,0.0571,0.05,0.7798
U000943,O041062,1,0.7748,0.7764,0.7764
U000943,O041062,2,0.4414,0.3882,0.7764
U000943,O041062,3,0.2823,0.2588,0.7764
U000943,O041062,4,0.2072,0.1941,0.7764
U000943,O041062,5,0.1441,0.1553,0.7764
U000943,O041062,6,0.1381,0.1294,0.7764
U000943,O041062,7,0.1051,0.1109,0.7764
U000943,O041062,8,0.1231,0.0971,0.7764
U000943,O041062,9,0.0511,0.0863,0.7764
U000943,O041062,10,0.0571,0.0776,0.7764
U000943,O041062,11,0.0811,0.0706,0.7764
U000943,O041062,12,0.0571,0.0647,0.7764
U000943,O041062,13,0.0691,0.0597,0.7764
U000943,O041062,14,0.0571,0.0555,0.7764
U000943,O041062,15,0.048,0.0518,0.7764
U000943,O041062,16,0.0841,0.05,0.7764
U000943,O041062,17,0.042,0.05,0.7764
U000943,O041062,18,0.0661,0.05,0.7764
U000943,O041062,19,0.045,0.05,0.7764
U000943,O041062,20,0.0541,0.05,0.7764
U000943,O022016,1,0.6817,0.7267,0.7267
U000943,O022016,2,0.3423,0.3633,0.7267
U000943,O022016,3,0.2523,0.2422,0.7267
U000943,O022016,4,0.2012,0.1817,0.7267
U000943,O022016,5,0.1171,0.1453,0.7267
U000943,O022016,6,0.1021,0.1211,0.7267
U000943,O022016,7,0.0871,0.1038,0.7267
U000943,O022016,8,0.0901,0.0908,0.7267
U000943,O022016,9,0.0721,0.0807,0.7267
U000943,O022016,10,0.0571,0.0727,0.7267
U000943,O022016,11,0.0631,0.0661,0.7267
U000943,O022016,12,0.0751,0.0606,0.7267
U000943,O022016,13,0.033,0.0559,0.7267
U000943,O022016,14,0.03,0.0519,0.7267
U000943,O022016,15,0.0541,0.05,0.7267
U000943,O022016,16,0.048,0.05,0.7267
U000943,O022016,17,0.048,0.05,0.7267
U000943,O022016,18,0.0601,0.05,0.7267
U000943,O022016,19,0.048,0.05,0.7267
U000943,O022016,20,0.0541,0.05,0.7267
U000943,O032016,1,0.7477,0.7267,0.7267
U000943,O032016,2,0.3333,0.3633,0.7267
U000943,O032016,3,0.2372,0.2422,0.7267
U000943,O032016,4,0.1592,0.1817,0.7267
U000943,O032016,5,0.1411,0.1453,0.7267
U000943,O032016,6,0.1291,0.1211,0.7267
U000943,O032016,7,0.0991,0.1038,0.7267
U000943,O032016,8,0.0871,0.0908,0.7267
U000943,O032016,9,0.0871,0.0807,0.7267
U000943,O032016,10,0.0571,0.0727,0.7267
U000943,O032016,11,0.0541,0.0661,0.7267
U000943,O032016,12,0.0571,0.0606,0.7267
U000943,O032016,13,0.0691,0.0559,0.7267
U000943,O032016,14,0.0541,0.0519,0.7267
U000943,O032016,15,0.048,0.05,0.7267
U000943,O032016,16,0.048,0.05,0.7267
U000943,O032016,17,0.039,0.05,0.7267
U000943,O032016,18,0.03,0.05,0.7267
U000943,O032016,19,0.039,0.05,0.7267
U000943,O032016,20,0.0511,0.05,0.7267
U000943,O012016,1,0.7477,0.7229,0.7229
U000943,O012016,2,0.3483,0.3615,0.7229
U000943,O012016,3,0.2342,0.241,0.7229
U000943,O012016,4,0.1622,0.1807,0.7229
U000943,O012016,5,0.1441,0.1446,0.7229
U000943,O012016,6,0.1502,0.1205,0.7229
U000943,O012016,7,0.1021,0.1033,0.7229
U000943,O012016,8,0.0961,0.0904,0.7229
U000943,O012016,9,0.0931,0.0803,0.7229
U000943,O012016,10,0.0871,0.0723,0.7229
U000943,O012016,11,0.0601,0.0657,0.7229
U000943,O012016,12,0.0661,0.0602,0.7229
U000943,O012016,13,0.0511,0.0556,0.7229
U000943,O012016,14,0.0571,0.0516,0.7229
U000943,O012016,15,0.0721,0.05,0.7229
U000943,O012016,16,0.0871,0.05,0.7229
U000943,O012016,17,0.0511,0.05,0.7229
U000943,O012016,18,0.0721,0.05,0.7229
U000943,O012016,19,0.039,0.05,0.7229
U000943,O012016,20,0.0571,0.05,0.7229
U000943,O041191,1,0.6847,0.6667,0.6667
U000943,O041191,2,0.3994,0.3333,0.6667
U000943,O041191,3,0.2282,0.2222,0.6667
U000943,O041191,4,0.1592,0.1667,0.6667
U000943,O041191,5,0.1441,0.1333,0.6667
U000943,O041191,6,0.1141,0.1111,0.6667
U000943,O041191,7,0.1021,0.0952,0.6667
U000943,O041191,8,0.0901,0.0833,0.6667
U000943,O041191,9,0.0931,0.0741,0.6667
U000943,O041191,10,0.0871,0.0667,0.6667
U000943,O041191,11,0.0751,0.0606,0.6667
U000943,O041191,12,0.0511,0.0556,0.6667
U000943,O041191,13,0.0751,0.0513,0.6667
U000943,O041191,14,0.045,0.05,0.6667
U000943,O041191,15,0.0601,0.05,0.6667
U000943,O041191,16,0.03,0.05,0.6667
U000943,O041191,17,0.042,0.05,0.6667
U000943,O041191,18,0.0661,0.05,0.6667
U000943,O041191,19,0.0601,0.05,0.6667
U000943,O041191,20,0.042,0.05,0.6667
U000943,O015779,1,0.6036,0.6451,0.6451
U000943,O015779,2,0.2913,0.3225,0.6451
U000943,O015779,3,0.2192,0.215,0.6451
U000943,O015779,4,0.1742,0.1613,0.6451
U000943,O015779,5,0.1502,0.129,0.6451
U000943,O015779,6,0.0871,0.1075,0.6451
U000943,O015779,7,0.1021,0.0922,0.6451
U000943,O015779,8,0.0661,0.0806,0.6451
U000943,O015779,9,0.039,0.0717,0.6451
U000943,O015779,10,0.0691,0.0645,0.6451
U000943,O015779,11,0.042,0.0586,0.6451
U000943,O015779,12,0.0601,0.0538,0.6451
U000943,O015779,13,0.039,0.05,0.6451
U000943,O015779,14,0.045,0.05,0.6451
U000943,O015779,15,0.0601,0.05,0.6451
U000943,O015779,16,0.0571,0.05,0.6451
U000943,O015779,17,0.045,0.05,0.6451
U000943,O015779,18,0.0601,0.05,0.6451
U000943,O015779,19,0.0541,0.05,0.6451
U000943,O015779,20,0.0601,0.05,0.6451
U000943,O001191,1,0.5165,0.5667,0.5667
U000943,O001191,2,0.2372,0.2833,0.5667
U000943,O001191,3,0.1922,0.1889,0.5667
U000943,O001191,4,0.1051,0.1417,0.5667
U000943,O001191,5,0.1411,0.1133,0.5667
U000943,O001191,6,0.0901,0.0944,0.5667
U000943,O001191,7,0.0541,0.081,0.5667
U000943,O001191,8,0.1111,0.0708,0.5667
U000943,O001191,9,0.0721,0.063,0.5667
U000943,O001191,10,0.0601,0.0567,0.5667
U000943,O001191,11,0.045,0.0515,0.5667
U000943,O001191,12,0.045,0.05,0.5667
U000943,O001191,13,0.0571,0.05,0.5667
U000943,O001191,14,0.039,0.05,0.5667
U000943,O001191,15,0.042,0.05,0.5667
U000943,O001191,16,0.045,0.05,0.5667
U000943,O001191,17,0.039,0.05,0.5667
U000943,O001191,18,0.042,0.05,0.5667
U000943,O001191,19,0.0541,0.05,0.5667
U000943,O001191,20,0.048,0.05,0.5667
U000943,O011191,1,0.5796,0.5667,0.5667
U000943,O011191,2,0.3033,0.2833,0.5667
U000943,O011191,3,0.1892,0.1889,0.5667
U000943,O011191,4,0.1381,0.1417,0.5667
U000943,O011191,5,0.0841,0.1133,0.5667
U000943,O011191,6,0.0691,0.0944,0.5667
U000943,O011191,7,0.0871,0.081,0.5667
U000943,O011191,8,0.0721,0.0708,0.5667
U000943,O011191,9,0.0781,0.063,0.5667
U000943,O011191,10,0.0571,0.0567,0.5667
U000943,O011191,11,0.039,0.0515,0.5667
U000943,O011191,12,0.0571,0.05,0.5667
U000943,O011191,13,0.0631,0.05,0.5667
U000943,O011191,14,0.042,0.05,0.5667
U000943,O011191,15,0.0661,0.05,0.5667
U000943,O011191,16,0.033,0.05,0.5667
U000943,O011191,17,0.048,0.05,0.5667
U000943,O011191,18,0.045,0.05,0.5667
U000943,O011191,19,0.0721,0.05,0.5667
U000943,O011191,20,0.039,0.05,0.5667
U000943,O021191,1,0.5586,0.5667,0.5667
U000943,O021191,2,0.2853,0.2833,0.5667
U000943,O021191,3,0.2102,0.1889,0.5667
U000943,O021191,4,0.1291,0.1417,0.5667
U000943,O021191,5,0.1111,0.1133,0.5667
U000943,O021191,6,0.1021,0.0944,0.5667
U000943,O021191,7,0.0691,0.081,0.5667
U000943,O021191,8,0.0781,0.0708,0.5667
U000943,O021191,9,0.045,0.063,0.5667
U000943,O021191,10,0.0661,0.0567,0.5667
U000943,O021191,11,0.042,0.0515,0.5667
U000943,O021191,12,0.0691,0.05,0.5667
U000943,O021191,13,0.039,0.05,0.5667
U000943,O021191,14,0.048,0.05,0.5667
U000943,O021191,15,0.0631,0.05,0.5667
U000943,O021191,16,0.048,0.05,0.5667
U000943,O021191,17,0.0631,0.05,0.5667
U000943,O021191,18,0.042,0.05,0.5667
U000943,O021191,19,0.036,0.05,0.5667
U000943,O021191,20,0.0631,0.05,0.5667
U000943,O025779,1,0.4955,0.5482,0.5482
U000943,O025779,2,0.2973,0.2741,0.5482
U000943,O025779,3,0.2132,0.1827,0.5482
U000943,O025779,4,0.1441,0.1371,0.5482
U000943,O025779,5,0.1381,0.1096,0.5482
U000943,O025779,6,0.1111,0.0914,0.5482
U000943,O025779,7,0.0991,0.0783,0.5482
U000943,O025779,8,0.0661,0.0685,0.5482
U000943,O025779,9,0.0601,0.0609,0.5482
U000943,O025779,10,0.0571,0.0548,0.5482
U000943,O025779,11,0.0661,0.05,0.5482
U000943,O025779,12,0.0541,0.05,0.5482
U000943,O025779,13,0.045,0.05,0.5482
U000943,O025779,14,0.042,0.05,0.5482
U000943,O025779,15,0.036,0.05,0.5482
U000943,O025779,16,0.0541,0.05,0.5482
U000943,O025779,17,0.045,0.05,0.5482
U000943,O025779,18,0.0541,0.05,0.5482
U000943,O025779,19,0.042,0.05,0.5482
U000943,O025779,20,0.0511,0.05,0.5482
U000943,O045779,1,0.5646,0.5338,0.5338
U000943,O045779,2,0.2913,0.2669,0.5338
U000943,O045779,3,0.1982,0.1779,0.5338
U000943,O045779,4,0.1231,0.1334,0.5338
U000943,O045779,5,0.0901,0.1068,0.5338
U000943,O045779,6,0.0871,0.089,0.5338
U000943,O045779,7,0.0601,0.0763,0.5338
U000943,O045779,8,0.042,0.0667,0.5338
U000943,O045779,9,0.0601,0.0593,0.5338
U000943,O045779,10,0.048,0.0534,0.5338
U000943,O045779,11,0.048,0.05,0.5338
U000943,O045779,12,0.039,0.05,0.5338
U000943,O045779,13,0.0511,0.05,0.5338
U000943,O045779,14,0.027,0.05,0.5338
U000943,O045779,15,0.0511,0.05,0.5338
U000943,O045779,16,0.027,0.05,0.5338
U000943,O045779,17,0.048,0.05,0.5338
U000943,O045779,18,0.0631,0.05,0.5338
U000943,O045779,19,0.036,0.05,0.5338
U000943,O045779,20,0.036,0.05,0.5338
U000943,O005779,1,0.5285,0.5332,0.5332
U000943,O005779,2,0.3003,0.2666,0.5332
U000943,O005779,3,0.1952,0.1777,0.5332
U000943,O005779,4,0.1652,0.1333,0.5332
U000943,O005779,5,0.1111,0.1066,0.5332
U000943,O005779,6,0.0661,0.0889,0.5332
U000943,O005779,7,0.0661,0.0762,0.5332
U000943,O005779,8,0.0541,0.0667,0.5332
U000943,O005779,9,0.0781,0.0592,0.5332
U000943,O005779,10,0.0601,0.0533,0.5332
U000943,O005779,11,0.048,0.05,0.5332
U000943,O005779,12,0.0541,0.05,0.5332
U000943,O005779,13,0.0601,0.05,0.5332
U000943,O005779,14,0.0601,0.05,0.5332
U000943,O005779,15,0.03,0.05,0.5332
U000943,O005779,16,0.033,0.05,0.5332
U000943,O005779,17,0.0631,0.05,0.5332
U000943,O005779,18,0.036,0.05,0.5332
U000943,O005779,19,0.0601,0.05,0.5332
U000943,O005779,20,0.0661,0.05,0.5332
U000197,O021191,1,0.8288,0.8121,0.8121
U000197,O021191,2,0.3814,0.4061,0.8121
U000197,O021191,3,0.2853,0.2707,0.8121
U000197,O021191,4,0.2342,0.203,0.8121
U000197,O021191,5,0.1562,0.1624,0.8121
U000197,O021191,6,0.1471,0.1354,0.8121
U000197,O021191,7,0.1141,0.116,0.8121
U000197,O021191,8,0.1021,0.1015,0.8121
U000197,O021191,9,0.0781,0.0902,0.8121
U000197,O021191,10,0.0661,0.0812,0.8121
U000197,O021191,11,0.0751,0.0738,0.8121
U000197,O021191,12,0.0751,0.0677,0.8121
U000197,O021191,13,0.0721,0.0625,0.8121
U000197,O021191,14,0.0511,0.058,0.8121
U000197,O021191,15,0.0541,0.0541,0.8121
U000197,O021191,16,0.045,0.0508,0.8121
U000197,O021191,17,0.048,0.05,0.8121
U000197,O021191,18,0.036,0.05,0.8121
U000197,O021191,19,0.0541,0.05,0.8121
U000197,O021191,20,0.0541,0.05,0.8121
U000197,O001191,1,0.7327,0.7319,0.7319
U000197,O001191,2,0.3904,0.3659,0.7319
U000197,O001191,3,0.2282,0.244,0.7319
U000197,O001191,4,0.2372,0.183,0.7319
U000197,O001191,5,0.1802,0.1464,0.7319
U000197,O001191,6,0.1381,0.122,0.7319
U000197,O001191,7,0.0991,0.1046,0.7319
U000197,O001191,8,0.0931,0.0915,0.7319
U000197,O001191,9,0.0811,0.0813,0.7319
U000197,O001191,10,0.0751,0.0732,0.7319
U000197,O001191,11,0.0811,0.0665,0.7319
U000197,O001191,12,0.0661,0.061,0.7319
U000197,O001191,13,0.048,0.0563,0.7319
U000197,O001191,14,0.045,0.0523,0.7319
U000197,O001191,15,0.0631,0.05,0.7319
U000197,O001191,16,0.039,0.05,0.7319
U000197,O001191,17,0.048,0.05,0.7319
U000197,O001191,18,0.0601,0.05,0.7319
U000197,O001191,19,0.039,0.05,0.7319
U000197,O001191,20,0.042,0.05,0.7319
U000197,O001062,1,0.7327,0.722,0.722
U000197,O001062,2,0.3363,0.361,0.722
U000197,O001062,3,0.2192,0.2407,0.722
U000197,O001062,4,0.2282,0.1805,0.722
U000197,O001062,5,0.1742,0.1444,0.722
U000197,O001062,6,0.1201,0.1203,0.722
U000197,O001062,7,0.0961,0.1031,0.722
U000197,O001062,8,0.1051,0.0902,0.722
U000197,O001062,9,0.1051,0.0802,0.722
U000197,O001062,10,0.048,0.0722,0.722
U000197,O001062,11,0.0601,0.0656,0.722
U000197,O001062,12,0.0601,0.0602,0.722
U000197,O001062,13,0.042,0.0555,0.722
U000197,O001062,14,0.0751,0.0516,0.722
U000197,O001062,15,0.027,0.05,0.722
U000197,O001062,16,0.042,0.05,0.722
U000197,O001062,17,0.042,0.05,0.722
U000197,O001062,18,0.0631,0.05,0.722
U000197,O001062,19,0.0511,0.05,0.722
U000197,O001062,20,0.0781,0.05,0.722
U000197,O031191,1,0.7087,0.7203,0.7203
U000197,O031191,2,0.3574,0.3601,0.7203
U000197,O031191,3,0.2282,0.2401,0.7203
U000197,O031191,4,0.1231,0.1801,0.7203
U000197,O031191,5,0.1261,0.1441,0.7203
U000197,O031191,6,0.1081,0.12,0.7203
U000197,O031191,7,0.1201,0.1029,0.7203
U000197,O031191,8,0.1081,0.09,0.7203
U000197,O031191,9,0.1051,0.08,0.7203
U000197,O031191,10,0.0631,0.072,0.7203
U000197,O031191,11,0.0631,0.0655,0.7203
U000197,O031191,12,0.0511,0.06,0.7203
U000197,O031191,13,0.0631,0.0554,0.7203
U000197,O031191,14,0.0631,0.0514,0.7203
U000197,O031191,15,0.048,0.05,0.7203
U000197,O031191,16,0.039,0.05,0.7203
U000197,O031191,17,0.045,0.05,0.7203
U000197,O031191,18,0.042,0.05,0.7203
U000197,O031191,19,0.042,0.05,0.7203
U000197,O031191,20,0.0601,0.05,0.7203
U000197,O041191,1,0.7147,0.7066,0.7066
U000197,O041191,2,0.3393,0.3533,0.7066
U000197,O041191,3,0.2192,0.2355,0.7066
U000197,O041191,4,0.1802,0.1767,0.7066
U000197,O041191,5,0.1291,0.1413,0.7066
U000197,O041191,6,0.1201,0.1178,0.7066
U000197,O041191,7,0.0991,0.1009,0.7066
U000197,O041191,8,0.0751,0.0883,0.7066
U000197,O041191,9,0.0691,0.0785,0.7066
U000197,O041191,10,0.0541,0.0707,0.7066
U000197,O041191,11,0.0751,0.0642,0.7066
U000197,O041191,12,0.0601,0.0589,0.7066
U000197,O041191,13,0.045,0.0544,0.7066
U000197,O041191,14,0.042,0.0505,0.7066
U000197,O041191,15,0.045,0.05,0.7066
U000197,O041191,16,0.0511,0.05,0.7066
U000197,O041191,17,0.0511,0.05,0.7066
U000197,O041191,18,0.0511,0.05,0.7066
U000197,O041191,19,0.0781,0.05,0.7066
U000197,O041191,20,0.0691,0.05,0.7066
U000197,O031062,1,0.6156,0.6218,0.6218
U000197,O031062,2,0.2883,0.3109,0.6218
U000197,O031062,3,0.1652,0.2073,0.6218
U000197,O031062,4,0.1832,0.1555,0.6218
U000197,O031062,5,0.1141,0.1244,0.6218
U000197,O031062,6,0.0931,0.1036,0.6218
U000197,O031062,7,0.0961,0.0888,0.6218
U000197,O031062,8,0.0811,0.0777,0.6218
U000197,O031062,9,0.042,0.0691,0.6218
U000197,O031062,10,0.0511,0.0622,0.6218
U000197,O031062,11,0.0541,0.0565,0.6218
U000197,O031062,12,0.048,0.0518,0.6218
U000197,O031062,13,0.042,0.05,0.6218
U000197,O031062,14,0.027,0.05,0.6218
U000197,O031062,15,0.039,0.05,0.6218
U000197,O031062,16,0.039,0.05,0.6218
U000197,O031062,17,0.033,0.05,0.6218
U000197,O031062,18,0.0571,0.05,0.6218
U000197,O031062,19,0.0601,0.05,0.6218
U000197,O031062,20,0.0601,0.05,0.6218
U000197,O021062,1,0.5736,0.6208,0.6208
U000197,O021062,2,0.2853,0.3104,0.6208
U000197,O021062,3,0.2132,0.2069,0.6208
U000197,O021062,4,0.1502,0.1552,0.6208
U000197,O021062,5,0.1321,0.1242,0.6208
U000197,O021062,6,0.0661,0.1035,0.6208
U000197,O021062,7,0.0751,0.0887,0.6208
U000197,O021062,8,0.0721,0.0776,0.6208
U000197,O021062,9,0.0631,0.069,0.6208
U000197,O021062,10,0.0511,0.0621,0.6208
U000197,O021062,11,0.0661,0.0564,0.6208
U000197,O021062,12,0.0541,0.0517,0.6208
U000197,O021062,13,0.042,0.05,0.6208
U000197,O021062,14,0.048,0.05,0.6208
U000197,O021062,15,0.0571,0.05,0.6208
U000197,O021062,16,0.0631,0.05,0.6208
U000197,O021062,17,0.0631,0.05,0.6208
U000197,O021062,18,0.048,0.05,0.6208
U000197,O021062,19,0.0541,0.05,0.6208
U000197,O021062,20,0.0571,0.05,0.6208
U000197,O032583,1,0.6727,0.6201,0.6201
U000197,O032583,2,0.3483,0.3101,0.6201
U000197,O032583,3,0.2042,0.2067,0.6201
U000197,O032583,4,0.1201,0.155,0.6201
U000197,O032583,5,0.1111,0.124,0.6201
U000197,O032583,6,0.1291,0.1034,0.6201
U000197,O032583,7,0.0871,0.0886,0.6201
U000197,O032583,8,0.0781,0.0775,0.6201
U000197,O032583,9,0.039,0.0689,0.6201
U000197,O032583,10,0.0661,0.062,0.6201
U000197,O032583,11,0.0511,0.0564,0.6201
U000197,O032583,12,0.0721,0.0517,0.6201
U000197,O032583,13,0.039,0.05,0.6201
U000197,O032583,14,0.027,0.05,0.6201
U000197,O032583,15,0.039,0.05,0.6201
U000197,O032583,16,0.0571,0.05,0.6201
U000197,O032583,17,0.0511,0.05,0.6201
U000197,O032583,18,0.0841,0.05,0.6201
U000197,O032583,19,0.036,0.05,0.6201
U000197,O032583,20,0.0541,0.05,0.6201
U000197,O011062,1,0.6577,0.6189,0.6189
U000197,O011062,2,0.2943,0.3094,0.6189
U000197,O011062,3,0.1772,0.2063,0.6189
U000197,O011062,4,0.1141,0.1547,0.6189
U000197,O011062,5,0.1231,0.1238,0.6189
U000197,O011062,6,0.1021,0.1031,0.6189
U000197,O011062,7,0.0661,0.0884,0.6189
U000197,O011062,8,0.0811,0.0774,0.6189
U000197,O011062,9,0.0871,0.0688,0.6189
U000197,O011062,10,0.0541,0.0619,0.6189
U000197,O011062,11,0.0541,0.0563,0.6189
U000197,O011062,12,0.036,0.0516,0.6189
U000197,O011062,13,0.048,0.05,0.6189
U000197,O011062,14,0.0631,0.05,0.6189
U000197,O011062,15,0.0631,0.05,0.6189
U000197,O011062,16,0.036,0.05,0.6189
U000197,O011062,17,0.0721,0.05,0.6189
U000197,O011062,18,0.048,0.05,0.6189
U000197,O011062,19,0.039,0.05,0.6189
U000197,O011062,20,0.048,0.05,0.6189
U000197,O002016,1,0.5796,0.5692,0.5692
U000197,O002016,2,0.3243,0.2846,0.5692
U000197,O002016,3,0.1832,0.1897,0.5692
U000197,O002016,4,0.1471,0.1423,0.5692
U000197,O002016,5,0.1231,0.1138,0.5692
U000197,O002016,6,0.0721,0.0949,0.5692
U000197,O002016,7,0.0781,0.0813,0.5692
U000197,O002016,8,0.0571,0.0711,0.5692
U000197,O002016,9,0.0571,0.0632,0.5692
U000197,O002016,10,0.045,0.0569,0.5692
U000197,O002016,11,0.0721,0.0517,0.5692
U000197,O002016,12,0.036,0.05,0.5692
U000197,O002016,13,0.039,0.05,0.5692
U000197,O002016,14,0.048,0.05,0.5692
U000197,O002016,15,0.042,0.05,0.5692
U000197,O002016,16,0.033,0.05,0.5692
U000197,O002016,17,0.0811,0.05,0.5692
U000197,O002016,18,0.036,0.05,0.5692
U000197,O002016,19,0.0541,0.05,0.5692
U000197,O002016,20,0.048,0.05,0.5692
U000197,O025779,1,0.5435,0.5534,0.5534
U000197,O025779,2,0.3183,0.2767,0.5534
U000197,O025779,3,0.1832,0.1845,0.5534
U000197,O025779,4,0.1772,0.1383,0.5534
U000197,O025779,5,0.1261,0.1107,0.5534
U000197,O025779,6,0.0661,0.0922,0.5534
U000197,O025779,7,0.1081,0.0791,0.5534
U000197,O025779,8,0.0871,0.0692,0.5534
U000197,O025779,9,0.042,0.0615,0.5534
U000197,O025779,10,0.0541,0.0553,0.5534
U000197,O025779,11,0.0691,0.0503,0.5534
U000197,O025779,12,0.048,0.05,0.5534
U000197,O025779,13,0.036,0.05,0.5534
U000197,O025779,14,0.039,0.05,0.5534
U000197,O025779,15,0.039,0.05,0.5534
U000197,O025779,16,0.0511,0.05,0.5534
U000197,O025779,17,0.0511,0.05,0.5534
U000197,O025779,18,0.0571,0.05,0.5534
U000197,O025779,19,0.045,0.05,0.5534
U000197,O025779,20,0.03,0.05,0.5534
U000197,O042583,1,0.4955,0.5233,0.5233
U000197,O042583,2,0.2402,0.2617,0.5233
U000197,O042583,3,0.1772,0.1744,0.5233
U000197,O042583,4,0.1051,0.1308,0.5233
U000197,O042583,5,0.1021,0.1047,0.5233
U000197,O042583,6,0.0751,0.0872,0.5233
U000197,O042583,7,0.0871,0.0748,0.5233
U000197,O042583,8,0.0751,0.0654,0.5233
U000197,O042583,9,0.045,0.0581,0.5233
U000197,O042583,10,0.0541,0.0523,0.5233
U000197,O042583,11,0.0571,0.05,0.5233
U000197,O042583,12,0.039,0.05,0.5233
U000197,O042583,13,0.0691,0.05,0.5233
U000197,O042583,14,0.042,0.05,0.5233
U000197,O042583,15,0.0631,0.05,0.5233
U000197,O042583,16,0.045,0.05,0.5233
U000197,O042583,17,0.045,0.05,0.5233
U000197,O042583,18,0.042,0.05,0.5233
U000197,O042583,19,0.042,0.05,0.5233
U000197,O042583,20,0.045,0.05,0.5233
U000197,O012583,1,0.5135,0.5199,0.5199
U000197,O012583,2,0.2402,0.26,0.5199
U000197,O012583,3,0.1592,0.1733,0.5199
U000197,O012583,4,0.1712,0.13,0.5199
U000197,O012583,5,0.0961,0.104,0.5199
U000197,O012583,6,0.0871,0.0867,0.5199
U000197,O012583,7,0.0721,0.0743,0.5199
U000197,O012583,8,0.048,0.065,0.5199
U000197,O012583,9,0.0901,0.0578,0.5199
U000197,O012583,10,0.0631,0.052,0.5199
U000197,O012583,11,0.0661,0.05,0.5199
U000197,O012583,12,0.0661,0.05,0.5199
U000197,O012583,13,0.0601,0.05,0.5199
U000197,O012583,14,0.048,0.05,0.5199
U000197,O012583,15,0.0511,0.05,0.5199
U000197,O012583,16,0.033,0.05,0.5199
U000197,O012583,17,0.0661,0.05,0.5199
U000197,O012583,18,0.045,0.05,0.5199
U000197,O012583,19,0.0511,0.05,0.5199
U000197,O012583,20,0.036,0.05,0.5199
U000197,O022583,1,0.4775,0.5135,0.5135
U000197,O022583,2,0.2703,0.2568,0.5135
U000197,O022583,3,0.1652,0.1712,0.5135
U000197,O022583,4,0.0991,0.1284,0.5135
U000197,O022583,5,0.0811,0.1027,0.5135
U000197,O022583,6,0.0661,0.0856,0.5135
U000197,O022583,7,0.0931,0.0734,0.5135
U000197,O022583,8,0.0841,0.0642,0.5135
U000197,O022583,9,0.0601,0.0571,0.5135
U000197,O022583,10,0.0511,0.0514,0.5135
U000197,O022583,11,0.045,0.05,0.5135
U000197,O022583,12,0.0631,0.05,0.5135
U000197,O022583,13,0.0601,0.05,0.5135
U000197,O022583,14,0.048,0.05,0.5135
U000197,O022583,15,0.039,0.05,0.5135
U000197,O022583,16,0.039,0.05,0.5135
U000197,O022583,17,0.0601,0.05,0.5135
U000197,O022583,18,0.045,0.05,0.5135
U000197,O022583,19,0.042,0.05,0.5135
U000197,O022583,20,0.048,0.05,0.5135
U000197,O042016,1,0.5315,0.4684,0.4684
U000197,O042016,2,0.2252,0.2342,0.4684
U000197,O042016,3,0.1502,0.1561,0.4684
U000197,O042016,4,0.1051,0.1171,0.4684
U000197,O042016,5,0.0841,0.0937,0.4684
U000197,O042016,6,0.0841,0.0781,0.4684
U000197,O042016,7,0.0631,0.0669,0.4684
U000197,O042016,8,0.0841,0.0585,0.4684
U000197,O042016,9,0.045,0.052,0.4684
U000197,O042016,10,0.0721,0.05,0.4684
U000197,O042016,11,0.0541,0.05,0.4684
U000197,O042016,12,0.048,0.05,0.4684
U000197,O042016,13,0.045,0.05,0.4684
U000197,O042016,14,0.0511,0.05,0.4684
U000197,O042016,15,0.0601,0.05,0.4684
U000197,O042016,16,0.042,0.05,0.4684
U000197,O042016,17,0.0511,0.05,0.4684
U000197,O042016,18,0.042,0.05,0.4684
U000197,O042016,19,0.048,0.05,0.4684
U000197,O042016,20,0.0541,0.05,0.4684
U000197,O032016,1,0.4775,0.4674,0.4674
U000197,O032016,2,0.2282,0.2337,0.4674
U000197,O032016,3,0.1021,0.1558,0.4674
U000197,O032016,4,0.1441,0.1169,0.4674
U000197,O032016,5,0.0781,0.0935,0.4674
U000197,O032016,6,0.1021,0.0779,0.4674
U000197,O032016,7,0.0721,0.0668,0.4674
U000197,O032016,8,0.042,0.0584,0.4674
U000197,O032016,9,0.0511,0.0519,0.4674
U000197,O032016,10,0.0721,0.05,0.4674
U000197,O032016,11,0.036,0.05,0.4674
U000197,O032016,12,0.0511,0.05,0.4674
U000197,O032016,13,0.042,0.05,0.4674
U000197,O032016,14,0.0871,0.05,0.4674
U000197,O032016,15,0.039,0.05,0.4674
U000197,O032016,16,0.0541,0.05,0.4674
U000197,O032016,17,0.045,0.05,0.4674
U000197,O032016,18,0.0541,0.05,0.4674
U000197,O032016,19,0.0631,0.05,0.4674
U000197,O032016,20,0.0571,0.05,0.4674
U000197,O022016,1,0.4745,0.4674,0.4674
U000197,O022016,2,0.2673,0.2337,0.4674
U000197,O022016,3,0.1411,0.1558,0.4674
U000197,O022016,4,0.1261,0.1169,0.4674
U000197,O022016,5,0.0961,0.0935,0.4674
U000197,O022016,6,0.0691,0.0779,0.4674
U000197,O022016,7,0.0751,0.0668,0.4674
U000197,O022016,8,0.0721,0.0584,0.4674
U000197,O022016,9,0.042,0.0519,0.4674
U000197,O022016,10,0.048,0.05,0.4674
U000197,O022016,11,0.0661,0.05,0.4674
U000197,O022016,12,0.036,0.05,0.4674
U000197,O022016,13,0.0631,0.05,0.4674
U000197,O022016,14,0.0511,0.05,0.4674
U000197,O022016,15,0.0511,0.05,0.4674
U000197,O022016,16,0.039,0.05,0.4674
U000197,O022016,17,0.0511,0.05,0.4674
U000197,O022016,18,0.0511,0.05,0.4674
U000197,O022016,19,0.0541,0.05,0.4674
U000197,O022016,20,0.0661,0.05,0.4674
U000197,O015779,1,0.4474,0.4527,0.4527
U000197,O015779,2,0.2553,0.2264,0.4527
U000197,O015779,3,0.1411,0.1509,0.4527
U000197,O015779,4,0.1171,0.1132,0.4527
U000197,O015779,5,0.0781,0.0905,0.4527
U000197,O015779,6,0.0781,0.0755,0.4527
U000197,O015779,7,0.0841,0.0647,0.4527
U000197,O015779,8,0.0691,0.0566,0.4527
U000197,O015779,9,0.045,0.0503,0.4527
U000197,O015779,10,0.042,0.05,0.4527
U000197,O015779,11,0.024,0.05,0.4527
U000197,O015779,12,0.0691,0.05,0.4527
U000197,O015779,13,0.0691,0.05,0.4527
U000197,O015779,14,0.0571,0.05,0.4527
U000197,O015779,15,0.039,0.05,0.4527
U000197,O015779,16,0.0631,0.05,0.4527
U000197,O015779,17,0.024,0.05,0.4527
U000197,O015779,18,0.0541,0.05,0.4527
U000197,O015779,19,0.0571,0.05,0.4527
U000197,O015779,20,0.0601,0.05,0.4527
U000197,O035779,1,0.4264,0.4523,0.4523
U000197,O035779,2,0.2372,0.2261,0.4523
U000197,O035779,3,0.1802,0.1508,0.4523
U000197,O035779,4,0.1141,0.1131,0.4523
U000197,O035779,5,0.0901,0.0905,0.4523
U000197,O035779,6,0.0781,0.0754,0.4523
U000197,O035779,7,0.0901,0.0646,0.4523
U000197,O035779,8,0.048,0.0565,0.4523
U000197,O035779,9,0.0601,0.0503,0.4523
U000197,O035779,10,0.0631,0.05,0.4523
U000197,O035779,11,0.0571,0.05,0.4523
U000197,O035779,12,0.042,0.05,0.4523
U000197,O035779,13,0.0751,0.05,0.4523
U000197,O035779,14,0.045,0.05,0.4523
U000197,O035779,15,0.045,0.05,0.4523
U000197,O035779,16,0.0541,0.05,0.4523
U000197,O035779,17,0.0631,0.05,0.4523
U000197,O035779,18,0.0511,0.05,0.4523
U000197,O035779,19,0.0511,0.05,0.4523
U000197,O035779,20,0.0511,0.05,0.4523
U000197,O005779,1,0.4505,0.4504,0.4504
U000197,O005779,2,0.2222,0.2252,0.4504
U000197,O005779,3,0.1261,0.1501,0.4504
U000197,O005779,4,0.1171,0.1126,0.4504
U000197,O005779,5,0.0811,0.0901,0.4504
U000197,O005779,6,0.0871,0.0751,0.4504
U000197,O005779,7,0.0661,0.0643,0.4504
U000197,O005779,8,0.0631,0.0563,0.4504
U000197,O005779,9,0.039,0.05,0.4504
U000197,O005779,10,0.0511,0.05,0.4504
U000197,O005779,11,0.033,0.05,0.4504
U000197,O005779,12,0.0571,0.05,0.4504
U000197,O005779,13,0.0661,0.05,0.4504
U000197,O005779,14,0.045,0.05,0.4504
U000197,O005779,15,0.042,0.05,0.4504
U000197,O005779,16,0.039,0.05,0.4504
U000197,O005779,17,0.048,0.05,0.4504
U000197,O005779,18,0.0541,0.05,0.4504
U000197,O005779,19,0.042,0.05,0.4504
U000197,O005779,20,0.0601,0.05,0.4504
U000626,O031191,1,0.8318,0.8386,0.8386
U000626,O031191,2,0.4054,0.4193,0.8386
U000626,O031191,3,0.2492,0.2795,0.8386
U000626,O031191,4,0.1862,0.2097,0.8386
U000626,O031191,5,0.1622,0.1677,0.8386
U000626,O031191,6,0.1652,0.1398,0.8386
U000626,O031191,7,0.1411,0.1198,0.8386
U000626,O031191,8,0.0961,0.1048,0.8386
U000626,O031191,9,0.0781,0.0932,0.8386
U000626,O031191,10,0.0931,0.0839,0.8386
U000626,O031191,11,0.0631,0.0762,0.8386
U000626,O031191,12,0.0691,0.0699,0.8386
U000626,O031191,13,0.0511,0.0645,0.8386
U000626,O031191,14,0.0841,0.0599,0.8386
U000626,O031191,15,0.042,0.0559,0.8386
U000626,O031191,16,0.0511,0.0524,0.8386
U000626,O031191,17,0.045,0.05,0.8386
U000626,O031191,18,0.03,0.05,0.8386
U000626,O031191,19,0.042,0.05,0.8386
U000626,O031191,20,0.0661,0.05,0.8386
U000626,O001191,1,0.7628,0.7515,0.7515
U000626,O001191,2,0.3754,0.3757,0.7515
U000626,O001191,3,0.2853,0.2505,0.7515
U000626,O001191,4,0.2072,0.1879,0.7515
U000626,O001191,5,0.1802,0.1503,0.7515
U000626,O001191,6,0.1532,0.1252,0.7515
U000626,O001191,7,0.0931,0.1074,0.7515
U000626,O001191,8,0.0781,0.0939,0.7515
U000626,O001191,9,0.1081,0.0835,0.7515
U000626,O001191,10,0.0811,0.0751,0.7515
U000626,O001191,11,0.0811,0.0683,0.7515
U000626,O001191,12,0.0601,0.0626,0.7515
U000626,O001191,13,0.0511,0.0578,0.7515
U000626,O001191,14,0.0511,0.0537,0.7515
U000626,O001191,15,0.0661,0.0501,0.7515
U000626,O001191,16,0.036,0.05,0.7515
U000626,O001191,17,0.0571,0.05,0.7515
U000626,O001191,18,0.048,0.05,0.7515
U000626,O001191,19,0.039,0.05,0.7515
U000626,O001191,20,0.036,0.05,0.7515
U000626,O021191,1,0.7057,0.7296,0.7296
U000626,O021191,2,0.3874,0.3648,0.7296
U000626,O021191,3,0.2342,0.2432,0.7296
U000626,O021191,4,0.1802,0.1824,0.7296
U000626,O021191,5,0.1622,0.1459,0.7296
U000626,O021191,6,0.1291,0.1216,0.7296
U000626,O021191,7,0.1141,0.1042,0.7296
U000626,O021191,8,0.0871,0.0912,0.7296
U000626,O021191,9,0.0721,0.0811,0.7296
U000626,O021191,10,0.0811,0.073,0.7296
U000626,O021191,11,0.0721,0.0663,0.7296
U000626,O021191,12,0.042,0.0608,0.7296
U000626,O021191,13,0.0541,0.0561,0.7296
U000626,O021191,14,0.0541,0.0521,0.7296
U000626,O021191,15,0.039,0.05,0.7296
U000626,O021191,16,0.0541,0.05,0.7296
U000626,O021191,17,0.039,0.05,0.7296
U000626,O021191,18,0.0571,0.05,0.7296
U000626,O021191,19,0.0541,0.05,0.7296
U000626,O021191,20,0.045,0.05,0.7296
U000626,O041191,1,0.7718,0.7236,0.7236
U000626,O041191,2,0.3544,0.3618,0.7236
U000626,O041191,3,0.2192,0.2412,0.7236
U000626,O041191,4,0.1862,0.1809,0.7236
U000626,O041191,5,0.1652,0.1447,0.7236
U000626,O041191,6,0.1351,0.1206,0.7236
U000626,O041191,7,0.1171,0.1034,0.7236
U000626,O041191,8,0.0931,0.0904,0.7236
U000626,O041191,9,0.0691,0.0804,0.7236
U000626,O041191,10,0.0721,0.0724,0.7236
U000626,O041191,11,0.0541,0.0658,0.7236
U000626,O041191,12,0.045,0.0603,0.7236
U000626,O041191,13,0.045,0.0557,0.7236
U000626,O041191,14,0.0511,0.0517,0.7236
U000626,O041191,15,0.042,0.05,0.7236
U000626,O041191,16,0.042,0.05,0.7236
U000626,O041191,17,0.036,0.05,0.7236
U000626,O041191,18,0.0661,0.05,0.7236
U000626,O041191,19,0.045,0.05,0.7236
U000626,O041191,20,0.045,0.05,0.7236
U000626,O042583,1,0.6787,0.6802,0.6802
U000626,O042583,2,0.3604,0.3401,0.6802
U000626,O042583,3,0.2402,0.2267,0.6802
U000626,O042583,4,0.1832,0.17,0.6802
U000626,O042583,5,0.1081,0.136,0.6802
U000626,O042583,6,0.1291,0.1134,0.6802
U000626,O042583,7,0.0721,0.0972,0.6802
U000626,O042583,8,0.1021,0.085,0.6802
U000626,O042583,9,0.0871,0.0756,0.6802
U000626,O042583,10,0.0811,0.068,0.6802
U000626,O042583,11,0.045,0.0618,0.6802
U000626,O042583,12,0.039,0.0567,0.6802
U000626,O042583,13,0.048,0.0523,0.6802
U000626,O042583,14,0.0511,0.05,0.6802
U000626,O042583,15,0.0511,0.05,0.6802
U000626,O042583,16,0.042,0.05,0.6802
U000626,O042583,17,0.0511,0.05,0.6802
U000626,O042583,18,0.0511,0.05,0.6802
U000626,O042583,19,0.042,0.05,0.6802
U000626,O042583,20,0.042,0.05,0.6802
U000626,O001062,1,0.6066,0.5953,0.5953
U000626,O001062,2,0.2733,0.2977,0.5953
U000626,O001062,3,0.1712,0.1984,0.5953
U000626,O001062,4,0.1381,0.1488,0.5953
U000626,O001062,5,0.1171,0.1191,0.5953
U000626,O001062,6,0.0901,0.0992,0.5953
U000626,O001062,7,0.0991,0.085,0.5953
U000626,O001062,8,0.0811,0.0744,0.5953
U000626,O001062,9,0.0511,0.0661,0.5953
U000626,O001062,10,0.0661,0.0595,0.5953
U000626,O001062,11,0.0601,0.0541,0.5953
U000626,O001062,12,0.039,0.05,0.5953
U000626,O001062,13,0.0541,0.05,0.5953
U000626,O001062,14,0.0631,0.05,0.5953
U000626,O001062,15,0.0721,0.05,0.5953
U000626,O001062,16,0.039,0.05,0.5953
U000626,O001062,17,0.0541,0.05,0.5953
U000626,O001062,18,0.033,0.05,0.5953
U000626,O001062,19,0.03,0.05,0.5953
U000626,O001062,20,0.0571,0.05,0.5953
U000626,O031062,1,0.6577,0.5952,0.5952
U000626,O031062,2,0.3363,0.2976,0.5952
U000626,O031062,3,0.2072,0.1984,0.5952
U000626,O031062,4,0.1231,0.1488,0.5952
U000626,O031062,5,0.1081,0.119,0.5952
U000626,O031062,6,0.1081,0.0992,0.5952
U000626,O031062,7,0.0991,0.085,0.5952
U000626,O031062,8,0.0811,0.0744,0.5952
U000626,O031062,9,0.0691,0.0661,0.5952
U000626,O031062,10,0.0511,0.0595,0.5952
U000626,O031062,11,0.042,0.0541,0.5952
U000626,O031062,12,0.045,0.05,0.5952
U000626,O031062,13,0.0691,0.05,0.5952
U000626,O031062,14,0.045,0.05,0.5952
U000626,O031062,15,0.045,0.05,0.5952
U000626,O031062,16,0.0511,0.05,0.5952
U000626,O031062,17,0.048,0.05,0.5952
U000626,O031062,18,0.0511,0.05,0.5952
U000626,O031062,19,0.036,0.05,0.5952
U000626,O031062,20,0.036,0.05,0.5952
U000626,O011062,1,0.6066,0.5919,0.5919
U000626,O011062,2,0.3063,0.296,0.5919
U000626,O011062,3,0.2102,0.1973,0.5919
U000626,O011062,4,0.1111,0.148,0.5919
U000626,O011062,5,0.1261,0.1184,0.5919
U000626,O011062,6,0.1021,0.0987,0.5919
U000626,O011062,7,0.0811,0.0846,0.5919
U000626,O011062,8,0.0751,0.074,0.5919
U000626,O011062,9,0.0631,0.0658,0.5919
U000626,O011062,10,0.048,0.0592,0.5919
U000626,O011062,11,0.033,0.0538,0.5919
U000626,O011062,12,0.0631,0.05,0.5919
U000626,O011062,13,0.0721,0.05,0.5919
U000626,O011062,14,0.0691,0.05,0.5919
U000626,O011062,15,0.0541,0.05,0.5919
U000626,O011062,16,0.0541,0.05,0.5919
U000626,O011062,17,0.0661,0.05,0.5919
U000626,O011062,18,0.0571,0.05,0.5919
U000626,O011062,19,0.0541,0.05,0.5919
U000626,O011062,20,0.048,0.05,0.5919
U000626,O041062,1,0.6517,0.5887,0.5887
U000626,O041062,2,0.2823,0.2943,0.5887
U000626,O041062,3,0.1892,0.1962,0.5887
U000626,O041062,4,0.1441,0.1472,0.5887
U000626,O041062,5,0.1141,0.1177,0.5887
U000626,O041062,6,0.1201,0.0981,0.5887
U000626,O041062,7,0.048,0.0841,0.5887
U000626,O041062,8,0.0751,0.0736,0.5887
U000626,O041062,9,0.048,0.0654,0.5887
U000626,O041062,10,0.0811,0.0589,0.5887
U000626,O041062,11,0.0571,0.0535,0.5887
U000626,O041062,12,0.0601,0.05,0.5887
U000626,O041062,13,0.0751,0.05,0.5887
U000626,O041062,14,0.027,0.05,0.5887
U000626,O041062,15,0.048,0.05,0.5887
U000626,O041062,16,0.0661,0.05,0.5887
U000626,O041062,17,0.033,0.05,0.5887
U000626,O041062,18,0.0511,0.05,0.5887
U000626,O041062,19,0.0631,0.05,0.5887
U000626,O041062,20,0.03,0.05,0.5887
U000626,O032583,1,0.5646,0.5766,0.5766
U000626,O032583,2,0.3033,0.2883,0.5766
U000626,O032583,3,0.2553,0.1922,0.5766
U000626,O032583,4,0.1321,0.1442,0.5766
U000626,O032583,5,0.1592,0.1153,0.5766
U000626,O032583,6,0.0901,0.0961,0.5766
U000626,O032583,7,0.0961,0.0824,0.5766
U000626,O032583,8,0.0541,0.0721,0.5766
U000626,O032583,9,0.0811,0.0641,0.5766
U000626,O032583,10,0.0661,0.0577,0.5766
U000626,O032583,11,0.0511,0.0524,0.5766
U000626,O032583,12,0.0541,0.05,0.5766
U000626,O032583,13,0.0691,0.05,0.5766
U000626,O032583,14,0.039,0.05,0.5766
U000626,O032583,15,0.042,0.05,0.5766
U000626,O032583,16,0.0631,0.05,0.5766
U000626,O032583,17,0.0541,0.05,0.5766
U000626,O032583,18,0.03,0.05,0.5766
U000626,O032583,19,0.0541,0.05,0.5766
U000626,O032583,20,0.0691,0.05,0.5766
U000626,O012583,1,0.6126,0.5764,0.5764
U000626,O012583,2,0.3063,0.2882,0.5764
U000626,O012583,3,0.1832,0.1921,0.5764
U000626,O012583,4,0.1261,0.1441,0.5764
U000626,O012583,5,0.1441,0.1153,0.5764
U000626,O012583,6,0.0901,0.0961,0.5764
U000626,O012583,7,0.0631,0.0823,0.5764
U000626,O012583,8,0.0781,0.072,0.5764
U000626,O012583,9,0.0691,0.064,0.5764
U000626,O012583,10,0.0541,0.0576,0.5764
U000626,O012583,11,0.0751,0.0524,0.5764
U000626,O012583,12,0.036,0.05,0.5764
U000626,O012583,13,0.0601,0.05,0.5764
U000626,O012583,14,0.0841,0.05,0.5764
U000626,O012583,15,0.0661,0.05,0.5764
U000626,O012583,16,0.0511,0.05,0.5764
U000626,O012583,17,0.045,0.05,0.5764
U000626,O012583,18,0.0511,0.05,0.5764
U000626,O012583,19,0.0571,0.05,0.5764
U000626,O012583,20,0.0601,0.05,0.5764
U000626,O022583,1,0.5796,0.5693,0.5693
U000626,O022583,2,0.3033,0.2846,0.5693
U000626,O022583,3,0.1982,0.1898,0.5693
U000626,O022583,4,0.1141,0.1423,0.5693
U000626,O022583,5,0.1021,0.1139,0.5693
U000626,O022583,6,0.0961,0.0949,0.5693
U000626,O022583,7,0.0991,0.0813,0.5693
U000626,O022583,8,0.0841,0.0712,0.5693
U000626,O022583,9,0.0751,0.0633,0.5693
U000626,O022583,10,0.0511,0.0569,0.5693
U000626,O022583,11,0.039,0.0518,0.5693
U000626,O022583,12,0.048,0.05,0.5693
U000626,O022583,13,0.045,0.05,0.5693
U000626,O022583,14,0.042,0.05,0.5693
U000626,O022583,15,0.0721,0.05,0.5693
U000626,O022583,16,0.039,0.05,0.5693
U000626,O022583,17,0.0541,0.05,0.5693
U000626,O022583,18,0.0511,0.05,0.5693
U000626,O022583,19,0.048,0.05,0.5693
U000626,O022583,20,0.042,0.05,0.5693
U000626,O005779,1,0.5556,0.5693,0.5693
U000626,O005779,2,0.3093,0.2846,0.5693
U000626,O005779,3,0.2102,0.1898,0.5693
U000626,O005779,4,0.1532,0.1423,0.5693
U000626,O005779,5,0.0961,0.1139,0.5693
U000626,O005779,6,0.0511,0.0949,0.5693
U000626,O005779,7,0.0811,0.0813,0.5693
U000626,O005779,8,0.0601,0.0712,0.5693
U000626,O005779,9,0.0571,0.0633,0.5693
U000626,O005779,10,0.042,0.0569,0.5693
U000626,O005779,11,0.036,0.0518,0.5693
U000626,O005779,12,0.0541,0.05,0.5693
U000626,O005779,13,0.045,0.05,0.5693
U000626,O005779,14,0.039,0.05,0.5693
U000626,O005779,15,0.0691,0.05,0.5693
U000626,O005779,16,0.0541,0.05,0.5693
U000626,O005779,17,0.048,0.05,0.5693
U000626,O005779,18,0.0601,0.05,0.5693
U000626,O005779,19,0.042,0.05,0.5693
U000626,O005779,20,0.0571,0.05,0.5693
U000626,O002016,1,0.5646,0.5245,0.5245
U000626,O002016,2,0.2733,0.2622,0.5245
U000626,O002016,3,0.1742,0.1748,0.5245
U000626,O002016,4,0.1411,0.1311,0.5245
U000626,O002016,5,0.1622,0.1049,0.5245
U000626,O002016,6,0.0721,0.0874,0.5245
U000626,O002016,7,0.0931,0.0749,0.5245
U000626,O002016,8,0.0601,0.0656,0.5245
U000626,O002016,9,0.048,0.0583,0.5245
U000626,O002016,10,0.0511,0.0524,0.5245
U000626,O002016,11,0.0571,0.05,0.5245
U000626,O002016,12,0.036,0.05,0.5245
U000626,O002016,13,0.048,0.05,0.5245
U000626,O002016,14,0.045,0.05,0.5245
U000626,O002016,15,0.045,0.05,0.5245
U000626,O002016,16,0.0751,0.05,0.5245
U000626,O002016,17,0.045,0.05,0.5245
U000626,O002016,18,0.036,0.05,0.5245
U000626,O002016,19,0.048,0.05,0.5245
U000626,O002016,20,0.0631,0.05,0.5245
U000626,O042016,1,0.5015,0.5236,0.5236
U000626,O042016,2,0.2523,0.2618,0.5236
U000626,O042016,3,0.1471,0.1745,0.5236
U000626,O042016,4,0.1381,0.1309,0.5236
U000626,O042016,5,0.1021,0.1047,0.5236
U000626,O042016,6,0.0991,0.0873,0.5236
U000626,O042016,7,0.1021,0.0748,0.5236
U000626,O042016,8,0.0661,0.0655,0.5236
U000626,O042016,9,0.0601,0.0582,0.5236
U000626,O042016,10,0.0631,0.0524,0.5236
U000626,O042016,11,0.021,0.05,0.5236
U000626,O042016,12,0.048,0.05,0.5236
U000626,O042016,13,0.0541,0.05,0.5236
U000626,O042016,14,0.036,0.05,0.5236
U000626,O042016,15,0.048,0.05,0.5236
U000626,O042016,16,0.027,0.05,0.5236
U000626,O042016,17,0.048,0.05,0.5236
U000626,O042016,18,0.0781,0.05,0.5236
U000626,O042016,19,0.0541,0.05,0.5236
U000626,O042016,20,0.048,0.05,0.5236
U000626,O022016,1,0.4835,0.5226,0.5226
U000626,O022016,2,0.2252,0.2613,0.5226
U000626,O022016,3,0.1682,0.1742,0.5226
U000626,O022016,4,0.1381,0.1306,0.5226
U000626,O022016,5,0.0781,0.1045,0.5226
U000626,O022016,6,0.1021,0.0871,0.5226
U000626,O022016,7,0.0571,0.0747,0.5226
U000626,O022016,8,0.0541,0.0653,0.5226
U000626,O022016,9,0.048,0.0581,0.5226
U000626,O022016,10,0.039,0.0523,0.5226
U000626,O022016,11,0.0631,0.05,0.5226
U000626,O022016,12,0.042,0.05,0.5226
U000626,O022016,13,0.039,0.05,0.5226
U000626,O022016,14,0.0571,0.05,0.5226
U000626,O022016,15,0.0511,0.05,0.5226
U000626,O022016,16,0.0541,0.05,0.5226
U000626,O022016,17,0.0511,0.05,0.5226
U000626,O022016,18,0.045,0.05,0.5226
U000626,O022016,19,0.045,0.05,0.5226
U000626,O022016,20,0.036,0.05,0.5226
U000626,O012016,1,0.5225,0.5217,0.5217
U000626,O012016,2,0.2793,0.2609,0.5217
U000626,O012016,3,0.2162,0.1739,0.5217
U000626,O012016,4,0.1291,0.1304,0.5217
U000626,O012016,5,0.1411,0.1043,0.5217
U000626,O012016,6,0.0901,0.087,0.5217
U000626,O012016,7,0.0901,0.0745,0.5217
U000626,O012016,8,0.0781,0.0652,0.5217
U000626,O012016,9,0.039,0.058,0.5217
U000626,O012016,10,0.0571,0.0522,0.5217
U000626,O012016,11,0.048,0.05,0.5217
U000626,O012016,12,0.042,0.05,0.5217
U000626,O012016,13,0.0541,0.05,0.5217
U000626,O012016,14,0.033,0.05,0.5217
U000626,O012016,15,0.048,0.05,0.5217
U000626,O012016,16,0.033,0.05,0.5217
U000626,O012016,17,0.0631,0.05,0.5217
U000626,O012016,18,0.0601,0.05,0.5217
U000626,O012016,19,0.0781,0.05,0.5217
U000626,O012016,20,0.0541,0.05,0.5217
U000626,O025779,1,0.4715,0.4726,0.4726
U000626,O025779,2,0.1832,0.2363,0.4726
U000626,O025779,3,0.1351,0.1575,0.4726
U000626,O025779,4,0.1051,0.1181,0.4726
U000626,O025779,5,0.0721,0.0945,0.4726
U000626,O025779,6,0.045,0.0788,0.4726
U000626,O025779,7,0.0841,0.0675,0.4726
U000626,O025779,8,0.0601,0.0591,0.4726
U000626,O025779,9,0.0511,0.0525,0.4726
U000626,O025779,10,0.048,0.05,0.4726
U000626,O025779,11,0.048,0.05,0.4726
U000626,O025779,12,0.0661,0.05,0.4726
U000626,O025779,13,0.0511,0.05,0.4726
U000626,O025779,14,0.0571,0.05,0.4726
U000626,O025779,15,0.0511,0.05,0.4726
U000626,O025779,16,0.0691,0.05,0.4726
U000626,O025779,17,0.045,0.05,0.4726
U000626,O025779,18,0.03,0.05,0.4726
U000626,O025779,19,0.0571,0.05,0.4726
U000626,O025779,20,0.036,0.05,0.4726
U000626,O015779,1,0.5045,0.4719,0.4719
U000626,O015779,2,0.2342,0.2359,0.4719
U000626,O015779,3,0.1742,0.1573,0.4719
U000626,O015779,4,0.1201,0.118,0.4719
U000626,O015779,5,0.0991,0.0944,0.4719
U000626,O015779,6,0.0691,0.0786,0.4719
U000626,O015779,7,0.0571,0.0674,0.4719
U000626,O015779,8,0.045,0.059,0.4719
U000626,O015779,9,0.0721,0.0524,0.4719
U000626,O015779,10,0.039,0.05,0.4719
U000626,O015779,11,0.0571,0.05,0.4719
U000626,O015779,12,0.0541,0.05,0.4719
U000626,O015779,13,0.045,0.05,0.4719
U000626,O015779,14,0.048,0.05,0.4719
U000626,O015779,15,0.0571,0.05,0.4719
U000626,O015779,16,0.036,0.05,0.4719
U000626,O015779,17,0.042,0.05,0.4719
U000626,O015779,18,0.0601,0.05,0.4719
U000626,O015779,19,0.027,0.05,0.4719
U000626,O015779,20,0.045,0.05,0.4719
U000626,O045779,1,0.4414,0.4694,0.4694
U000626,O045779,2,0.2072,0.2347,0.4694
U000626,O045779,3,0.1892,0.1565,0.4694
U000626,O045779,4,0.1111,0.1173,0.4694
U000626,O045779,5,0.1141,0.0939,0.4694
U000626,O045779,6,0.0811,0.0782,0.4694
U000626,O045779,7,0.0571,0.0671,0.4694
U000626,O045779,8,0.042,0.0587,0.4694
U000626,O045779,9,0.045,0.0522,0.4694
U000626,O045779,10,0.0571,0.05,0.4694
U000626,O045779,11,0.0511,0.05,0.4694
U000626,O045779,12,0.039,0.05,0.4694
U000626,O045779,13,0.0511,0.05,0.4694
U000626,O045779,14,0.0751,0.05,0.4694
U000626,O045779,15,0.048,0.05,0.4694
U000626,O045779,16,0.0751,0.05,0.4694
U000626,O045779,17,0.045,0.05,0.4694
U000626,O045779,18,0.0511,0.05,0.4694
U000626,O045779,19,0.039,0.05,0.4694
U000626,O045779,20,0.0601,0.05,0.4694
U000917,O011062,1,0.8048,0.8017,0.8017
U000917,O011062,2,0.4174,0.4009,0.8017
U000917,O011062,3,0.3123,0.2672,0.8017
U000917,O011062,4,0.2162,0.2004,0.8017
U000917,O011062,5,0.2132,0.1603,0.8017
U000917,O011062,6,0.1171,0.1336,0.8017
U000917,O011062,7,0.1141,0.1145,0.8017
U000917,O011062,8,0.0841,0.1002,0.8017
U000917,O011062,9,0.0781,0.0891,0.8017
U000917,O011062,10,0.0721,0.0802,0.8017
U000917,O011062,11,0.0631,0.0729,0.8017
U000917,O011062,12,0.0781,0.0668,0.8017
U000917,O011062,13,0.0751,0.0617,0.8017
U000917,O011062,14,0.039,0.0573,0.8017
U000917,O011062,15,0.0601,0.0534,0.8017
U000917,O011062,16,0.033,0.0501,0.8017
U000917,O011062,17,0.0541,0.05,0.8017
U000917,O011062,18,0.045,0.05,0.8017
U000917,O011062,19,0.048,0.05,0.8017
U000917,O011062,20,0.0541,0.05,0.8017
U000917,O032016,1,0.7297,0.743,0.743
U000917,O032016,2,0.3754,0.3715,0.743
U000917,O032016,3,0.2703,0.2477,0.743
U000917,O032016,4,0.1652,0.1858,0.743
U000917,O032016,5,0.1351,0.1486,0.743
U000917,O032016,6,0.1111,0.1238,0.743
U000917,O032016,7,0.1111,0.1061,0.743
U000917,O032016,8,0.0901,0.0929,0.743
U000917,O032016,9,0.0841,0.0826,0.743
U000917,O032016,10,0.0811,0.0743,0.743
U000917,O032016,11,0.0601,0.0675,0.743
U000917,O032016,12,0.0931,0.0619,0.743
U000917,O032016,13,0.0661,0.0572,0.743
U000917,O032016,14,0.0691,0.0531,0.743
U000917,O032016,15,0.0571,0.05,0.743
U000917,O032016,16,0.045,0.05,0.743
U000917,O032016,17,0.0571,0.05,0.743
U000917,O032016,18,0.036,0.05,0.743
U000917,O032016,19,0.0601,0.05,0.743
U000917,O032016,20,0.0511,0.05,0.743
U000917,O022016,1,0.7237,0.743,0.743
U000917,O022016,2,0.4024,0.3715,0.743
U000917,O022016,3,0.2252,0.2477,0.743
U000917,O022016,4,0.1892,0.1858,0.743
U000917,O022016,5,0.1291,0.1486,0.743
U000917,O022016,6,0.1261,0.1238,0.743
U000917,O022016,7,0.1321,0.1061,0.743
U000917,O022016,8,0.0721,0.0929,0.743
U000917,O022016,9,0.0871,0.0826,0.743
U000917,O022016,10,0.0661,0.0743,0.743
U000917,O022016,11,0.0841,0.0675,0.743
U000917,O022016,12,0.0511,0.0619,0.743
U000917,O022016,13,0.0751,0.0572,0.743
U000917,O022016,14,0.0781,0.0531,0.743
U000917,O022016,15,0.045,0.05,0.743
U000917,O022016,16,0.045,0.05,0.743
U000917,O022016,17,0.036,0.05,0.743
U000917,O022016,18,0.0691,0.05,0.743
U000917,O022016,19,0.0511,0.05,0.743
U000917,O022016,20,0.042,0.05,0.743
U000917,O022583,1,0.6787,0.7398,0.7398
U000917,O022583,2,0.3634,0.3699,0.7398
U000917,O022583,3,0.2312,0.2466,0.7398
U000917,O022583,4,0.1862,0.185,0.7398
U000917,O022583,5,0.1261,0.148,0.7398
U000917,O022583,6,0.0991,0.1233,0.7398
U000917,O022583,7,0.1141,0.1057,0.7398
U000917,O022583,8,0.1051,0.0925,0.7398
U000917,O022583,9,0.1021,0.0822,0.7398
U000917,O022583,10,0.0601,0.074,0.7398
U000917,O022583,11,0.0691,0.0673,0.7398
U000917,O022583,12,0.0721,0.0617,0.7398
U000917,O022583,13,0.0511,0.0569,0.7398
U000917,O022583,14,0.033,0.0528,0.7398
U000917,O022583,15,0.048,0.05,0.7398
U000917,O022583,16,0.045,0.05,0.7398
U000917,O022583,17,0.036,0.05,0.7398
U000917,O022583,18,0.0961,0.05,0.7398
U000917,O022583,19,0.0511,0.05,0.7398
U000917,O022583,20,0.039,0.05,0.7398
U000917,O042016,1,0.7297,0.7363,0.7363
U000917,O042016,2,0.3544,0.3681,0.7363
U000917,O042016,3,0.2402,0.2454,0.7363
U000917,O042016,4,0.1892,0.1841,0.7363
U000917,O042016,5,0.1261,0.1473,0.7363
U000917,O042016,6,0.1261,0.1227,0.7363
U000917,O042016,7,0.0811,0.1052,0.7363
U000917,O042016,8,0.0871,0.092,0.7363
U000917,O042016,9,0.0691,0.0818,0.7363
U000917,O042016,10,0.0931,0.0736,0.7363
U000917,O042016,11,0.0811,0.0669,0.7363
U000917,O042016,12,0.0751,0.0614,0.7363
U000917,O042016,13,0.0781,0.0566,0.7363
U000917,O042016,14,0.0541,0.0526,0.7363
U000917,O042016,15,0.039,0.05,0.7363
U000917,O042016,16,0.045,0.05,0.7363
U000917,O042016,17,0.0571,0.05,0.7363
U000917,O042016,18,0.0631,0.05,0.7363
U000917,O042016,19,0.048,0.05,0.7363
U000917,O042016,20,0.0661,0.05,0.7363
U000917,O002016,1,0.7598,0.7306,0.7306
U000917,O002016,2,0.3333,0.3653,0.7306
U000917,O002016,3,0.2913,0.2435,0.7306
U000917,O002016,4,0.1622,0.1826,0.7306
U000917,O002016,5,0.1502,0.1461,0.7306
U000917,O002016,6,0.1201,0.1218,0.7306
U000917,O002016,7,0.0871,0.1044,0.7306
U000917,O002016,8,0.0841,0.0913,0.7306
U000917,O002016,9,0.0721,0.0812,0.7306
U000917,O002016,10,0.0691,0.0731,0.7306
U000917,O002016,11,0.0781,0.0664,0.7306
U000917,O002016,12,0.0541,0.0609,0.7306
U000917,O002016,13,0.048,0.0562,0.7306
U000917,O002016,14,0.048,0.0522,0.7306
U000917,O002016,15,0.0661,0.05,0.7306
U000917,O002016,16,0.0511,0.05,0.7306
U000917,O002016,17,0.042,0.05,0.7306
U000917,O002016,18,0.03,0.05,0.7306
U000917,O002016,19,0.0571,0.05,0.7306
U000917,O002016,20,0.033,0.05,0.7306
U000917,O012583,1,0.6907,0.6944,0.6944
U000917,O012583,2,0.3273,0.3472,0.6944
U000917,O012583,3,0.2282,0.2315,0.6944
U000917,O012583,4,0.1652,0.1736,0.6944
U000917,O012583,5,0.1471,0.1389,0.6944
U000917,O012583,6,0.0841,0.1157,0.6944
U000917,O012583,7,0.1051,0.0992,0.6944
U000917,O012583,8,0.1051,0.0868,0.6944
U000917,O012583,9,0.0541,0.0772,0.6944
U000917,O012583,10,0.0721,0.0694,0.6944
U000917,O012583,11,0.0691,0.0631,0.6944
U000917,O012583,12,0.0511,0.0579,0.6944
U000917,O012583,13,0.0511,0.0534,0.6944
U000917,O012583,14,0.039,0.05,0.6944
U000917,O012583,15,0.0541,0.05,0.6944
U000917,O012583,16,0.048,0.05,0.6944
U000917,O012583,17,0.0631,0.05,0.6944
U000917,O012583,18,0.024,0.05,0.6944
U000917,O012583,19,0.0541,0.05,0.6944
U000917,O012583,20,0.039,0.05,0.6944
U000917,O032583,1,0.6817,0.6928,0.6928
U000917,O032583,2,0.3303,0.3464,0.6928
U000917,O032583,3,0.2733,0.2309,0.6928
U000917,O032583,4,0.1712,0.1732,0.6928
U000917,O032583,5,0.1772,0.1386,0.6928
U000917,O032583,6,0.1321,0.1155,0.6928
U000917,O032583,7,0.1111,0.099,0.6928
U000917,O032583,8,0.0841,0.0866,0.6928
U000917,O032583,9,0.0691,0.077,0.6928
U000917,O032583,10,0.0571,0.0693,0.6928
U000917,O032583,11,0.0601,0.063,0.6928
U000917,O032583,12,0.045,0.0577,0.6928
U000917,O032583,13,0.0511,0.0533,0.6928
U000917,O032583,14,0.045,0.05,0.6928
U000917,O032583,15,0.033,0.05,0.6928
U000917,O032583,16,0.0631,0.05,0.6928
U000917,O032583,17,0.042,0.05,0.6928
U000917,O032583,18,0.036,0.05,0.6928
U000917,O032583,19,0.0511,0.05,0.6928
U000917,O032583,20,0.033,0.05,0.6928
U000917,O021062,1,0.6907,0.688,0.688
U000917,O021062,2,0.3213,0.344,0.688
U000917,O021062,3,0.2192,0.2293,0.688
U000917,O021062,4,0.1862,0.172,0.688
U000917,O021062,5,0.1291,0.1376,0.688
U000917,O021062,6,0.1111,0.1147,0.688
U000917,O021062,7,0.0751,0.0983,0.688
U000917,O021062,8,0.1081,0.086,0.688
U000917,O021062,9,0.0751,0.0764,0.688
U000917,O021062,10,0.0871,0.0688,0.688
U000917,O021062,11,0.048,0.0625,0.688
U000917,O021062,12,0.0661,0.0573,0.688
U000917,O021062,13,0.0571,0.0529,0.688
U000917,O021062,14,0.045,0.05,0.688
U000917,O021062,15,0.042,0.05,0.688
U000917,O021062,16,0.0631,0.05,0.688
U000917,O021062,17,0.039,0.05,0.688
U000917,O021062,18,0.0511,0.05,0.688
U000917,O021062,19,0.0511,0.05,0.688
U000917,O021062,20,0.033,0.05,0.688
U000917,O031062,1,0.7147,0.6808,0.6808
U000917,O031062,2,0.3694,0.3404,0.6808
U000917,O031062,3,0.2132,0.2269,0.6808
U000917,O031062,4,0.1772,0.1702,0.6808
U000917,O031062,5,0.1171,0.1362,0.6808
U000917,O031062,6,0.1171,0.1135,0.6808
U000917,O031062,7,0.1051,0.0973,0.6808
U000917,O031062,8,0.1111,0.0851,0.6808
U000917,O031062,9,0.0841,0.0756,0.6808
U000917,O031062,10,0.0871,0.0681,0.6808
U000917,O031062,11,0.0691,0.0619,0.6808
U000917,O031062,12,0.0541,0.0567,0.6808
U000917,O031062,13,0.0631,0.0524,0.6808
U000917,O031062,14,0.039,0.05,0.6808
U000917,O031062,15,0.048,0.05,0.6808
U000917,O031062,16,0.0541,0.05,0.6808
U000917,O031062,17,0.0511,0.05,0.6808
U000917,O031062,18,0.0721,0.05,0.6808
U000917,O031062,19,0.0601,0.05,0.6808
U000917,O031062,20,0.039,0.05,0.6808
U000917,O001062,1,0.6547,0.6798,0.6798
U000917,O001062,2,0.3574,0.3399,0.6798
U000917,O001062,3,0.2102,0.2266,0.6798
U000917,O001062,4,0.1502,0.17,0.6798
U000917,O001062,5,0.0991,0.136,0.6798
U000917,O001062,6,0.0991,0.1133,0.6798
U000917,O001062,7,0.0511,0.0971,0.6798
U000917,O001062,8,0.0841,0.085,0.6798
U000917,O001062,9,0.0781,0.0755,0.6798
U000917,O001062,10,0.0721,0.068,0.6798
U000917,O001062,11,0.0691,0.0618,0.6798
U000917,O001062,12,0.0721,0.0567,0.6798
U000917,O001062,13,0.0601,0.0523,0.6798
U000917,O001062,14,0.039,0.05,0.6798
U000917,O001062,15,0.0691,0.05,0.6798
U000917,O001062,16,0.0511,0.05,0.6798
U000917,O001062,17,0.03,0.05,0.6798
U000917,O001062,18,0.0721,0.05,0.6798
U000917,O001062,19,0.048,0.05,0.6798
U000917,O001062,20,0.048,0.05,0.6798
U000917,O002583,1,0.7027,0.6783,0.6783
U000917,O002583,2,0.3033,0.3391,0.6783
U000917,O002583,3,0.2192,0.2261,0.6783
U000917,O002583,4,0.1862,0.1696,0.6783
U000917,O002583,5,0.1261,0.1357,0.6783
U000917,O002583,6,0.0871,0.113,0.6783
U000917,O002583,7,0.0991,0.0969,0.6783
U000917,O002583,8,0.1111,0.0848,0.6783
U000917,O002583,9,0.0721,0.0754,0.6783
U000917,O002583,10,0.0721,0.0678,0.6783
U000917,O002583,11,0.048,0.0617,0.6783
U000917,O002583,12,0.0571,0.0565,0.6783
U000917,O002583,13,0.0511,0.0522,0.6783
U000917,O002583,14,0.045,0.05,0.6783
U000917,O002583,15,0.0601,0.05,0.6783
U000917,O002583,16,0.048,0.05,0.6783
U000917,O002583,17,0.0541,0.05,0.6783
U000917,O002583,18,0.039,0.05,0.6783
U000917,O002583,19,0.0511,0.05,0.6783
U000917,O002583,20,0.0661,0.05,0.6783
U000917,O001191,1,0.6547,0.64,0.64
U000917,O001191,2,0.3243,0.32,0.64
U000917,O001191,3,0.2312,0.2133,0.64
U000917,O001191,4,0.1351,0.16,0.64
U000917,O001191,5,0.0931,0.128,0.64
U000917,O001191,6,0.1351,0.1067,0.64
U000917,O001191,7,0.1081,0.0914,0.64
U000917,O001191,8,0.0991,0.08,0.64
U000917,O001191,9,0.0721,0.0711,0.64
U000917,O001191,10,0.0721,0.064,0.64
U000917,O001191,11,0.0631,0.0582,0.64
U000917,O001191,12,0.0511,0.0533,0.64
U000917,O001191,13,0.048,0.05,0.64
U000917,O001191,14,0.0511,0.05,0.64
U000917,O001191,15,0.024,0.05,0.64
U000917,O001191,16,0.048,0.05,0.64
U000917,O001191,17,0.027,0.05,0.64
U000917,O001191,18,0.0541,0.05,0.64
U000917,O001191,19,0.042,0.05,0.64
U000917,O001191,20,0.0541,0.05,0.64
U000917,O025779,1,0.5736,0.586,0.586
U000917,O025779,2,0.2853,0.293,0.586
U000917,O025779,3,0.2192,0.1953,0.586
U000917,O025779,4,0.1471,0.1465,0.586
U000917,O025779,5,0.1231,0.1172,0.586
U000917,O025779,6,0.1051,0.0977,0.586
U000917,O025779,7,0.0691,0.0837,0.586
U000917,O025779,8,0.0841,0.0733,0.586
U000917,O025779,9,0.048,0.0651,0.586
U000917,O025779,10,0.0631,0.0586,0.586
U000917,O025779,11,0.0571,0.0533,0.586
U000917,O025779,12,0.039,0.05,0.586
U000917,O025779,13,0.0631,0.05,0.586
U000917,O025779,14,0.045,0.05,0.586
U000917,O025779,15,0.0511,0.05,0.586
U000917,O025779,16,0.0691,0.05,0.586
U000917,O025779,17,0.039,0.05,0.586
U000917,O025779,18,0.048,0.05,0.586
U000917,O025779,19,0.0721,0.05,0.586
U000917,O025779,20,0.033,0.05,0.586
U000917,O015779,1,0.5826,0.5816,0.5816
U000917,O015779,2,0.2973,0.2908,0.5816
U000917,O015779,3,0.1892,0.1939,0.5816
U000917,O015779,4,0.1502,0.1454,0.5816
U000917,O015779,5,0.1471,0.1163,0.5816
U000917,O015779,6,0.1021,0.0969,0.5816
U000917,O015779,7,0.0661,0.0831,0.5816
U000917,O015779,8,0.0691,0.0727,0.5816
U000917,O015779,9,0.0631,0.0646,0.5816
U000917,O015779,10,0.0511,0.0582,0.5816
U000917,O015779,11,0.0601,0.0529,0.5816
U000917,O015779,12,0.045,0.05,0.5816
U000917,O015779,13,0.0751,0.05,0.5816
U000917,O015779,14,0.0631,0.05,0.5816
U000917,O015779,15,0.03,0.05,0.5816
U000917,O015779,16,0.0631,0.05,0.5816
U000917,O015779,17,0.0511,0.05,0.5816
U000917,O015779,18,0.0691,0.05,0.5816
U000917,O015779,19,0.033,0.05,0.5816
U000917,O015779,20,0.042,0.05,0.5816
U000917,O045779,1,0.5766,0.5657,0.5657
U000917,O045779,2,0.2943,0.2829,0.5657
U000917,O045779,3,0.1682,0.1886,0.5657
U000917,O045779,4,0.1502,0.1414,0.5657
U000917,O045779,5,0.1021,0.1131,0.5657
U000917,O045779,6,0.1081,0.0943,0.5657
U000917,O045779,7,0.0961,0.0808,0.5657
U000917,O045779,8,0.0541,0.0707,0.5657
U000917,O045779,9,0.0661,0.0629,0.5657
U000917,O045779,10,0.045,0.0566,0.5657
U000917,O045779,11,0.0631,0.0514,0.5657
U000917,O045779,12,0.0511,0.05,0.5657
U000917,O045779,13,0.0541,0.05,0.5657
U000917,O045779,14,0.0541,0.05,0.5657
U000917,O045779,15,0.0541,0.05,0.5657
U000917,O045779,16,0.048,0.05,0.5657
U000917,O045779,17,0.0541,0.05,0.5657
U000917,O045779,18,0.045,0.05,0.5657
U000917,O045779,19,0.036,0.05,0.5657
U000917,O045779,20,0.042,0.05,0.5657
U000917,O005779,1,0.5886,0.5649,0.5649
U000917,O005779,2,0.3063,0.2825,0.5649
U000917,O005779,3,0.1532,0.1883,0.5649
U000917,O005779,4,0.1321,0.1412,0.5649
U000917,O005779,5,0.1051,0.113,0.5649
U000917,O005779,6,0.0811,0.0942,0.5649
U000917,O005779,7,0.0931,0.0807,0.5649
U000917,O005779,8,0.0691,0.0706,0.5649
U000917,O005779,9,0.0601,0.0628,0.5649
U000917,O005779,10,0.0511,0.0565,0.5649
U000917,O005779,11,0.0511,0.0514,0.5649
U000917,O005779,12,0.048,0.05,0.5649
U000917,O005779,13,0.0631,0.05,0.5649
U000917,O005779,14,0.0691,0.05,0.5649
U000917,O005779,15,0.036,0.05,0.5649
U000917,O005779,16,0.0631,0.05,0.5649
U000917,O005779,17,0.03,0.05,0.5649
U000917,O005779,18,0.039,0.05,0.5649
U000917,O005779,19,0.0601,0.05,0.5649
U000917,O005779,20,0.048,0.05,0.5649
U000917,O041191,1,0.5105,0.54,0.54
U000917,O041191,2,0.2733,0.27,0.54
U000917,O041191,3,0.1862,0.18,0.54
U000917,O041191,4,0.1592,0.135,0.54
U000917,O041191,5,0.1141,0.108,0.54
U000917,O041191,6,0.0631,0.09,0.54
U000917,O041191,7,0.0631,0.0771,0.54
U000917,O041191,8,0.0661,0.0675,0.54
U000917,O041191,9,0.0661,0.06,0.54
U000917,O041191,10,0.039,0.054,0.54
U000917,O041191,11,0.042,0.05,0.54
U000917,O041191,12,0.033,0.05,0.54
U000917,O041191,13,0.042,0.05,0.54
U000917,O041191,14,0.045,0.05,0.54
U000917,O041191,15,0.0601,0.05,0.54
U000917,O041191,16,0.027,0.05,0.54
U000917,O041191,17,0.033,0.05,0.54
U000917,O041191,18,0.045,0.05,0.54
U000917,O041191,19,0.036,0.05,0.54
U000917,O041191,20,0.0781,0.05,0.54
U000917,O011191,1,0.5736,0.54,0.54
U000917,O011191,2,0.2883,0.27,0.54
U000917,O011191,3,0.1982,0.18,0.54
U000917,O011191,4,0.1291,0.135,0.54
U000917,O011191,5,0.1051,0.108,0.54
U000917,O011191,6,0.0961,0.09,0.54
U000917,O011191,7,0.0961,0.0771,0.54
U000917,O011191,8,0.0721,0.0675,0.54
U000917,O011191,9,0.0511,0.06,0.54
U000917,O011191,10,0.0691,0.054,0.54
U000917,O011191,11,0.03,0.05,0.54
U000917,O011191,12,0.0631,0.05,0.54
U000917,O011191,13,0.0541,0.05,0.54
U000917,O011191,14,0.0541,0.05,0.54
U000917,O011191,15,0.045,0.05,0.54
U000917,O011191,16,0.0511,0.05,0.54
U000917,O011191,17,0.0511,0.05,0.54
U000917,O011191,18,0.0571,0.05,0.54
U000917,O011191,19,0.048,0.05,0.54
U000917,O011191,20,0.048,0.05,0.54
U000917,O021191,1,0.5225,0.54,0.54
U000917,O021191,2,0.2673,0.27,0.54
U000917,O021191,3,0.1622,0.18,0.54
U000917,O021191,4,0.1141,0.135,0.54
U000917,O021191,5,0.0811,0.108,0.54
U000917,O021191,6,0.0841,0.09,0.54
U000917,O021191,7,0.0721,0.0771,0.54
U000917,O021191,8,0.0691,0.0675,0.54
U000917,O021191,9,0.0601,0.06,0.54
U000917,O021191,10,0.0751,0.054,0.54
U000917,O021191,11,0.039,0.05,0.54
U000917,O021191,12,0.0541,0.05,0.54
U000917,O021191,13,0.045,0.05,0.54
U000917,O021191,14,0.0541,0.05,0.54
U000917,O021191,15,0.042,0.05,0.54
U000917,O021191,16,0.042,0.05,0.54
U000917,O021191,17,0.0511,0.05,0.54
U000917,O021191,18,0.039,0.05,0.54
U000917,O021191,19,0.0601,0.05,0.54
U000917,O021191,20,0.045,0.05,0.54
U000588,O045779,1,0.8078,0.8286,0.8286
U000588,O045779,2,0.3874,0.4143,0.8286
U000588,O045779,3,0.2763,0.2762,0.8286
U000588,O045779,4,0.1892,0.2072,0.8286
U000588,O045779,5,0.1562,0.1657,0.8286
U000588,O045779,6,0.1231,0.1381,0.8286
U000588,O045779,7,0.0841,0.1184,0.8286
U000588,O045779,8,0.0931,0.1036,0.8286
U000588,O045779,9,0.0961,0.0921,0.8286
U000588,O045779,10,0.0841,0.0829,0.8286
U000588,O045779,11,0.0541,0.0753,0.8286
U000588,O045779,12,0.0571,0.0691,0.8286
U000588,O045779,13,0.045,0.0637,0.8286
U000588,O045779,14,0.0541,0.0592,0.8286
U000588,O045779,15,0.045,0.0552,0.8286
U000588,O045779,16,0.048,0.0518,0.8286
U000588,O045779,17,0.0871,0.05,0.8286
U000588,O045779,18,0.042,0.05,0.8286
U000588,O045779,19,0.0781,0.05,0.8286
U000588,O045779,20,0.033,0.05,0.8286
U000588,O035779,1,0.8108,0.8054,0.8054
U000588,O035779,2,0.3964,0.4027,0.8054
U000588,O035779,3,0.2432,0.2685,0.8054
U000588,O035779,4,0.1952,0.2014,0.8054
U000588,O035779,5,0.1532,0.1611,0.8054
U000588,O035779,6,0.1471,0.1342,0.8054
U000588,O035779,7,0.1141,0.1151,0.8054
U000588,O035779,8,0.0991,0.1007,0.8054
U000588,O035779,9,0.0751,0.0895,0.8054
U000588,O035779,10,0.0691,0.0805,0.8054
U000588,O035779,11,0.0601,0.0732,0.8054
U000588,O035779,12,0.1051,0.0671,0.8054
U000588,O035779,13,0.0601,0.062,0.8054
U000588,O035779,14,0.042,0.0575,0.8054
U000588,O035779,15,0.0541,0.0537,0.8054
U000588,O035779,16,0.045,0.0503,0.8054
U000588,O035779,17,0.0571,0.05,0.8054
U000588,O035779,18,0.0541,0.05,0.8054
U000588,O035779,19,0.0631,0.05,0.8054
U000588,O035779,20,0.0661,0.05,0.8054
U000588,O005779,1,0.7297,0.727,0.727
U000588,O005779,2,0.4204,0.3635,0.727
U000588,O005779,3,0.2583,0.2423,0.727
U000588,O005779,4,0.1532,0.1817,0.727
U000588,O005779,5,0.1351,0.1454,0.727
U000588,O005779,6,0.1411,0.1212,0.727
U000588,O005779,7,0.1051,0.1039,0.727
U000588,O005779,8,0.0871,0.0909,0.727
U000588,O005779,9,0.0991,0.0808,0.727
U000588,O005779,10,0.0751,0.0727,0.727
U000588,O005779,11,0.048,0.0661,0.727
U000588,O005779,12,0.0601,0.0606,0.727
U000588,O005779,13,0.033,0.0559,0.727
U000588,O005779,14,0.039,0.0519,0.727
U000588,O005779,15,0.0601,0.05,0.727
U000588,O005779,16,0.0541,0.05,0.727
U000588,O005779,17,0.0541,0.05,0.727
U000588,O005779,18,0.0511,0.05,0.727
U000588,O005779,19,0.048,0.05,0.727
U000588,O005779,20,0.0601,0.05,0.727
U000588,O015779,1,0.7327,0.6989,0.6989
U000588,O015779,2,0.3874,0.3495,0.6989
U000588,O015779,3,0.1922,0.233,0.6989
U000588,O015779,4,0.1682,0.1747,0.6989
U000588,O015779,5,0.1502,0.1398,0.6989
U000588,O015779,6,0.0961,0.1165,0.6989
U000588,O015779,7,0.1021,0.0998,0.6989
U000588,O015779,8,0.0991,0.0874,0.6989
U000588,O015779,9,0.0691,0.0777,0.6989
U000588,O015779,10,0.0631,0.0699,0.6989
U000588,O015779,11,0.0511,0.0635,0.6989
U000588,O015779,12,0.0751,0.0582,0.6989
U000588,O015779,13,0.0541,0.0538,0.6989
U000588,O015779,14,0.048,0.05,0.6989
U000588,O015779,15,0.0511,0.05,0.6989
U000588,O015779,16,0.036,0.05,0.6989
U000588,O015779,17,0.036,0.05,0.6989
U000588,O015779,18,0.0661,0.05,0.6989
U000588,O015779,19,0.0571,0.05,0.6989
U000588,O015779,20,0.045,0.05,0.6989
U000588,O011191,1,0.6336,0.6,0.6
U000588,O011191,2,0.2973,0.3,0.6
U000588,O011191,3,0.2312,0.2,0.6
U000588,O011191,4,0.1381,0.15,0.6
U000588,O011191,5,0.0931,0.12,0.6
U000588,O011191,6,0.1171,0.1,0.6
U000588,O011191,7,0.0811,0.0857,0.6
U000588,O011191,8,0.0601,0.075,0.6
U000588,O011191,9,0.0691,0.0667,0.6
U000588,O011191,10,0.0691,0.06,0.6
U000588,O011191,11,0.0691,0.0545,0.6
U000588,O011191,12,0.039,0.05,0.6
U000588,O011191,13,0.045,0.05,0.6
U000588,O011191,14,0.042,0.05,0.6
U000588,O011191,15,0.048,0.05,0.6
U000588,O011191,16,0.045,0.05,0.6
U000588,O011191,17,0.0631,0.05,0.6
U000588,O011191,18,0.045,0.05,0.6
U000588,O011191,19,0.048,0.05,0.6
U000588,O011191,20,0.0631,0.05,0.6
U000588,O041191,1,0.5856,0.6,0.6
U000588,O041191,2,0.2823,0.3,0.6
U000588,O041191,3,0.1832,0.2,0.6
U000588,O041191,4,0.1982,0.15,0.6
U000588,O041191,5,0.1441,0.12,0.6
U000588,O041191,6,0.0871,0.1,0.6
U000588,O041191,7,0.0931,0.0857,0.6
U000588,O041191,8,0.0901,0.075,0.6
U000588,O041191,9,0.0721,0.0667,0.6
U000588,O041191,10,0.0631,0.06,0.6
U000588,O041191,11,0.045,0.0545,0.6
U000588,O041191,12,0.0781,0.05,0.6
U000588,O041191,13,0.039,0.05,0.6
U000588,O041191,14,0.0661,0.05,0.6
U000588,O041191,15,0.0601,0.05,0.6
U000588,O041191,16,0.0571,0.05,0.6
U000588,O041191,17,0.0511,0.05,0.6
U000588,O041191,18,0.039,0.05,0.6
U000588,O041191,19,0.0571,0.05,0.6
U000588,O041191,20,0.0511,0.05,0.6
U000588,O021191,1,0.5646,0.6,0.6
U000588,O021191,2,0.2643,0.3,0.6
U000588,O021191,3,0.2222,0.2,0.6
U000588,O021191,4,0.1441,0.15,0.6
U000588,O021191,5,0.1351,0.12,0.6
U000588,O021191,6,0.0961,0.1,0.6
U000588,O021191,7,0.0691,0.0857,0.6
U000588,O021191,8,0.0631,0.075,0.6
U000588,O021191,9,0.0871,0.0667,0.6
U000588,O021191,10,0.042,0.06,0.6
U000588,O021191,11,0.0781,0.0545,0.6
U000588,O021191,12,0.0541,0.05,0.6
U000588,O021191,13,0.048,0.05,0.6
U000588,O021191,14,0.0511,0.05,0.6
U000588,O021191,15,0.033,0.05,0.6
U000588,O021191,16,0.0691,0.05,0.6
U000588,O021191,17,0.0511,0.05,0.6
U000588,O021191,18,0.0541,0.05,0.6
U000588,O021191,19,0.048,0.05,0.6
U000588,O021191,20,0.036,0.05,0.6
U000588,O031191,1,0.5886,0.6,0.6
U000588,O031191,2,0.3003,0.3,0.6
U000588,O031191,3,0.2102,0.2,0.6
U000588,O031191,4,0.1321,0.15,0.6
U000588,O031191,5,0.1231,0.12,0.6
U000588,O031191,6,0.0721,0.1,0.6
U000588,O031191,7,0.0991,0.0857,0.6
U000588,O031191,8,0.0991,0.075,0.6
U000588,O031191,9,0.0571,0.0667,0.6
U000588,O031191,10,0.0631,0.06,0.6
U000588,O031191,11,0.0691,0.0545,0.6
U000588,O031191,12,0.045,0.05,0.6
U000588,O031191,13,0.042,0.05,0.6
U000588,O031191,14,0.0601,0.05,0.6
U000588,O031191,15,0.039,0.05,0.6
U000588,O031191,16,0.045,0.05,0.6
U000588,O031191,17,0.042,0.05,0.6
U000588,O031191,18,0.045,0.05,0.6
U000588,O031191,19,0.039,0.05,0.6
U000588,O031191,20,0.0751,0.05,0.6
U000588,O021062,1,0.5405,0.56,0.56
U000588,O021062,2,0.2763,0.28,0.56
U000588,O021062,3,0.1922,0.1867,0.56
U000588,O021062,4,0.1532,0.14,0.56
U000588,O021062,5,0.1021,0.112,0.56
U000588,O021062,6,0.0661,0.0933,0.56
U000588,O021062,7,0.0631,0.08,0.56
U000588,O021062,8,0.048,0.07,0.56
U000588,O021062,9,0.0661,0.0622,0.56
U000588,O021062,10,0.0691,0.056,0.56
U000588,O021062,11,0.0511,0.0509,0.56
U000588,O021062,12,0.045,0.05,0.56
U000588,O021062,13,0.0841,0.05,0.56
U000588,O021062,14,0.0721,0.05,0.56
U000588,O021062,15,0.0511,0.05,0.56
U000588,O021062,16,0.048,0.05,0.56
U000588,O021062,17,0.036,0.05,0.56
U000588,O021062,18,0.0631,0.05,0.56
U000588,O021062,19,0.027,0.05,0.56
U000588,O021062,20,0.0571,0.05,0.56
U000588,O022016,1,0.5045,0.52,0.52
U000588,O022016,2,0.2583,0.26,0.52
U000588,O022016,3,0.1622,0.1733,0.52
U000588,O022016,4,0.1261,0.13,0.52
U000588,O022016,5,0.1021,0.104,0.52
U000588,O022016,6,0.0841,0.0867,0.52
U000588,O022016,7,0.0781,0.0743,0.52
U000588,O022016,8,0.0631,0.065,0.52
U000588,O022016,9,0.0601,0.0578,0.52
U000588,O022016,10,0.0511,0.052,0.52
U000588,O022016,11,0.0811,0.05,0.52
U000588,O022016,12,0.039,0.05,0.52
U000588,O022016,13,0.045,0.05,0.52
U000588,O022016,14,0.0751,0.05,0.52
U000588,O022016,15,0.0781,0.05,0.52
U000588,O022016,16,0.0541,0.05,0.52
U000588,O022016,17,0.0631,0.05,0.52
U000588,O022016,18,0.0781,0.05,0.52
U000588,O022016,19,0.0541,0.05,0.52
U000588,O022016,20,0.0841,0.05,0.52
U000588,O032016,1,0.5105,0.52,0.52
U000588,O032016,2,0.3123,0.26,0.52
U000588,O032016,3,0.2162,0.1733,0.52
U000588,O032016,4,0.1141,0.13,0.52
U000588,O032016,5,0.0721,0.104,0.52
U000588,O032016,6,0.0991,0.0867,0.52
U000588,O032016,7,0.0781,0.0743,0.52
U000588,O032016,8,0.0781,0.065,0.52
U000588,O032016,9,0.0781,0.0578,0.52
U000588,O032016,10,0.03,0.052,0.52
U000588,O032016,11,0.0541,0.05,0.52
U000588,O032016,12,0.0541,0.05,0.52
U000588,O032016,13,0.0601,0.05,0.52
U000588,O032016,14,0.048,0.05,0.52
U000588,O032016,15,0.0571,0.05,0.52
U000588,O032016,16,0.033,0.05,0.52
U000588,O032016,17,0.0541,0.05,0.52
U000588,O032016,18,0.0541,0.05,0.52
U000588,O032016,19,0.045,0.05,0.52
U000588,O032016,20,0.042,0.05,0.52
U000588,O002016,1,0.4745,0.52,0.52
U000588,O002016,2,0.2853,0.26,0.52
U000588,O002016,3,0.1802,0.1733,0.52
U000588,O002016,4,0.1111,0.13,0.52
U000588,O002016,5,0.0901,0.104,0.52
U000588,O002016,6,0.1141,0.0867,0.52
U000588,O002016,7,0.0781,0.0743,0.52
U000588,O002016,8,0.0541,0.065,0.52
U000588,O002016,9,0.048,0.0578,0.52
U000588,O002016,10,0.0541,0.052,0.52
U000588,O002016,11,0.045,0.05,0.52
U000588,O002016,12,0.0601,0.05,0.52
U000588,O002016,13,0.039,0.05,0.52
U000588,O002016,14,0.048,0.05,0.52
U000588,O002016,15,0.0541,0.05,0.52
U000588,O002016,16,0.0511,0.05,0.52
U000588,O002016,17,0.0541,0.05,0.52
U000588,O002016,18,0.0571,0.05,0.52
U000588,O002016,19,0.027,0.05,0.52
U000588,O002016,20,0.0661,0.05,0.52
U000588,O042016,1,0.5075,0.52,0.52
U000588,O042016,2,0.2613,0.26,0.52
U000588,O042016,3,0.1922,0.1733,0.52
U000588,O042016,4,0.1411,0.13,0.52
U000588,O042016,5,0.0961,0.104,0.52
U000588,O042016,6,0.0871,0.0867,0.52
U000588,O042016,7,0.0661,0.0743,0.52
U000588,O042016,8,0.0631,0.065,0.52
U000588,O042016,9,0.0541,0.0578,0.52
U000588,O042016,10,0.045,0.052,0.52
U000588,O042016,11,0.039,0.05,0.52
U000588,O042016,12,0.048,0.05,0.52
U000588,O042016,13,0.048,0.05,0.52
U000588,O042016,14,0.0691,0.05,0.52
U000588,O042016,15,0.0511,0.05,0.52
U000588,O042016,16,0.039,0.05,0.52
U000588,O042016,17,0.045,0.05,0.52
U000588,O042016,18,0.039,0.05,0.52
U000588,O042016,19,0.0511,0.05,0.52
U000588,O042016,20,0.039,0.05,0.52
U000588,O042583,1,0.4565,0.46,0.46
U000588,O042583,2,0.2162,0.23,0.46
U000588,O042583,3,0.1862,0.1533,0.46
U000588,O042583,4,0.1081,0.115,0.46
U000588,O042583,5,0.0781,0.092,0.46
U000588,O042583,6,0.0871,0.0767,0.46
U000588,O042583,7,0.0691,0.0657,0.46
U000588,O042583,8,0.042,0.0575,0.46
U000588,O042583,9,0.048,0.0511,0.46
U000588,O042583,10,0.039,0.05,0.46
U000588,O042583,11,0.0631,0.05,0.46
U000588,O042583,12,0.0691,0.05,0.46
U000588,O042583,13,0.0571,0.05,0.46
U000588,O042583,14,0.0631,0.05,0.46
U000588,O042583,15,0.033,0.05,0.46
U000588,O042583,16,0.0571,0.05,0.46
U000588,O042583,17,0.039,0.05,0.46
U000588,O042583,18,0.0571,0.05,0.46
U000588,O042583,19,0.0841,0.05,0.46
U000588,O042583,20,0.0541,0.05,0.46
U000588,O002583,1,0.4655,0.46,0.46
U000588,O002583,2,0.2072,0.23,0.46
U000588,O002583,3,0.1622,0.1533,0.46
U000588,O002583,4,0.0961,0.115,0.46
U000588,O002583,5,0.0781,0.092,0.46
U000588,O002583,6,0.0661,0.0767,0.46
U000588,O002583,7,0.0601,0.0657,0.46
U000588,O002583,8,0.0571,0.0575,0.46
U000588,O002583,9,0.0571,0.0511,0.46
U000588,O002583,10,0.039,0.05,0.46
U000588,O002583,11,0.045,0.05,0.46
U000588,O002583,12,0.0751,0.05,0.46
U000588,O002583,13,0.0601,0.05,0.46
U000588,O002583,14,0.048,0.05,0.46
U000588,O002583,15,0.0601,0.05,0.46
U000588,O002583,16,0.0511,0.05,0.46
U000588,O002583,17,0.042,0.05,0.46
U000588,O002583,18,0.0541,0.05,0.46
U000588,O002583,19,0.0511,0.05,0.46
U000588,O002583,20,0.036,0.05,0.46
U000588,O032583,1,0.4565,0.46,0.46
U000588,O032583,2,0.2162,0.23,0.46
U000588,O032583,3,0.1742,0.1533,0.46
U000588,O032583,4,0.1261,0.115,0.46
U000588,O032583,5,0.1021,0.092,0.46
U000588,O032583,6,0.1081,0.0767,0.46
U000588,O032583,7,0.042,0.0657,0.46
U000588,O032583,8,0.0511,0.0575,0.46
U000588,O032583,9,0.042,0.0511,0.46
U000588,O032583,10,0.0511,0.05,0.46
U000588,O032583,11,0.045,0.05,0.46
U000588,O032583,12,0.036,0.05,0.46
U000588,O032583,13,0.0661,0.05,0.46
U000588,O032583,14,0.036,0.05,0.46
U000588,O032583,15,0.021,0.05,0.46
U000588,O032583,16,0.042,0.05,0.46
U000588,O032583,17,0.0691,0.05,0.46
U000588,O032583,18,0.0601,0.05,0.46
U000588,O032583,19,0.0781,0.05,0.46
U000588,O032583,20,0.036,0.05,0.46
U000588,O001062,1,0.4354,0.46,0.46
U000588,O001062,2,0.2252,0.23,0.46
U000588,O001062,3,0.1832,0.1533,0.46
U000588,O001062,4,0.1051,0.115,0.46
U000588,O001062,5,0.0841,0.092,0.46
U000588,O001062,6,0.0691,0.0767,0.46
U000588,O001062,7,0.0661,0.0657,0.46
U000588,O001062,8,0.0541,0.0575,0.46
U000588,O001062,9,0.042,0.0511,0.46
U000588,O001062,10,0.0691,0.05,0.46
U000588,O001062,11,0.0631,0.05,0.46
U000588,O001062,12,0.0691,0.05,0.46
U000588,O001062,13,0.0571,0.05,0.46
U000588,O001062,14,0.0571,0.05,0.46
U000588,O001062,15,0.045,0.05,0.46
U000588,O001062,16,0.0661,0.05,0.46
U000588,O001062,17,0.048,0.05,0.46
U000588,O001062,18,0.048,0.05,0.46
U000588,O001062,19,0.045,0.05,0.46
U000588,O001062,20,0.0601,0.05,0.46
U000588,O041062,1,0.4505,0.46,0.46
U000588,O041062,2,0.1742,0.23,0.46
U000588,O041062,3,0.1471,0.1533,0.46
U000588,O041062,4,0.1381,0.115,0.46
U000588,O041062,5,0.0991,0.092,0.46
U000588,O041062,6,0.0691,0.0767,0.46
U000588,O041062,7,0.0811,0.0657,0.46
U000588,O041062,8,0.0601,0.0575,0.46
U000588,O041062,9,0.039,0.0511,0.46
U000588,O041062,10,0.036,0.05,0.46
U000588,O041062,11,0.042,0.05,0.46
U000588,O041062,12,0.0541,0.05,0.46
U000588,O041062,13,0.0571,0.05,0.46
U000588,O041062,14,0.039,0.05,0.46
U000588,O041062,15,0.042,0.05,0.46
U000588,O041062,16,0.036,0.05,0.46
U000588,O041062,17,0.0541,0.05,0.46
U000588,O041062,18,0.036,0.05,0.46
U000588,O041062,19,0.042,0.05,0.46
U000588,O041062,20,0.039,0.05,0.46
U000588,O031062,1,0.4024,0.46,0.46
U000588,O031062,2,0.2342,0.23,0.46
U000588,O031062,3,0.1532,0.1533,0.46
U000588,O031062,4,0.1201,0.115,0.46
U000588,O031062,5,0.0931,0.092,0.46
U000588,O031062,6,0.1111,0.0767,0.46
U000588,O031062,7,0.0811,0.0657,0.46
U000588,O031062,8,0.0631,0.0575,0.46
U000588,O031062,9,0.0601,0.0511,0.46
U000588,O031062,10,0.036,0.05,0.46
U000588,O031062,11,0.039,0.05,0.46
U000588,O031062,12,0.042,0.05,0.46
U000588,O031062,13,0.0661,0.05,0.46
U000588,O031062,14,0.0601,0.05,0.46
U000588,O031062,15,0.0511,0.05,0.46
U000588,O031062,16,0.036,0.05,0.46
U000588,O031062,17,0.0511,0.05,0.46
U000588,O031062,18,0.03,0.05,0.46
U000588,O031062,19,0.048,0.05,0.46
U000588,O031062,20,0.0601,0.05,0.46
U000588,O012583,1,0.4444,0.46,0.46
U000588,O012583,2,0.2372,0.23,0.46
U000588,O012583,3,0.1532,0.1533,0.46
U000588,O012583,4,0.0931,0.115,0.46
U000588,O012583,5,0.1201,0.092,0.46
U000588,O012583,6,0.0631,0.0767,0.46
U000588,O012583,7,0.0541,0.0657,0.46
U000588,O012583,8,0.0691,0.0575,0.46
U000588,O012583,9,0.0571,0.0511,0.46
U000588,O012583,10,0.0541,0.05,0.46
U000588,O012583,11,0.0511,0.05,0.46
U000588,O012583,12,0.036,0.05,0.46
U000588,O012583,13,0.0691,0.05,0.46
U000588,O012583,14,0.042,0.05,0.46
U000588,O012583,15,0.0541,0.05,0.46
U000588,O012583,16,0.045,0.05,0.46
U000588,O012583,17,0.0631,0.05,0.46
U000588,O012583,18,0.048,0.05,0.46
U000588,O012583,19,0.0661,0.05,0.46
U000588,O012583,20,0.0511,0.05,0.46
U000721,O035779,1,0.7508,0.7722,0.7722
U000721,O035779,2,0.3724,0.3861,0.7722
U000721,O035779,3,0.2282,0.2574,0.7722
U000721,O035779,4,0.2012,0.1931,0.7722
U000721,O035779,5,0.1592,0.1544,0.7722
U000721,O035779,6,0.1021,0.1287,0.7722
U000721,O035779,7,0.1351,0.1103,0.7722
U000721,O035779,8,0.0991,0.0965,0.7722
U000721,O035779,9,0.0781,0.0858,0.7722
U000721,O035779,10,0.0811,0.0772,0.7722
U000721,O035779,11,0.0541,0.0702,0.7722
U000721,O035779,12,0.0571,0.0644,0.7722
U000721,O035779,13,0.0541,0.0594,0.7722
U000721,O035779,14,0.0571,0.0552,0.7722
U000721,O035779,15,0.045,0.0515,0.7722
U000721,O035779,16,0.0661,0.05,0.7722
U000721,O035779,17,0.0601,0.05,0.7722
U000721,O035779,18,0.0571,0.05,0.7722
U000721,O035779,19,0.048,0.05,0.7722
U000721,O035779,20,0.048,0.05,0.7722
U000721,O025779,1,0.7147,0.6843,0.6843
U000721,O025779,2,0.3243,0.3422,0.6843
U000721,O025779,3,0.2583,0.2281,0.6843
U000721,O025779,4,0.1562,0.1711,0.6843
U000721,O025779,5,0.1381,0.1369,0.6843
U000721,O025779,6,0.1381,0.1141,0.6843
U000721,O025779,7,0.0991,0.0978,0.6843
U000721,O025779,8,0.0721,0.0855,0.6843
U000721,O025779,9,0.0721,0.076,0.6843
U000721,O025779,10,0.0691,0.0684,0.6843
U000721,O025779,11,0.0631,0.0622,0.6843
U000721,O025779,12,0.0691,0.057,0.6843
U000721,O025779,13,0.045,0.0526,0.6843
U000721,O025779,14,0.0631,0.05,0.6843
U000721,O025779,15,0.048,0.05,0.6843
U000721,O025779,16,0.0631,0.05,0.6843
U000721,O025779,17,0.027,0.05,0.6843
U000721,O025779,18,0.048,0.05,0.6843
U000721,O025779,19,0.0541,0.05,0.6843
U000721,O025779,20,0.0571,0.05,0.6843
U000721,O015779,1,0.7327,0.6773,0.6773
U000721,O015779,2,0.3393,0.3386,0.6773
U000721,O015779,3,0.2673,0.2258,0.6773
U000721,O015779,4,0.1832,0.1693,0.6773
U000721,O015779,5,0.1171,0.1355,0.6773
U000721,O015779,6,0.1171,0.1129,0.6773
U000721,O015779,7,0.0961,0.0968,0.6773
U000721,O015779,8,0.0721,0.0847,0.6773
U000721,O015779,9,0.0871,0.0753,0.6773
U000721,O015779,10,0.0691,0.0677,0.6773
U000721,O015779,11,0.0871,0.0616,0.6773
U000721,O015779,12,0.039,0.0564,0.6773
U000721,O015779,13,0.0571,0.0521,0.6773
U000721,O015779,14,0.042,0.05,0.6773
U000721,O015779,15,0.0751,0.05,0.6773
U000721,O015779,16,0.0601,0.05,0.6773
U000721,O015779,17,0.048,0.05,0.6773
U000721,O015779,18,0.0751,0.05,0.6773
U000721,O015779,19,0.039,0.05,0.6773
U000721,O015779,20,0.0631,0.05,0.6773
U000721,O005779,1,0.6456,0.6508,0.6508
U000721,O005779,2,0.3333,0.3254,0.6508
U000721,O005779,3,0.2012,0.2169,0.6508
U000721,O005779,4,0.1802,0.1627,0.6508
U000721,O005779,5,0.1261,0.1302,0.6508
U000721,O005779,6,0.0991,0.1085,0.6508
U000721,O005779,7,0.0691,0.093,0.6508
U000721,O005779,8,0.1021,0.0813,0.6508
U000721,O005779,9,0.0571,0.0723,0.6508
U000721,O005779,10,0.0781,0.0651,0.6508
U000721,O005779,11,0.048,0.0592,0.6508
U000721,O005779,12,0.0571,0.0542,0.6508
U000721,O005779,13,0.045,0.0501,0.6508
U000721,O005779,14,0.0511,0.05,0.6508
U000721,O005779,15,0.048,0.05,0.6508
U000721,O005779,16,0.048,0.05,0.6508
U000721,O005779,17,0.0541,0.05,0.6508
U000721,O005779,18,0.048,0.05,0.6508
U000721,O005779,19,0.0571,0.05,0.6508
U000721,O005779,20,0.0511,0.05,0.6508
U000721,O021062,1,0.6697,0.64,0.64
U000721,O021062,2,0.3243,0.32,0.64
U000721,O021062,3,0.2012,0.2133,0.64
U000721,O021062,4,0.1652,0.16,0.64
U000721,O021062,5,0.1502,0.128,0.64
U000721,O021062,6,0.1441,0.1067,0.64
U000721,O021062,7,0.0811,0.0914,0.64
U000721,O021062,8,0.0961,0.08,0.64
U000721,O021062,9,0.1141,0.0711,0.64
U000721,O021062,10,0.0721,0.064,0.64
U000721,O021062,11,0.0691,0.0582,0.64
U000721,O021062,12,0.0511,0.0533,0.64
U000721,O021062,13,0.018,0.05,0.64
U000721,O021062,14,0.0571,0.05,0.64
U000721,O021062,15,0.045,0.05,0.64
U000721,O021062,16,0.0541,0.05,0.64
U000721,O021062,17,0.0511,0.05,0.64
U000721,O021062,18,0.045,0.05,0.64
U000721,O021062,19,0.0541,0.05,0.64
U000721,O021062,20,0.048,0.05,0.64
U000721,O002583,1,0.5375,0.54,0.54
U000721,O002583,2,0.3063,0.27,0.54
U000721,O002583,3,0.2132,0.18,0.54
U000721,O002583,4,0.1471,0.135,0.54
U000721,O002583,5,0.1321,0.108,0.54
U000721,O002583,6,0.0721,0.09,0.54
U000721,O002583,7,0.0661,0.0771,0.54
U000721,O002583,8,0.048,0.0675,0.54
U000721,O002583,9,0.0541,0.06,0.54
U000721,O002583,10,0.0601,0.054,0.54
U000721,O002583,11,0.039,0.05,0.54
U000721,O002583,12,0.0511,0.05,0.54
U000721,O002583,13,0.0631,0.05,0.54
U000721,O002583,14,0.0511,0.05,0.54
U000721,O002583,15,0.042,0.05,0.54
U000721,O002583,16,0.033,0.05,0.54
U000721,O002583,17,0.048,0.05,0.54
U000721,O002583,18,0.0601,0.05,0.54
U000721,O002583,19,0.0541,0.05,0.54
U000721,O002583,20,0.0631,0.05,0.54
U000721,O042583,1,0.5345,0.54,0.54
U000721,O042583,2,0.3033,0.27,0.54
U000721,O042583,3,0.1982,0.18,0.54
U000721,O042583,4,0.1051,0.135,0.54
U000721,O042583,5,0.1201,0.108,0.54
U000721,O042583,6,0.0931,0.09,0.54
U000721,O042583,7,0.0661,0.0771,0.54
U000721,O042583,8,0.0661,0.0675,0.54
U000721,O042583,9,0.0571,0.06,0.54
U000721,O042583,10,0.0811,0.054,0.54
U000721,O042583,11,0.0661,0.05,0.54
U000721,O042583,12,0.048,0.05,0.54
U000721,O042583,13,0.039,0.05,0.54
U000721,O042583,14,0.033,0.05,0.54
U000721,O042583,15,0.042,0.05,0.54
U000721,O042583,16,0.0571,0.05,0.54
U000721,O042583,17,0.0661,0.05,0.54
U000721,O042583,18,0.033,0.05,0.54
U000721,O042583,19,0.0541,0.05,0.54
U000721,O042583,20,0.0601,0.05,0.54
U000721,O012583,1,0.5315,0.54,0.54
U000721,O012583,2,0.2613,0.27,0.54
U000721,O012583,3,0.1772,0.18,0.54
U000721,O012583,4,0.1471,0.135,0.54
U000721,O012583,5,0.1351,0.108,0.54
U000721,O012583,6,0.0781,0.09,0.54
U000721,O012583,7,0.1081,0.0771,0.54
U000721,O012583,8,0.0871,0.0675,0.54
U000721,O012583,9,0.0811,0.06,0.54
U000721,O012583,10,0.033,0.054,0.54
U000721,O012583,11,0.048,0.05,0.54
U000721,O012583,12,0.0631,0.05,0.54
U000721,O012583,13,0.0721,0.05,0.54
U000721,O012583,14,0.0541,0.05,0.54
U000721,O012583,15,0.0541,0.05,0.54
U000721,O012583,16,0.036,0.05,0.54
U000721,O012583,17,0.0541,0.05,0.54
U000721,O012583,18,0.0511,0.05,0.54
U000721,O012583,19,0.0601,0.05,0.54
U000721,O012583,20,0.0541,0.05,0.54
U000721,O041062,1,0.5736,0.54,0.54
U000721,O041062,2,0.2853,0.27,0.54
U000721,O041062,3,0.1772,0.18,0.54
U000721,O041062,4,0.1411,0.135,0.54
U000721,O041062,5,0.1171,0.108,0.54
U000721,O041062,6,0.0811,0.09,0.54
U000721,O041062,7,0.0901,0.0771,0.54
U000721,O041062,8,0.0661,0.0675,0.54
U000721,O041062,9,0.0631,0.06,0.54
U000721,O041062,10,0.0511,0.054,0.54
U000721,O041062,11,0.0571,0.05,0.54
U000721,O041062,12,0.0571,0.05,0.54
U000721,O041062,13,0.048,0.05,0.54
U000721,O041062,14,0.039,0.05,0.54
U000721,O041062,15,0.033,0.05,0.54
U000721,O041062,16,0.033,0.05,0.54
U000721,O041062,17,0.039,0.05,0.54
U000721,O041062,18,0.0511,0.05,0.54
U000721,O041062,19,0.0661,0.05,0.54
U000721,O041062,20,0.042,0.05,0.54
U000721,O031062,1,0.5706,0.54,0.54
U000721,O031062,2,0.2252,0.27,0.54
U000721,O031062,3,0.1862,0.18,0.54
U000721,O031062,4,0.1471,0.135,0.54
U000721,O031062,5,0.0991,0.108,0.54
U000721,O031062,6,0.0811,0.09,0.54
U000721,O031062,7,0.0931,0.0771,0.54
U000721,O031062,8,0.0631,0.0675,0.54
U000721,O031062,9,0.0511,0.06,0.54
U000721,O031062,10,0.0541,0.054,0.54
U000721,O031062,11,0.0541,0.05,0.54
U000721,O031062,12,0.0601,0.05,0.54
U000721,O031062,13,0.048,0.05,0.54
U000721,O031062,14,0.0541,0.05,0.54
U000721,O031062,15,0.042,0.05,0.54
U000721,O031062,16,0.039,0.05,0.54
U000721,O031062,17,0.033,0.05,0.54
U000721,O031062,18,0.039,0.05,0.54
U000721,O031062,19,0.048,0.05,0.54
U000721,O031062,20,0.048,0.05,0.54
U000721,O011062,1,0.5345,0.54,0.54
U000721,O011062,2,0.2823,0.27,0.54
U000721,O011062,3,0.1682,0.18,0.54
U000721,O011062,4,0.1562,0.135,0.54
U000721,O011062,5,0.1291,0.108,0.54
U000721,O011062,6,0.0871,0.09,0.54
U000721,O011062,7,0.1021,0.0771,0.54
U000721,O011062,8,0.0781,0.0675,0.54
U000721,O011062,9,0.0571,0.06,0.54
U000721,O011062,10,0.0541,0.054,0.54
U000721,O011062,11,0.048,0.05,0.54
U000721,O011062,12,0.0661,0.05,0.54
U000721,O011062,13,0.0631,0.05,0.54
U000721,O011062,14,0.045,0.05,0.54
U000721,O011062,15,0.0721,0.05,0.54
U000721,O011062,16,0.048,0.05,0.54
U000721,O011062,17,0.048,0.05,0.54
U000721,O011062,18,0.042,0.05,0.54
U000721,O011062,19,0.048,0.05,0.54
U000721,O011062,20,0.0661,0.05,0.54
U000721,O031191,1,0.5676,0.54,0.54
U000721,O031191,2,0.2763,0.27,0.54
U000721,O031191,3,0.1832,0.18,0.54
U000721,O031191,4,0.1622,0.135,0.54
U000721,O031191,5,0.1081,0.108,0.54
U000721,O031191,6,0.0991,0.09,0.54
U000721,O031191,7,0.0871,0.0771,0.54
U000721,O031191,8,0.0661,0.0675,0.54
U000721,O031191,9,0.0691,0.06,0.54
U000721,O031191,10,0.0571,0.054,0.54
U000721,O031191,11,0.027,0.05,0.54
U000721,O031191,12,0.0691,0.05,0.54
U000721,O031191,13,0.036,0.05,0.54
U000721,O031191,14,0.039,0.05,0.54
U000721,O031191,15,0.0571,0.05,0.54
U000721,O031191,16,0.0601,0.05,0.54
U000721,O031191,17,0.021,0.05,0.54
U000721,O031191,18,0.048,0.05,0.54
U000721,O031191,19,0.0511,0.05,0.54
U000721,O031191,20,0.042,0.05,0.54
U000721,O001191,1,0.5796,0.54,0.54
U000721,O001191,2,0.2733,0.27,0.54
U000721,O001191,3,0.1652,0.18,0.54
U000721,O001191,4,0.1441,0.135,0.54
U000721,O001191,5,0.1261,0.108,0.54
U000721,O001191,6,0.0901,0.09,0.54
U000721,O001191,7,0.0751,0.0771,0.54
U000721,O001191,8,0.0541,0.0675,0.54
U000721,O001191,9,0.048,0.06,0.54
U000721,O001191,10,0.039,0.054,0.54
U000721,O001191,11,0.0631,0.05,0.54
U000721,O001191,12,0.0511,0.05,0.54
U000721,O001191,13,0.048,0.05,0.54
U000721,O001191,14,0.048,0.05,0.54
U000721,O001191,15,0.0631,0.05,0.54
U000721,O001191,16,0.0631,0.05,0.54
U000721,O001191,17,0.0571,0.05,0.54
U000721,O001191,18,0.048,0.05,0.54
U000721,O001191,19,0.045,0.05,0.54
U000721,O001191,20,0.0511,0.05,0.54
U000721,O041191,1,0.5616,0.54,0.54
U000721,O041191,2,0.3063,0.27,0.54
U000721,O041191,3,0.2102,0.18,0.54
U000721,O041191,4,0.1471,0.135,0.54
U000721,O041191,5,0.1321,0.108,0.54
U000721,O041191,6,0.0841,0.09,0.54
U000721,O041191,7,0.0811,0.0771,0.54
U000721,O041191,8,0.0541,0.0675,0.54
U000721,O041191,9,0.0511,0.06,0.54
U000721,O041191,10,0.045,0.054,0.54
U000721,O041191,11,0.0541,0.05,0.54
U000721,O041191,12,0.0601,0.05,0.54
U000721,O041191,13,0.045,0.05,0.54
U000721,O041191,14,0.0511,0.05,0.54
U000721,O041191,15,0.0541,0.05,0.54
U000721,O041191,16,0.0601,0.05,0.54
U000721,O041191,17,0.0511,0.05,0.54
U000721,O041191,18,0.039,0.05,0.54
U000721,O041191,19,0.036,0.05,0.54
U000721,O041191,20,0.0601,0.05,0.54
U000721,O021191,1,0.5405,0.54,0.54
U000721,O021191,2,0.2523,0.27,0.54
U000721,O021191,3,0.1742,0.18,0.54
U000721,O021191,4,0.1261,0.135,0.54
U000721,O021191,5,0.1111,0.108,0.54
U000721,O021191,6,0.1051,0.09,0.54
U000721,O021191,7,0.0631,0.0771,0.54
U000721,O021191,8,0.0751,0.0675,0.54
U000721,O021191,9,0.048,0.06,0.54
U000721,O021191,10,0.048,0.054,0.54
U000721,O021191,11,0.0571,0.05,0.54
U000721,O021191,12,0.033,0.05,0.54
U000721,O021191,13,0.0601,0.05,0.54
U000721,O021191,14,0.048,0.05,0.54
U000721,O021191,15,0.042,0.05,0.54
U000721,O021191,16,0.0511,0.05,0.54
U000721,O021191,17,0.048,0.05,0.54
U000721,O021191,18,0.042,0.05,0.54
U000721,O021191,19,0.039,0.05,0.54
U000721,O021191,20,0.0511,0.05,0.54
U000721,O032583,1,0.5075,0.54,0.54
U000721,O032583,2,0.2733,0.27,0.54
U000721,O032583,3,0.1982,0.18,0.54
U000721,O032583,4,0.1141,0.135,0.54
U000721,O032583,5,0.1261,0.108,0.54
U000721,O032583,6,0.0781,0.09,0.54
U000721,O032583,7,0.0991,0.0771,0.54
U000721,O032583,8,0.0751,0.0675,0.54
U000721,O032583,9,0.0781,0.06,0.54
U000721,O032583,10,0.042,0.054,0.54
U000721,O032583,11,0.0601,0.05,0.54
U000721,O032583,12,0.0511,0.05,0.54
U000721,O032583,13,0.033,0.05,0.54
U000721,O032583,14,0.045,0.05,0.54
U000721,O032583,15,0.0511,0.05,0.54
U000721,O032583,16,0.039,0.05,0.54
U000721,O032583,17,0.027,0.05,0.54
U000721,O032583,18,0.045,0.05,0.54
U000721,O032583,19,0.036,0.05,0.54
U000721,O032583,20,0.042,0.05,0.54
U000721,O022016,1,0.5225,0.5234,0.5234
U000721,O022016,2,0.2763,0.2617,0.5234
U000721,O022016,3,0.1592,0.1745,0.5234
U000721,O022016,4,0.1081,0.1309,0.5234
U000721,O022016,5,0.1111,0.1047,0.5234
U000721,O022016,6,0.1171,0.0872,0.5234
U000721,O022016,7,0.0781,0.0748,0.5234
U000721,O022016,8,0.0841,0.0654,0.5234
U000721,O022016,9,0.0511,0.0582,0.5234
U000721,O022016,10,0.0541,0.0523,0.5234
U000721,O022016,11,0.0541,0.05,0.5234
U000721,O022016,12,0.0541,0.05,0.5234
U000721,O022016,13,0.045,0.05,0.5234
U000721,O022016,14,0.0571,0.05,0.5234
U000721,O022016,15,0.036,0.05,0.5234
U000721,O022016,16,0.042,0.05,0.5234
U000721,O022016,17,0.045,0.05,0.5234
U000721,O022016,18,0.036,0.05,0.5234
U000721,O022016,19,0.048,0.05,0.5234
U000721,O022016,20,0.024,0.05,0.5234
U000721,O032016,1,0.5315,0.5234,0.5234
U000721,O032016,2,0.2733,0.2617,0.5234
U000721,O032016,3,0.1652,0.1745,0.5234
U000721,O032016,4,0.1111,0.1309,0.5234
U000721,O032016,5,0.0871,0.1047,0.5234
U000721,O032016,6,0.1021,0.0872,0.5234
U000721,O032016,7,0.0661,0.0748,0.5234
U000721,O032016,8,0.0751,0.0654,0.5234
U000721,O032016,9,0.0571,0.0582,0.5234
U000721,O032016,10,0.0541,0.0523,0.5234
U000721,O032016,11,0.042,0.05,0.5234
U000721,O032016,12,0.045,0.05,0.5234
U000721,O032016,13,0.0541,0.05,0.5234
U000721,O032016,14,0.0631,0.05,0.5234
U000721,O032016,15,0.0601,0.05,0.5234
U000721,O032016,16,0.048,0.05,0.5234
U000721,O032016,17,0.0541,0.05,0.5234
U000721,O032016,18,0.0601,0.05,0.5234
U000721,O032016,19,0.0691,0.05,0.5234
U000721,O032016,20,0.039,0.05,0.5234
U000721,O042016,1,0.4715,0.5127,0.5127
U000721,O042016,2,0.2492,0.2564,0.5127
U000721,O042016,3,0.1351,0.1709,0.5127
U000721,O042016,4,0.1291,0.1282,0.5127
U000721,O042016,5,0.1081,0.1025,0.5127
U000721,O042016,6,0.0631,0.0855,0.5127
U000721,O042016,7,0.0811,0.0732,0.5127
U000721,O042016,8,0.0691,0.0641,0.5127
U000721,O042016,9,0.0751,0.057,0.5127
U000721,O042016,10,0.039,0.0513,0.5127
U000721,O042016,11,0.039,0.05,0.5127
U000721,O042016,12,0.0511,0.05,0.5127
U000721,O042016,13,0.045,0.05,0.5127
U000721,O042016,14,0.048,0.05,0.5127
U000721,O042016,15,0.027,0.05,0.5127
U000721,O042016,16,0.048,0.05,0.5127
U000721,O042016,17,0.042,0.05,0.5127
U000721,O042016,18,0.039,0.05,0.5127
U000721,O042016,19,0.0571,0.05,0.5127
U000721,O042016,20,0.0571,0.05,0.5127
U000721,O002016,1,0.5465,0.5036,0.5036
U000721,O002016,2,0.2583,0.2518,0.5036
U000721,O002016,3,0.1532,0.1679,0.5036
U000721,O002016,4,0.1141,0.1259,0.5036
U000721,O002016,5,0.0811,0.1007,0.5036
U000721,O002016,6,0.0781,0.0839,0.5036
U000721,O002016,7,0.0811,0.0719,0.5036
U000721,O002016,8,0.0601,0.063,0.5036
U000721,O002016,9,0.033,0.056,0.5036
U000721,O002016,10,0.0541,0.0504,0.5036
U000721,O002016,11,0.042,0.05,0.5036
U000721,O002016,12,0.0541,0.05,0.5036
U000721,O002016,13,0.036,0.05,0.5036
U000721,O002016,14,0.0631,0.05,0.5036
U000721,O002016,15,0.0571,0.05,0.5036
U000721,O002016,16,0.0511,0.05,0.5036
U000721,O002016,17,0.0631,0.05,0.5036
U000721,O002016,18,0.033,0.05,0.5036
U000721,O002016,19,0.039,0.05,0.5036
U000721,O002016,20,0.048,0.05,0.5036
U000475,O021062,1,0.8679,0.8879,0.8879
U000475,O021062,2,0.4565,0.4439,0.8879
U000475,O021062,3,0.3003,0.296,0.8879
U000475,O021062,4,0.2282,0.222,0.8879
U000475,O021062,5,0.1652,0.1776,0.8879
U000475,O021062,6,0.1261,0.148,0.8879
U000475,O021062,7,0.1441,0.1268,0.8879
U000475,O021062,8,0.1321,0.111,0.8879
U000475,O021062,9,0.0931,0.0987,0.8879
U000475,O021062,10,0.0991,0.0888,0.8879
U000475,O021062,11,0.0931,0.0807,0.8879
U000475,O021062,12,0.0901,0.074,0.8879
U000475,O021062,13,0.039,0.0683,0.8879
U000475,O021062,14,0.0781,0.0634,0.8879
U000475,O021062,15,0.0661,0.0592,0.8879
U000475,O021062,16,0.0721,0.0555,0.8879
U000475,O021062,17,0.0541,0.0522,0.8879
U000475,O021062,18,0.033,0.05,0.8879
U000475,O021062,19,0.0541,0.05,0.8879
U000475,O021062,20,0.0571,0.05,0.8879
U000475,O012016,1,0.8048,0.8197,0.8197
U000475,O012016,2,0.4174,0.4098,0.8197
U000475,O012016,3,0.2793,0.2732,0.8197
U000475,O012016,4,0.2733,0.2049,0.8197
U000475,O012016,5,0.1742,0.1639,0.8197
U000475,O012016,6,0.1411,0.1366,0.8197
U000475,O012016,7,0.1201,0.1171,0.8197
U000475,O012016,8,0.0901,0.1025,0.8197
U000475,O012016,9,0.0901,0.0911,0.8197
U000475,O012016,10,0.0961,0.082,0.8197
U000475,O012016,11,0.0751,0.0745,0.8197
U000475,O012016,12,0.0721,0.0683,0.8197
U000475,O012016,13,0.0841,0.0631,0.8197
U000475,O012016,14,0.0751,0.0585,0.8197
U000475,O012016,15,0.0841,0.0546,0.8197
U000475,O012016,16,0.036,0.0512,0.8197
U000475,O012016,17,0.0691,0.05,0.8197
U000475,O012016,18,0.0541,0.05,0.8197
U000475,O012016,19,0.045,0.05,0.8197
U000475,O012016,20,0.045,0.05,0.8197
U000475,O012583,1,0.8228,0.8125,0.8125
U000475,O012583,2,0.4144,0.4062,0.8125
U000475,O012583,3,0.2553,0.2708,0.8125
U000475,O012583,4,0.2553,0.2031,0.8125
U000475,O012583,5,0.1802,0.1625,0.8125
U000475,O012583,6,0.1471,0.1354,0.8125
U000475,O012583,7,0.1111,0.1161,0.8125
U000475,O012583,8,0.1081,0.1016,0.8125
U000475,O012583,9,0.0871,0.0903,0.8125
U000475,O012583,10,0.1141,0.0812,0.8125
U000475,O012583,11,0.0631,0.0739,0.8125
U000475,O012583,12,0.0511,0.0677,0.8125
U000475,O012583,13,0.0751,0.0625,0.8125
U000475,O012583,14,0.0811,0.058,0.8125
U000475,O012583,15,0.0571,0.0542,0.8125
U000475,O012583,16,0.0511,0.0508,0.8125
U000475,O012583,17,0.0631,0.05,0.8125
U000475,O012583,18,0.0511,0.05,0.8125
U000475,O012583,19,0.042,0.05,0.8125
U000475,O012583,20,0.0661,0.05,0.8125
U000475,O002583,1,0.8138,0.8008,0.8008
U000475,O002583,2,0.4024,0.4004,0.8008
U000475,O002583,3,0.2312,0.2669,0.8008
U000475,O002583,4,0.1802,0.2002,0.8008
U000475,O002583,5,0.1682,0.1602,0.8008
U000475,O002583,6,0.1351,0.1335,0.8008
U000475,O002583,7,0.1321,0.1144,0.8008
U000475,O002583,8,0.0961,0.1001,0.8008
U000475,O002583,9,0.1051,0.089,0.8008
U000475,O002583,10,0.0721,0.0801,0.8008
U000475,O002583,11,0.0631,0.0728,0.8008
U000475,O002583,12,0.0871,0.0667,0.8008
U000475,O002583,13,0.039,0.0616,0.8008
U000475,O002583,14,0.0631,0.0572,0.8008
U000475,O002583,15,0.0601,0.0534,0.8008
U000475,O002583,16,0.0541,0.0501,0.8008
U000475,O002583,17,0.0661,0.05,0.8008
U000475,O002583,18,0.045,0.05,0.8008
U000475,O002583,19,0.0601,0.05,0.8008
U000475,O002583,20,0.039,0.05,0.8008
U000475,O011062,1,0.8348,0.7978,0.7978
U000475,O011062,2,0.4114,0.3989,0.7978
U000475,O011062,3,0.2643,0.2659,0.7978
U000475,O011062,4,0.1862,0.1994,0.7978
U000475,O011062,5,0.1682,0.1596,0.7978
U000475,O011062,6,0.1502,0.133,0.7978
U000475,O011062,7,0.1111,0.114,0.7978
U000475,O011062,8,0.1021,0.0997,0.7978
U000475,O011062,9,0.1111,0.0886,0.7978
U000475,O011062,10,0.0541,0.0798,0.7978
U000475,O011062,11,0.0991,0.0725,0.7978
U000475,O011062,12,0.0931,0.0665,0.7978
U000475,O011062,13,0.0571,0.0614,0.7978
U000475,O011062,14,0.03,0.057,0.7978
U000475,O011062,15,0.027,0.0532,0.7978
U000475,O011062,16,0.039,0.05,0.7978
U000475,O011062,17,0.0541,0.05,0.7978
U000475,O011062,18,0.033,0.05,0.7978
U000475,O011062,19,0.0691,0.05,0.7978
U000475,O011062,20,0.0601,0.05,0.7978
U000475,O042583,1,0.7718,0.7949,0.7949
U000475,O042583,2,0.3574,0.3974,0.7949
U000475,O042583,3,0.2312,0.265,0.7949
U000475,O042583,4,0.1742,0.1987,0.7949
U000475,O042583,5,0.1502,0.159,0.7949
U000475,O042583,6,0.1502,0.1325,0.7949
U000475,O042583,7,0.1141,0.1136,0.7949
U000475,O042583,8,0.0721,0.0994,0.7949
U000475,O042583,9,0.0661,0.0883,0.7949
U000475,O042583,10,0.0721,0.0795,0.7949
U000475,O042583,11,0.0691,0.0723,0.7949
U000475,O042583,12,0.0871,0.0662,0.7949
U000475,O042583,13,0.0691,0.0611,0.7949
U000475,O042583,14,0.048,0.0568,0.7949
U000475,O042583,15,0.0691,0.053,0.7949
U000475,O042583,16,0.0691,0.05,0.7949
U000475,O042583,17,0.036,0.05,0.7949
U000475,O042583,18,0.0631,0.05,0.7949
U000475,O042583,19,0.033,0.05,0.7949
U000475,O042583,20,0.042,0.05,0.7949
U000475,O022583,1,0.8078,0.7947,0.7947
U000475,O022583,2,0.3724,0.3973,0.7947
U000475,O022583,3,0.2402,0.2649,0.7947
U000475,O022583,4,0.1922,0.1987,0.7947
U000475,O022583,5,0.1592,0.1589,0.7947
U000475,O022583,6,0.1562,0.1324,0.7947
U000475,O022583,7,0.1051,0.1135,0.7947
U000475,O022583,8,0.0871,0.0993,0.7947
U000475,O022583,9,0.1021,0.0883,0.7947
U000475,O022583,10,0.0901,0.0795,0.7947
U000475,O022583,11,0.0601,0.0722,0.7947
U000475,O022583,12,0.0541,0.0662,0.7947
U000475,O022583,13,0.0631,0.0611,0.7947
U000475,O022583,14,0.0541,0.0568,0.7947
U000475,O022583,15,0.036,0.053,0.7947
U000475,O022583,16,0.039,0.05,0.7947
U000475,O022583,17,0.042,0.05,0.7947
U000475,O022583,18,0.036,0.05,0.7947
U000475,O022583,19,0.042,0.05,0.7947
U000475,O022583,20,0.036,0.05,0.7947
U000475,O041062,1,0.7868,0.7872,0.7872
U000475,O041062,2,0.3844,0.3936,0.7872
U000475,O041062,3,0.3093,0.2624,0.7872
U000475,O041062,4,0.2012,0.1968,0.7872
U000475,O041062,5,0.1622,0.1574,0.7872
U000475,O041062,6,0.1081,0.1312,0.7872
U000475,O041062,7,0.1141,0.1125,0.7872
U000475,O041062,8,0.1141,0.0984,0.7872
U000475,O041062,9,0.0961,0.0875,0.7872
U000475,O041062,10,0.0961,0.0787,0.7872
U000475,O041062,11,0.0601,0.0716,0.7872
U000475,O041062,12,0.0571,0.0656,0.7872
U000475,O041062,13,0.0511,0.0606,0.7872
U000475,O041062,14,0.0631,0.0562,0.7872
U000475,O041062,15,0.0631,0.0525,0.7872
U000475,O041062,16,0.0661,0.05,0.7872
U000475,O041062,17,0.033,0.05,0.7872
U000475,O041062,18,0.048,0.05,0.7872
U000475,O041062,19,0.0511,0.05,0.7872
U000475,O041062,20,0.0601,0.05,0.7872
U000475,O001062,1,0.7988,0.782,0.782
U000475,O001062,2,0.3904,0.391,0.782
U000475,O001062,3,0.2793,0.2607,0.782
U000475,O001062,4,0.1772,0.1955,0.782
U000475,O001062,5,0.1742,0.1564,0.782
U000475,O001062,6,0.1231,0.1303,0.782
U000475,O001062,7,0.1141,0.1117,0.782
U000475,O001062,8,0.0931,0.0977,0.782
U000475,O001062,9,0.0781,0.0869,0.782
U000475,O001062,10,0.1081,0.0782,0.782
U000475,O001062,11,0.0691,0.0711,0.782
U000475,O001062,12,0.0721,0.0652,0.782
U000475,O001062,13,0.0541,0.0602,0.782
U000475,O001062,14,0.048,0.0559,0.782
U000475,O001062,15,0.045,0.0521,0.782
U000475,O001062,16,0.0721,0.05,0.782
U000475,O001062,17,0.036,0.05,0.782
U000475,O001062,18,0.0661,0.05,0.782
U000475,O001062,19,0.0511,0.05,0.782
U000475,O001062,20,0.0901,0.05,0.782
U000475,O002016,1,0.7237,0.7325,0.7325
U000475,O002016,2,0.3994,0.3662,0.7325
U000475,O002016,3,0.2222,0.2442,0.7325
U000475,O002016,4,0.1682,0.1831,0.7325
U000475,O002016,5,0.1201,0.1465,0.7325
U000475,O002016,6,0.1351,0.1221,0.7325
U000475,O002016,7,0.1081,0.1046,0.7325
U000475,O002016,8,0.1051,0.0916,0.7325
U000475,O002016,9,0.0841,0.0814,0.7325
U000475,O002016,10,0.0691,0.0732,0.7325
U000475,O002016,11,0.0571,0.0666,0.7325
U000475,O002016,12,0.0721,0.061,0.7325
U000475,O002016,13,0.033,0.0563,0.7325
U000475,O002016,14,0.036,0.0523,0.7325
U000475,O002016,15,0.042,0.05,0.7325
U000475,O002016,16,0.0631,0.05,0.7325
U000475,O002016,17,0.0511,0.05,0.7325
U000475,O002016,18,0.0511,0.05,0.7325
U000475,O002016,19,0.0511,0.05,0.7325
U000475,O002016,20,0.048,0.05,0.7325
U000475,O042016,1,0.7417,0.7283,0.7283
U000475,O042016,2,0.3664,0.3642,0.7283
U000475,O042016,3,0.2222,0.2428,0.7283
U000475,O042016,4,0.1682,0.1821,0.7283
U000475,O042016,5,0.1592,0.1457,0.7283
U000475,O042016,6,0.1231,0.1214,0.7283
U000475,O042016,7,0.0781,0.104,0.7283
U000475,O042016,8,0.0751,0.091,0.7283
U000475,O042016,9,0.1201,0.0809,0.7283
U000475,O042016,10,0.0631,0.0728,0.7283
U000475,O042016,11,0.0631,0.0662,0.7283
U000475,O042016,12,0.0841,0.0607,0.7283
U000475,O042016,13,0.048,0.056,0.7283
U000475,O042016,14,0.048,0.052,0.7283
U000475,O042016,15,0.0511,0.05,0.7283
U000475,O042016,16,0.039,0.05,0.7283
U000475,O042016,17,0.03,0.05,0.7283
U000475,O042016,18,0.0541,0.05,0.7283
U000475,O042016,19,0.039,0.05,0.7283
U000475,O042016,20,0.036,0.05,0.7283
U000475,O022016,1,0.7087,0.7235,0.7235
U000475,O022016,2,0.3814,0.3617,0.7235
U000475,O022016,3,0.2342,0.2412,0.7235
U000475,O022016,4,0.1712,0.1809,0.7235
U000475,O022016,5,0.1471,0.1447,0.7235
U000475,O022016,6,0.1441,0.1206,0.7235
U000475,O022016,7,0.1171,0.1034,0.7235
U000475,O022016,8,0.1081,0.0904,0.7235
U000475,O022016,9,0.1111,0.0804,0.7235
U000475,O022016,10,0.0571,0.0723,0.7235
U000475,O022016,11,0.0571,0.0658,0.7235
U000475,O022016,12,0.0631,0.0603,0.7235
U000475,O022016,13,0.042,0.0557,0.7235
U000475,O022016,14,0.0691,0.0517,0.7235
U000475,O022016,15,0.039,0.05,0.7235
U000475,O022016,16,0.0511,0.05,0.7235
U000475,O022016,17,0.0631,0.05,0.7235
U000475,O022016,18,0.039,0.05,0.7235
U000475,O022016,19,0.0511,0.05,0.7235
U000475,O022016,20,0.048,0.05,0.7235
U000475,O035779,1,0.6336,0.6345,0.6345
U000475,O035779,2,0.3213,0.3172,0.6345
U000475,O035779,3,0.2282,0.2115,0.6345
U000475,O035779,4,0.1772,0.1586,0.6345
U000475,O035779,5,0.1321,0.1269,0.6345
U000475,O035779,6,0.0931,0.1057,0.6345
U000475,O035779,7,0.0931,0.0906,0.6345
U000475,O035779,8,0.0841,0.0793,0.6345
U000475,O035779,9,0.0931,0.0705,0.6345
U000475,O035779,10,0.039,0.0634,0.6345
U000475,O035779,11,0.0631,0.0577,0.6345
U000475,O035779,12,0.0781,0.0529,0.6345
U000475,O035779,13,0.0571,0.05,0.6345
U000475,O035779,14,0.0511,0.05,0.6345
U000475,O035779,15,0.048,0.05,0.6345
U000475,O035779,16,0.0631,0.05,0.6345
U000475,O035779,17,0.027,0.05,0.6345
U000475,O035779,18,0.0631,0.05,0.6345
U000475,O035779,19,0.0571,0.05,0.6345
U000475,O035779,20,0.036,0.05,0.6345
U000475,O045779,1,0.5976,0.6253,0.6253
U000475,O045779,2,0.2823,0.3126,0.6253
U000475,O045779,3,0.1952,0.2084,0.6253
U000475,O045779,4,0.1682,0.1563,0.6253
U000475,O045779,5,0.1411,0.1251,0.6253
U000475,O045779,6,0.1261,0.1042,0.6253
U000475,O045779,7,0.0961,0.0893,0.6253
U000475,O045779,8,0.0661,0.0782,0.6253
U000475,O045779,9,0.0721,0.0695,0.6253
U000475,O045779,10,0.0511,0.0625,0.6253
U000475,O045779,11,0.0721,0.0568,0.6253
U000475,O045779,12,0.0541,0.0521,0.6253
U000475,O045779,13,0.036,0.05,0.6253
U000475,O045779,14,0.0511,0.05,0.6253
U000475,O045779,15,0.042,0.05,0.6253
U000475,O045779,16,0.0571,0.05,0.6253
U000475,O045779,17,0.0571,0.05,0.6253
U000475,O045779,18,0.048,0.05,0.6253
U000475,O045779,19,0.042,0.05,0.6253
U000475,O045779,20,0.045,0.05,0.6253
U000475,O021191,1,0.5646,0.56,0.56
U000475,O021191,2,0.3093,0.28,0.56
U000475,O021191,3,0.1772,0.1867,0.56
U000475,O021191,4,0.1261,0.14,0.56
U000475,O021191,5,0.0901,0.112,0.56
U000475,O021191,6,0.0931,0.0933,0.56
U000475,O021191,7,0.0661,0.08,0.56
U000475,O021191,8,0.1021,0.07,0.56
U000475,O021191,9,0.0601,0.0622,0.56
U000475,O021191,10,0.0571,0.056,0.56
U000475,O021191,11,0.0601,0.0509,0.56
U000475,O021191,12,0.0511,0.05,0.56
U000475,O021191,13,0.0811,0.05,0.56
U000475,O021191,14,0.045,0.05,0.56
U000475,O021191,15,0.0901,0.05,0.56
U000475,O021191,16,0.0571,0.05,0.56
U000475,O021191,17,0.0691,0.05,0.56
U000475,O021191,18,0.048,0.05,0.56
U000475,O021191,19,0.0661,0.05,0.56
U000475,O021191,20,0.0571,0.05,0.56
U000475,O011191,1,0.5586,0.56,0.56
U000475,O011191,2,0.2673,0.28,0.56
U000475,O011191,3,0.2162,0.1867,0.56
U000475,O011191,4,0.1441,0.14,0.56
U000475,O011191,5,0.1081,0.112,0.56
U000475,O011191,6,0.0721,0.0933,0.56
U000475,O011191,7,0.0721,0.08,0.56
U000475,O011191,8,0.0571,0.07,0.56
U000475,O011191,9,0.0601,0.0622,0.56
U000475,O011191,10,0.0511,0.056,0.56
U000475,O011191,11,0.0811,0.0509,0.56
U000475,O011191,12,0.0511,0.05,0.56
U000475,O011191,13,0.048,0.05,0.56
U000475,O011191,14,0.036,0.05,0.56
U000475,O011191,15,0.036,0.05,0.56
U000475,O011191,16,0.0631,0.05,0.56
U000475,O011191,17,0.0541,0.05,0.56
U000475,O011191,18,0.0511,0.05,0.56
U000475,O011191,19,0.045,0.05,0.56
U000475,O011191,20,0.0511,0.05,0.56
U000475,O041191,1,0.5465,0.56,0.56
U000475,O041191,2,0.3003,0.28,0.56
U000475,O041191,3,0.2042,0.1867,0.56
U000475,O041191,4,0.1321,0.14,0.56
U000475,O041191,5,0.1231,0.112,0.56
U000475,O041191,6,0.1261,0.0933,0.56
U000475,O041191,7,0.0781,0.08,0.56
U000475,O041191,8,0.0691,0.07,0.56
U000475,O041191,9,0.039,0.0622,0.56
U000475,O041191,10,0.036,0.056,0.56
U000475,O041191,11,0.0541,0.0509,0.56
U000475,O041191,12,0.0511,0.05,0.56
U000475,O041191,13,0.0571,0.05,0.56
U000475,O041191,14,0.0631,0.05,0.56
U000475,O041191,15,0.0691,0.05,0.56
U000475,O041191,16,0.042,0.05,0.56
U000475,O041191,17,0.0511,0.05,0.56
U000475,O041191,18,0.0511,0.05,0.56
U000475,O041191,19,0.042,0.05,0.56
U000475,O041191,20,0.0631,0.05,0.56
U000475,O001191,1,0.5736,0.56,0.56
U000475,O001191,2,0.2853,0.28,0.56
U000475,O001191,3,0.2042,0.1867,0.56
U000475,O001191,4,0.1321,0.14,0.56
U000475,O001191,5,0.1111,0.112,0.56
U000475,O001191,6,0.0781,0.0933,0.56
U000475,O001191,7,0.1111,0.08,0.56
U000475,O001191,8,0.0631,0.07,0.56
U000475,O001191,9,0.045,0.0622,0.56
U000475,O001191,10,0.0601,0.056,0.56
U000475,O001191,11,0.0661,0.0509,0.56
U000475,O001191,12,0.042,0.05,0.56
U000475,O001191,13,0.048,0.05,0.56
U000475,O001191,14,0.033,0.05,0.56
U000475,O001191,15,0.0601,0.05,0.56
U000475,O001191,16,0.033,0.05,0.56
U000475,O001191,17,0.0751,0.05,0.56
U000475,O001191,18,0.042,0.05,0.56
U000475,O001191,19,0.045,0.05,0.56
U000475,O001191,20,0.0541,0.05,0.56
U000475,O025779,1,0.5285,0.5399,0.5399
U000475,O025779,2,0.2883,0.27,0.5399
U000475,O025779,3,0.1772,0.18,0.5399
U000475,O025779,4,0.1411,0.135,0.5399
U000475,O025779,5,0.1381,0.108,0.5399
U000475,O025779,6,0.0961,0.09,0.5399
U000475,O025779,7,0.0721,0.0771,0.5399
U000475,O025779,8,0.0751,0.0675,0.5399
U000475,O025779,9,0.0571,0.06,0.5399
U000475,O025779,10,0.036,0.054,0.5399
U000475,O025779,11,0.0601,0.05,0.5399
U000475,O025779,12,0.0601,0.05,0.5399
U000475,O025779,13,0.0511,0.05,0.5399
U000475,O025779,14,0.0511,0.05,0.5399
U000475,O025779,15,0.045,0.05,0.5399
U000475,O025779,16,0.0571,0.05,0.5399
U000475,O025779,17,0.0631,0.05,0.5399
U000475,O025779,18,0.027,0.05,0.5399
U000475,O025779,19,0.0601,0.05,0.5399
U000475,O025779,20,0.0631,0.05,0.5399
U000475,O015779,1,0.5556,0.5367,0.5367
U000475,O015779,2,0.2973,0.2684,0.5367
U000475,O015779,3,0.1802,0.1789,0.5367
U000475,O015779,4,0.1231,0.1342,0.5367
U000475,O015779,5,0.1081,0.1073,0.5367
U000475,O015779,6,0.1081,0.0895,0.5367
U000475,O015779,7,0.0751,0.0767,0.5367
U000475,O015779,8,0.048,0.0671,0.5367
U000475,O015779,9,0.0601,0.0596,0.5367
U000475,O015779,10,0.0511,0.0537,0.5367
U000475,O015779,11,0.036,0.05,0.5367
U000475,O015779,12,0.0601,0.05,0.5367
U000475,O015779,13,0.042,0.05,0.5367
U000475,O015779,14,0.039,0.05,0.5367
U000475,O015779,15,0.0691,0.05,0.5367
U000475,O015779,16,0.0541,0.05,0.5367
U000475,O015779,17,0.0511,0.05,0.5367
U000475,O015779,18,0.033,0.05,0.5367
U000475,O015779,19,0.048,0.05,0.5367
U000475,O015779,20,0.0571,0.05,0.5367
U000607,O021062,1,0.8649,0.8747,0.8747
U000607,O021062,2,0.4655,0.4374,0.8747
U000607,O021062,3,0.3273,0.2916,0.8747
U000607,O021062,4,0.2222,0.2187,0.8747
U000607,O021062,5,0.1712,0.1749,0.8747
U000607,O021062,6,0.1291,0.1458,0.8747
U000607,O021062,7,0.0931,0.125,0.8747
U000607,O021062,8,0.1351,0.1093,0.8747
U000607,O021062,9,0.1231,0.0972,0.8747
U000607,O021062,10,0.1201,0.0875,0.8747
U000607,O021062,11,0.0721,0.0795,0.8747
U000607,O021062,12,0.0781,0.0729,0.8747
U000607,O021062,13,0.0601,0.0673,0.8747
U000607,O021062,14,0.0631,0.0625,0.8747
U000607,O021062,15,0.0541,0.0583,0.8747
U000607,O021062,16,0.0661,0.0547,0.8747
U000607,O021062,17,0.042,0.0515,0.8747
U000607,O021062,18,0.0631,0.05,0.8747
U000607,O021062,19,0.0631,0.05,0.8747
U000607,O021062,20,0.033,0.05,0.8747
U000607,O042583,1,0.8138,0.7857,0.7857
U000607,O042583,2,0.3994,0.3929,0.7857
U000607,O042583,3,0.2492,0.2619,0.7857
U000607,O042583,4,0.1922,0.1964,0.7857
U000607,O042583,5,0.1622,0.1571,0.7857
U000607,O042583,6,0.1231,0.131,0.7857
U000607,O042583,7,0.0961,0.1122,0.7857
U000607,O042583,8,0.0841,0.0982,0.7857
U000607,O042583,9,0.0961,0.0873,0.7857
U000607,O042583,10,0.1111,0.0786,0.7857
U000607,O042583,11,0.0721,0.0714,0.7857
U000607,O042583,12,0.0841,0.0655,0.7857
U000607,O042583,13,0.0661,0.0604,0.7857
U000607,O042583,14,0.0631,0.0561,0.7857
U000607,O042583,15,0.0661,0.0524,0.7857
U000607,O042583,16,0.048,0.05,0.7857
U000607,O042583,17,0.0541,0.05,0.7857
U000607,O042583,18,0.0871,0.05,0.7857
U000607,O042583,19,0.042,0.05,0.7857
U000607,O042583,20,0.039,0.05,0.7857
U000607,O002583,1,0.7628,0.7807,0.7807
U000607,O002583,2,0.3934,0.3903,0.7807
U000607,O002583,3,0.2643,0.2602,0.7807
U000607,O002583,4,0.2432,0.1952,0.7807
U000607,O002583,5,0.1351,0.1561,0.7807
U000607,O002583,6,0.1411,0.1301,0.7807
U000607,O002583,7,0.1201,0.1115,0.7807
U000607,O002583,8,0.1051,0.0976,0.7807
U000607,O002583,9,0.1021,0.0867,0.7807
U000607,O002583,10,0.0721,0.0781,0.7807
U000607,O002583,11,0.0661,0.071,0.7807
U000607,O002583,12,0.1021,0.0651,0.7807
U000607,O002583,13,0.0601,0.0601,0.7807
U000607,O002583,14,0.039,0.0558,0.7807
U000607,O002583,15,0.0661,0.052,0.7807
U000607,O002583,16,0.033,0.05,0.7807
U000607,O002583,17,0.0511,0.05,0.7807
U000607,O002583,18,0.048,0.05,0.7807
U000607,O002583,19,0.0601,0.05,0.7807
U000607,O002583,20,0.0601,0.05,0.7807
U000607,O001062,1,0.8408,0.7797,0.7797
U000607,O001062,2,0.3814,0.3899,0.7797
U000607,O001062,3,0.2492,0.2599,0.7797
U000607,O001062,4,0.2342,0.1949,0.7797
U000607,O001062,5,0.1231,0.1559,0.7797
U000607,O001062,6,0.1081,0.13,0.7797
U000607,O001062,7,0.1471,0.1114,0.7797
U000607,O001062,8,0.1081,0.0975,0.7797
U000607,O001062,9,0.0721,0.0866,0.7797
U000607,O001062,10,0.0511,0.078,0.7797
U000607,O001062,11,0.0781,0.0709,0.7797
U000607,O001062,12,0.0691,0.065,0.7797
U000607,O001062,13,0.0571,0.06,0.7797
U000607,O001062,14,0.0571,0.0557,0.7797
U000607,O001062,15,0.045,0.052,0.7797
U000607,O001062,16,0.045,0.05,0.7797
U000607,O001062,17,0.0571,0.05,0.7797
U000607,O001062,18,0.0511,0.05,0.7797
U000607,O001062,19,0.0541,0.05,0.7797
U000607,O001062,20,0.048,0.05,0.7797
U000607,O032583,1,0.7868,0.7717,0.7717
U000607,O032583,2,0.3874,0.3859,0.7717
U000607,O032583,3,0.2553,0.2572,0.7717
U000607,O032583,4,0.1832,0.1929,0.7717
U000607,O032583,5,0.1411,0.1543,0.7717
U000607,O032583,6,0.1471,0.1286,0.7717
U000607,O032583,7,0.0841,0.1102,0.7717
U000607,O032583,8,0.1441,0.0965,0.7717
U000607,O032583,9,0.0901,0.0857,0.7717
U000607,O032583,10,0.0691,0.0772,0.7717
U000607,O032583,11,0.0751,0.0702,0.7717
U000607,O032583,12,0.0721,0.0643,0.7717
U000607,O032583,13,0.0661,0.0594,0.7717
U000607,O032583,14,0.0571,0.0551,0.7717
U000607,O032583,15,0.036,0.0514,0.7717
U000607,O032583,16,0.045,0.05,0.7717
U000607,O032583,17,0.0511,0.05,0.7717
U000607,O032583,18,0.0511,0.05,0.7717
U000607,O032583,19,0.045,0.05,0.7717
U000607,O032583,20,0.0691,0.05,0.7717
U000607,O012583,1,0.7988,0.7708,0.7708
U000607,O012583,2,0.3754,0.3854,0.7708
U000607,O012583,3,0.2703,0.2569,0.7708
U000607,O012583,4,0.1952,0.1927,0.7708
U000607,O012583,5,0.1411,0.1542,0.7708
U000607,O012583,6,0.1381,0.1285,0.7708
U000607,O012583,7,0.1111,0.1101,0.7708
U000607,O012583,8,0.0931,0.0964,0.7708
U000607,O012583,9,0.0571,0.0856,0.7708
U000607,O012583,10,0.0721,0.0771,0.7708
U000607,O012583,11,0.048,0.0701,0.7708
U000607,O012583,12,0.0541,0.0642,0.7708
U000607,O012583,13,0.0691,0.0593,0.7708
U000607,O012583,14,0.0661,0.0551,0.7708
U000607,O012583,15,0.0631,0.0514,0.7708
U000607,O012583,16,0.0721,0.05,0.7708
U000607,O012583,17,0.048,0.05,0.7708
U000607,O012583,18,0.048,0.05,0.7708
U000607,O012583,19,0.0571,0.05,0.7708
U000607,O012583,20,0.0541,0.05,0.7708
U000607,O011062,1,0.7568,0.7663,0.7663
U000607,O011062,2,0.3934,0.3832,0.7663
U000607,O011062,3,0.2673,0.2554,0.7663
U000607,O011062,4,0.1952,0.1916,0.7663
U000607,O011062,5,0.1471,0.1533,0.7663
U000607,O011062,6,0.1411,0.1277,0.7663
U000607,O011062,7,0.0931,0.1095,0.7663
U000607,O011062,8,0.0991,0.0958,0.7663
U000607,O011062,9,0.0931,0.0851,0.7663
U000607,O011062,10,0.0901,0.0766,0.7663
U000607,O011062,11,0.0751,0.0697,0.7663
U000607,O011062,12,0.0661,0.0639,0.7663
U000607,O011062,13,0.0781,0.0589,0.7663
U000607,O011062,14,0.0631,0.0547,0.7663
U000607,O011062,15,0.033,0.0511,0.7663
U000607,O011062,16,0.036,0.05,0.7663
U000607,O011062,17,0.033,0.05,0.7663
U000607,O011062,18,0.0661,0.05,0.7663
U000607,O011062,19,0.0571,0.05,0.7663
U000607,O011062,20,0.0631,0.05,0.7663
U000607,O041062,1,0.7508,0.7535,0.7535
U000607,O041062,2,0.3874,0.3768,0.7535
U000607,O041062,3,0.2432,0.2512,0.7535
U000607,O041062,4,0.1952,0.1884,0.7535
U000607,O041062,5,0.1652,0.1507,0.7535
U000607,O041062,6,0.1111,0.1256,0.7535
U000607,O041062,7,0.1081,0.1076,0.7535
U000607,O041062,8,0.0781,0.0942,0.7535
U000607,O041062,9,0.0931,0.0837,0.7535
U000607,O041062,10,0.0781,0.0754,0.7535
U000607,O041062,11,0.0571,0.0685,0.7535
U000607,O041062,12,0.0751,0.0628,0.7535
U000607,O041062,13,0.0691,0.058,0.7535
U000607,O041062,14,0.042,0.0538,0.7535
U000607,O041062,15,0.0781,0.0502,0.7535
U000607,O041062,16,0.042,0.05,0.7535
U000607,O041062,17,0.0691,0.05,0.7535
U000607,O041062,18,0.0631,0.05,0.7535
U000607,O041062,19,0.0661,0.05,0.7535
U000607,O041062,20,0.0511,0.05,0.7535
U000607,O012016,1,0.7387,0.7232,0.7232
U000607,O012016,2,0.3814,0.3616,0.7232
U000607,O012016,3,0.2402,0.2411,0.7232
U000607,O012016,4,0.1622,0.1808,0.7232
U000607,O012016,5,0.1652,0.1446,0.7232
U000607,O012016,6,0.1291,0.1205,0.7232
U000607,O012016,7,0.1021,0.1033,0.7232
U000607,O012016,8,0.1051,0.0904,0.7232
U000607,O012016,9,0.1051,0.0804,0.7232
U000607,O012016,10,0.036,0.0723,0.7232
U000607,O012016,11,0.0601,0.0657,0.7232
U000607,O012016,12,0.0541,0.0603,0.7232
U000607,O012016,13,0.0661,0.0556,0.7232
U000607,O012016,14,0.0901,0.0517,0.7232
U000607,O012016,15,0.0571,0.05,0.7232
U000607,O012016,16,0.045,0.05,0.7232
U000607,O012016,17,0.0601,0.05,0.7232
U000607,O012016,18,0.0511,0.05,0.7232
U000607,O012016,19,0.0721,0.05,0.7232
U000607,O012016,20,0.0541,0.05,0.7232
U000607,O002016,1,0.6517,0.6341,0.6341
U000607,O002016,2,0.3453,0.3171,0.6341
U000607,O002016,3,0.2102,0.2114,0.6341
U000607,O002016,4,0.1982,0.1585,0.6341
U000607,O002016,5,0.1201,0.1268,0.6341
U000607,O002016,6,0.1411,0.1057,0.6341
U000607,O002016,7,0.0901,0.0906,0.6341
U000607,O002016,8,0.0691,0.0793,0.6341
U000607,O002016,9,0.0631,0.0705,0.6341
U000607,O002016,10,0.0571,0.0634,0.6341
U000607,O002016,11,0.0811,0.0576,0.6341
U000607,O002016,12,0.0721,0.0528,0.6341
U000607,O002016,13,0.0601,0.05,0.6341
U000607,O002016,14,0.048,0.05,0.6341
U000607,O002016,15,0.0511,0.05,0.6341
U000607,O002016,16,0.048,0.05,0.6341
U000607,O002016,17,0.0571,0.05,0.6341
U000607,O002016,18,0.045,0.05,0.6341
U000607,O002016,19,0.033,0.05,0.6341
U000607,O002016,20,0.0571,0.05,0.6341
U000607,O035779,1,0.6156,0.6271,0.6271
U000607,O035779,2,0.3033,0.3135,0.6271
U000607,O035779,3,0.2072,0.209,0.6271
U000607,O035779,4,0.1291,0.1568,0.6271
U000607,O035779,5,0.1111,0.1254,0.6271
U000607,O035779,6,0.1261,0.1045,0.6271
U000607,O035779,7,0.0901,0.0896,0.6271
U000607,O035779,8,0.0841,0.0784,0.6271
U000607,O035779,9,0.0661,0.0697,0.6271
U000607,O035779,10,0.0601,0.0627,0.6271
U000607,O035779,11,0.0601,0.057,0.6271
U000607,O035779,12,0.042,0.0523,0.6271
U000607,O035779,13,0.048,0.05,0.6271
U000607,O035779,14,0.0601,0.05,0.6271
U000607,O035779,15,0.0721,0.05,0.6271
U000607,O035779,16,0.039,0.05,0.6271
U000607,O035779,17,0.039,0.05,0.6271
U000607,O035779,18,0.0661,0.05,0.6271
U000607,O035779,19,0.0571,0.05,0.6271
U000607,O035779,20,0.0631,0.05,0.6271
U000607,O032016,1,0.6186,0.6265,0.6265
U000607,O032016,2,0.3483,0.3132,0.6265
U000607,O032016,3,0.1982,0.2088,0.6265
U000607,O032016,4,0.1532,0.1566,0.6265
U000607,O032016,5,0.1381,0.1253,0.6265
U000607,O032016,6,0.1021,0.1044,0.6265
U000607,O032016,7,0.1081,0.0895,0.6265
U000607,O032016,8,0.0901,0.0783,0.6265
U000607,O032016,9,0.0811,0.0696,0.6265
U000607,O032016,10,0.0571,0.0626,0.6265
U000607,O032016,11,0.0541,0.057,0.6265
U000607,O032016,12,0.0781,0.0522,0.6265
U000607,O032016,13,0.036,0.05,0.6265
U000607,O032016,14,0.045,0.05,0.6265
U000607,O032016,15,0.0601,0.05,0.6265
U000607,O032016,16,0.039,0.05,0.6265
U000607,O032016,17,0.039,0.05,0.6265
U000607,O032016,18,0.0511,0.05,0.6265
U000607,O032016,19,0.0781,0.05,0.6265
U000607,O032016,20,0.0541,0.05,0.6265
U000607,O022016,1,0.6697,0.6265,0.6265
U000607,O022016,2,0.3153,0.3132,0.6265
U000607,O022016,3,0.2132,0.2088,0.6265
U000607,O022016,4,0.1622,0.1566,0.6265
U000607,O022016,5,0.1532,0.1253,0.6265
U000607,O022016,6,0.1321,0.1044,0.6265
U000607,O022016,7,0.0901,0.0895,0.6265
U000607,O022016,8,0.0841,0.0783,0.6265
U000607,O022016,9,0.0811,0.0696,0.6265
U000607,O022016,10,0.0661,0.0626,0.6265
U000607,O022016,11,0.0721,0.057,0.6265
U000607,O022016,12,0.0631,0.0522,0.6265
U000607,O022016,13,0.0571,0.05,0.6265
U000607,O022016,14,0.048,0.05,0.6265
U000607,O022016,15,0.0601,0.05,0.6265
U000607,O022016,16,0.0571,0.05,0.6265
U000607,O022016,17,0.0571,0.05,0.6265
U000607,O022016,18,0.036,0.05,0.6265
U000607,O022016,19,0.039,0.05,0.6265
U000607,O022016,20,0.042,0.05,0.6265
U000607,O011191,1,0.5856,0.55,0.55
U000607,O011191,2,0.2973,0.275,0.55
U000607,O011191,3,0.1862,0.1833,0.55
U000607,O011191,4,0.1471,0.1375,0.55
U000607,O011191,5,0.1021,0.11,0.55
U000607,O011191,6,0.1081,0.0917,0.55
U000607,O011191,7,0.0781,0.0786,0.55
U000607,O011191,8,0.0901,0.0688,0.55
U000607,O011191,9,0.048,0.0611,0.55
U000607,O011191,10,0.0751,0.055,0.55
U000607,O011191,11,0.048,0.05,0.55
U000607,O011191,12,0.045,0.05,0.55
U000607,O011191,13,0.048,0.05,0.55
U000607,O011191,14,0.048,0.05,0.55
U000607,O011191,15,0.048,0.05,0.55
U000607,O011191,16,0.039,0.05,0.55
U000607,O011191,17,0.039,0.05,0.55
U000607,O011191,18,0.039,0.05,0.55
U000607,O011191,19,0.039,0.05,0.55
U000607,O011191,20,0.0601,0.05,0.55
U000607,O001191,1,0.4775,0.55,0.55
U000607,O001191,2,0.2462,0.275,0.55
U000607,O001191,3,0.1862,0.1833,0.55
U000607,O001191,4,0.1532,0.1375,0.55
U000607,O001191,5,0.1111,0.11,0.55
U000607,O001191,6,0.0901,0.0917,0.55
U000607,O001191,7,0.0631,0.0786,0.55
U000607,O001191,8,0.0601,0.0688,0.55
U000607,O001191,9,0.042,0.0611,0.55
U000607,O001191,10,0.0511,0.055,0.55
U000607,O001191,11,0.0571,0.05,0.55
U000607,O001191,12,0.039,0.05,0.55
U000607,O001191,13,0.039,0.05,0.55
U000607,O001191,14,0.0511,0.05,0.55
U000607,O001191,15,0.048,0.05,0.55
U000607,O001191,16,0.045,0.05,0.55
U000607,O001191,17,0.0661,0.05,0.55
U000607,O001191,18,0.042,0.05,0.55
U000607,O001191,19,0.0571,0.05,0.55
U000607,O001191,20,0.0661,0.05,0.55
U000607,O021191,1,0.5526,0.55,0.55
U000607,O021191,2,0.3093,0.275,0.55
U000607,O021191,3,0.1862,0.1833,0.55
U000607,O021191,4,0.1532,0.1375,0.55
U000607,O021191,5,0.1141,0.11,0.55
U000607,O021191,6,0.1111,0.0917,0.55
U000607,O021191,7,0.0871,0.0786,0.55
U000607,O021191,8,0.0601,0.0688,0.55
U000607,O021191,9,0.0691,0.0611,0.55
U000607,O021191,10,0.0691,0.055,0.55
U000607,O021191,11,0.0601,0.05,0.55
U000607,O021191,12,0.03,0.05,0.55
U000607,O021191,13,0.048,0.05,0.55
U000607,O021191,14,0.042,0.05,0.55
U000607,O021191,15,0.042,0.05,0.55
U000607,O021191,16,0.0631,0.05,0.55
U000607,O021191,17,0.0541,0.05,0.55
U000607,O021191,18,0.048,0.05,0.55
U000607,O021191,19,0.0541,0.05,0.55
U000607,O021191,20,0.0631,0.05,0.55
U000607,O031191,1,0.5796,0.55,0.55
U000607,O031191,2,0.3033,0.275,0.55
U000607,O031191,3,0.1712,0.1833,0.55
U000607,O031191,4,0.1441,0.1375,0.55
U000607,O031191,5,0.1111,0.11,0.55
U000607,O031191,6,0.1051,0.0917,0.55
U000607,O031191,7,0.0841,0.0786,0.55
U000607,O031191,8,0.0631,0.0688,0.55
U000607,O031191,9,0.0751,0.0611,0.55
U000607,O031191,10,0.0601,0.055,0.55
U000607,O031191,11,0.048,0.05,0.55
U000607,O031191,12,0.048,0.05,0.55
U000607,O031191,13,0.045,0.05,0.55
U000607,O031191,14,0.042,0.05,0.55
U000607,O031191,15,0.0511,0.05,0.55
U000607,O031191,16,0.036,0.05,0.55
U000607,O031191,17,0.045,0.05,0.55
U000607,O031191,18,0.033,0.05,0.55
U000607,O031191,19,0.0541,0.05,0.55
U000607,O031191,20,0.0541,0.05,0.55
U000607,O025779,1,0.5375,0.5317,0.5317
U000607,O025779,2,0.2342,0.2659,0.5317
U000607,O025779,3,0.2042,0.1772,0.5317
U000607,O025779,4,0.0991,0.1329,0.5317
U000607,O025779,5,0.1321,0.1063,0.5317
U000607,O025779,6,0.0781,0.0886,0.5317
U000607,O025779,7,0.0781,0.076,0.5317
U000607,O025779,8,0.0811,0.0665,0.5317
U000607,O025779,9,0.0751,0.0591,0.5317
U000607,O025779,10,0.0601,0.0532,0.5317
U000607,O025779,11,0.0571,0.05,0.5317
U000607,O025779,12,0.048,0.05,0.5317
U000607,O025779,13,0.0691,0.05,0.5317
U000607,O025779,14,0.0601,0.05,0.5317
U000607,O025779,15,0.036,0.05,0.5317
U000607,O025779,16,0.0661,0.05,0.5317
U000607,O025779,17,0.0571,0.05,0.5317
U000607,O025779,18,0.0511,0.05,0.5317
U000607,O025779,19,0.048,0.05,0.5317
U000607,O025779,20,0.039,0.05,0.5317
U000607,O015779,1,0.5465,0.529,0.529
U000607,O015779,2,0.3213,0.2645,0.529
U000607,O015779,3,0.1742,0.1763,0.529
U000607,O015779,4,0.0811,0.1323,0.529
U000607,O015779,5,0.1171,0.1058,0.529
U000607,O015779,6,0.1081,0.0882,0.529
U000607,O015779,7,0.0841,0.0756,0.529
U000607,O015779,8,0.0691,0.0661,0.529
U000607,O015779,9,0.048,0.0588,0.529
U000607,O015779,10,0.0571,0.0529,0.529
U000607,O015779,11,0.042,0.05,0.529
U000607,O015779,12,0.0601,0.05,0.529
U000607,O015779,13,0.036,0.05,0.529
U000607,O015779,14,0.042,0.05,0.529
U000607,O015779,15,0.045,0.05,0.529
U000607,O015779,16,0.048,0.05,0.529
U000607,O015779,17,0.0571,0.05,0.529
U000607,O015779,18,0.0601,0.05,0.529
U000607,O015779,19,0.045,0.05,0.529
U000607,O015779,20,0.039,0.05,0.529
U000607,O005779,1,0.5495,0.5188,0.5188
U000607,O005779,2,0.2553,0.2594,0.5188
U000607,O005779,3,0.1892,0.1729,0.5188
U000607,O005779,4,0.1682,0.1297,0.5188
U000607,O005779,5,0.1201,0.1038,0.5188
U000607,O005779,6,0.0841,0.0865,0.5188
U000607,O005779,7,0.0901,0.0741,0.5188
U000607,O005779,8,0.0721,0.0648,0.5188
U000607,O005779,9,0.0571,0.0576,0.5188
U000607,O005779,10,0.042,0.0519,0.5188
U000607,O005779,11,0.0721,0.05,0.5188
U000607,O005779,12,0.048,0.05,0.5188
U000607,O005779,13,0.0571,0.05,0.5188
U000607,O005779,14,0.045,0.05,0.5188
U000607,O005779,15,0.042,0.05,0.5188
U000607,O005779,16,0.03,0.05,0.5188
U000607,O005779,17,0.033,0.05,0.5188
U000607,O005779,18,0.0541,0.05,0.5188
U000607,O005779,19,0.0631,0.05,0.5188
U000607,O005779,20,0.0631,0.05,0.5188
U000343,O022524,1,0.6877,0.66,0.66
U000343,O022524,2,0.3453,0.33,0.66
U000343,O022524,3,0.2432,0.22,0.66
U000343,O022524,4,0.1712,0.165,0.66
U000343,O022524,5,0.1171,0.132,0.66
U000343,O022524,6,0.1231,0.11,0.66
U000343,O022524,7,0.0871,0.0943,0.66
U000343,O022524,8,0.0661,0.0825,0.66
U000343,O022524,9,0.0811,0.0733,0.66
U000343,O022524,10,0.0901,0.066,0.66
U000343,O022524,11,0.0691,0.06,0.66
U000343,O022524,12,0.036,0.055,0.66
U000343,O022524,13,0.0541,0.0508,0.66
U000343,O022524,14,0.036,0.05,0.66
U000343,O022524,15,0.0541,0.05,0.66
U000343,O022524,16,0.042,0.05,0.66
U000343,O022524,17,0.0571,0.05,0.66
U000343,O022524,18,0.024,0.05,0.66
U000343,O022524,19,0.033,0.05,0.66
U000343,O022524,20,0.039,0.05,0.66
U000343,O012524,1,0.6727,0.66,0.66
U000343,O012524,2,0.3303,0.33,0.66
U000343,O012524,3,0.2492,0.22,0.66
U000343,O012524,4,0.1802,0.165,0.66
U000343,O012524,5,0.1471,0.132,0.66
U000343,O012524,6,0.0901,0.11,0.66
U000343,O012524,7,0.0751,0.0943,0.66
U000343,O012524,8,0.1111,0.0825,0.66
U000343,O012524,9,0.0691,0.0733,0.66
U000343,O012524,10,0.0511,0.066,0.66
U000343,O012524,11,0.0721,0.06,0.66
U000343,O012524,12,0.048,0.055,0.66
U000343,O012524,13,0.048,0.0508,0.66
U000343,O012524,14,0.045,0.05,0.66
U000343,O012524,15,0.036,0.05,0.66
U000343,O012524,16,0.036,0.05,0.66
U000343,O012524,17,0.027,0.05,0.66
U000343,O012524,18,0.0631,0.05,0.66
U000343,O012524,19,0.048,0.05,0.66
U000343,O012524,20,0.0541,0.05,0.66
U000343,O041718,1,0.6486,0.62,0.62
U000343,O041718,2,0.3303,0.31,0.62
U000343,O041718,3,0.1922,0.2067,0.62
U000343,O041718,4,0.1712,0.155,0.62
U000343,O041718,5,0.1201,0.124,0.62
U000343,O041718,6,0.1111,0.1033,0.62
U000343,O041718,7,0.0721,0.0886,0.62
U000343,O041718,8,0.0511,0.0775,0.62
U000343,O041718,9,0.0721,0.0689,0.62
U000343,O041718,10,0.0721,0.062,0.62
U000343,O041718,11,0.0631,0.0564,0.62
U000343,O041718,12,0.0661,0.0517,0.62
U000343,O041718,13,0.0541,0.05,0.62
U000343,O041718,14,0.0541,0.05,0.62
U000343,O041718,15,0.0691,0.05,0.62
U000343,O041718,16,0.042,0.05,0.62
U000343,O041718,17,0.042,0.05,0.62
U000343,O041718,18,0.045,0.05,0.62
U000343,O041718,19,0.024,0.05,0.62
U000343,O041718,20,0.0541,0.05,0.62
U000343,O042524,1,0.5375,0.56,0.56
U000343,O042524,2,0.2763,0.28,0.56
U000343,O042524,3,0.1802,0.1867,0.56
U000343,O042524,4,0.1471,0.14,0.56
U000343,O042524,5,0.1051,0.112,0.56
U000343,O042524,6,0.1231,0.0933,0.56
U000343,O042524,7,0.0661,0.08,0.56
U000343,O042524,8,0.0871,0.07,0.56
U000343,O042524,9,0.0571,0.0622,0.56
U000343,O042524,10,0.0511,0.056,0.56
U000343,O042524,11,0.0511,0.0509,0.56
U000343,O042524,12,0.0691,0.05,0.56
U000343,O042524,13,0.0601,0.05,0.56
U000343,O042524,14,0.048,0.05,0.56
U000343,O042524,15,0.0691,0.05,0.56
U000343,O042524,16,0.036,0.05,0.56
U000343,O042524,17,0.0541,0.05,0.56
U000343,O042524,18,0.0511,0.05,0.56
U000343,O042524,19,0.039,0.05,0.56
U000343,O042524,20,0.042,0.05,0.56
U000343,O032524,1,0.5465,0.56,0.56
U000343,O032524,2,0.2913,0.28,0.56
U000343,O032524,3,0.1772,0.1867,0.56
U000343,O032524,4,0.1261,0.14,0.56
U000343,O032524,5,0.1441,0.112,0.56
U000343,O032524,6,0.0901,0.0933,0.56
U000343,O032524,7,0.0571,0.08,0.56
U000343,O032524,8,0.0721,0.07,0.56
U000343,O032524,9,0.0721,0.0622,0.56
U000343,O032524,10,0.033,0.056,0.56
U000343,O032524,11,0.045,0.0509,0.56
U000343,O032524,12,0.042,0.05,0.56
U000343,O032524,13,0.027,0.05,0.56
U000343,O032524,14,0.036,0.05,0.56
U000343,O032524,15,0.039,0.05,0.56
U000343,O032524,16,0.039,0.05,0.56
U000343,O032524,17,0.0541,0.05,0.56
U000343,O032524,18,0.048,0.05,0.56
U000343,O032524,19,0.0661,0.05,0.56
U000343,O032524,20,0.0511,0.05,0.56
U000343,O021718,1,0.5285,0.52,0.52
U000343,O021718,2,0.2913,0.26,0.52
U000343,O021718,3,0.1742,0.1733,0.52
U000343,O021718,4,0.1321,0.13,0.52
U000343,O021718,5,0.1081,0.104,0.52
U000343,O021718,6,0.1081,0.0867,0.52
U000343,O021718,7,0.0691,0.0743,0.52
U000343,O021718,8,0.0751,0.065,0.52
U000343,O021718,9,0.0691,0.0578,0.52
U000343,O021718,10,0.0751,0.052,0.52
U000343,O021718,11,0.0601,0.05,0.52
U000343,O021718,12,0.048,0.05,0.52
U000343,O021718,13,0.045,0.05,0.52
U000343,O021718,14,0.0511,0.05,0.52
U000343,O021718,15,0.0541,0.05,0.52
U000343,O021718,16,0.033,0.05,0.52
U000343,O021718,17,0.03,0.05,0.52
U000343,O021718,18,0.0511,0.05,0.52
U000343,O021718,19,0.036,0.05,0.52
U000343,O021718,20,0.024,0.05,0.52
U000343,O011718,1,0.5135,0.52,0.52
U000343,O011718,2,0.2492,0.26,0.52
U000343,O011718,3,0.1381,0.1733,0.52
U000343,O011718,4,0.1021,0.13,0.52
U000343,O011718,5,0.1141,0.104,0.52
U000343,O011718,6,0.1081,0.0867,0.52
U000343,O011718,7,0.0661,0.0743,0.52
U000343,O011718,8,0.0841,0.065,0.52
U000343,O011718,9,0.0601,0.0578,0.52
U000343,O011718,10,0.0751,0.052,0.52
U000343,O011718,11,0.033,0.05,0.52
U000343,O011718,12,0.033,0.05,0.52
U000343,O011718,13,0.0571,0.05,0.52
U000343,O011718,14,0.036,0.05,0.52
U000343,O011718,15,0.0511,0.05,0.52
U000343,O011718,16,0.036,0.05,0.52
U000343,O011718,17,0.0661,0.05,0.52
U000343,O011718,18,0.0541,0.05,0.52
U000343,O011718,19,0.0631,0.05,0.52
U000343,O011718,20,0.045,0.05,0.52
U000343,O031718,1,0.5195,0.52,0.52
U000343,O031718,2,0.2312,0.26,0.52
U000343,O031718,3,0.1712,0.1733,0.52
U000343,O031718,4,0.1532,0.13,0.52
U000343,O031718,5,0.0901,0.104,0.52
U000343,O031718,6,0.1171,0.0867,0.52
U000343,O031718,7,0.0931,0.0743,0.52
U000343,O031718,8,0.0751,0.065,0.52
U000343,O031718,9,0.039,0.0578,0.52
U000343,O031718,10,0.0571,0.052,0.52
U000343,O031718,11,0.0601,0.05,0.52
U000343,O031718,12,0.039,0.05,0.52
U000343,O031718,13,0.039,0.05,0.52
U000343,O031718,14,0.045,0.05,0.52
U000343,O031718,15,0.0601,0.05,0.52
U000343,O031718,16,0.039,0.05,0.52
U000343,O031718,17,0.0541,0.05,0.52
U000343,O031718,18,0.042,0.05,0.52
U000343,O031718,19,0.042,0.05,0.52
U000343,O031718,20,0.0601,0.05,0.52
U000343,O017818,1,0.4955,0.495,0.495
U000343,O017818,2,0.2342,0.2475,0.495
U000343,O017818,3,0.1862,0.165,0.495
U000343,O017818,4,0.0901,0.1237,0.495
U000343,O017818,5,0.1021,0.099,0.495
U000343,O017818,6,0.1081,0.0825,0.495
U000343,O017818,7,0.0781,0.0707,0.495
U000343,O017818,8,0.045,0.0619,0.495
U000343,O017818,9,0.0601,0.055,0.495
U000343,O017818,10,0.0661,0.05,0.495
U000343,O017818,11,0.0541,0.05,0.495
U000343,O017818,12,0.042,0.05,0.495
U000343,O017818,13,0.045,0.05,0.495
U000343,O017818,14,0.033,0.05,0.495
U000343,O017818,15,0.045,0.05,0.495
U000343,O017818,16,0.0571,0.05,0.495
U000343,O017818,17,0.0571,0.05,0.495
U000343,O017818,18,0.045,0.05,0.495
U000343,O017818,19,0.033,0.05,0.495
U000343,O017818,20,0.0631,0.05,0.495
U000343,O009951,1,0.4865,0.4919,0.4919
U000343,O009951,2,0.2823,0.2459,0.4919
U000343,O009951,3,0.1802,0.164,0.4919
U000343,O009951,4,0.1171,0.123,0.4919
U000343,O009951,5,0.1141,0.0984,0.4919
U000343,O009951,6,0.0871,0.082,0.4919
U000343,O009951,7,0.0721,0.0703,0.4919
U000343,O009951,8,0.0541,0.0615,0.4919
U000343,O009951,9,0.0691,0.0547,0.4919
U000343,O009951,10,0.033,0.05,0.4919
U000343,O009951,11,0.0751,0.05,0.4919
U000343,O009951,12,0.0691,0.05,0.4919
U000343,O009951,13,0.045,0.05,0.4919
U000343,O009951,14,0.0721,0.05,0.4919
U000343,O009951,15,0.033,0.05,0.4919
U000343,O009951,16,0.0661,0.05,0.4919
U000343,O009951,17,0.0541,0.05,0.4919
U000343,O009951,18,0.0661,0.05,0.4919
U000343,O009951,19,0.039,0.05,0.4919
U000343,O009951,20,0.033,0.05,0.4919
U000343,O029951,1,0.4655,0.4919,0.4919
U000343,O029951,2,0.2733,0.2459,0.4919
U000343,O029951,3,0.1562,0.164,0.4919
U000343,O029951,4,0.1381,0.123,0.4919
U000343,O029951,5,0.1261,0.0984,0.4919
U000343,O029951,6,0.0511,0.082,0.4919
U000343,O029951,7,0.0751,0.0703,0.4919
U000343,O029951,8,0.036,0.0615,0.4919
U000343,O029951,9,0.0781,0.0547,0.4919
U000343,O029951,10,0.045,0.05,0.4919
U000343,O029951,11,0.048,0.05,0.4919
U000343,O029951,12,0.045,0.05,0.4919
U000343,O029951,13,0.042,0.05,0.4919
U000343,O029951,14,0.045,0.05,0.4919
U000343,O029951,15,0.048,0.05,0.4919
U000343,O029951,16,0.0631,0.05,0.4919
U000343,O029951,17,0.048,0.05,0.4919
U000343,O029951,18,0.0571,0.05,0.4919
U000343,O029951,19,0.0541,0.05,0.4919
U000343,O029951,20,0.0721,0.05,0.4919
U000343,O049951,1,0.4985,0.4919,0.4919
U000343,O049951,2,0.2763,0.2459,0.4919
U000343,O049951,3,0.1381,0.164,0.4919
U000343,O049951,4,0.0961,0.123,0.4919
U000343,O049951,5,0.0961,0.0984,0.4919
U000343,O049951,6,0.0721,0.082,0.4919
U000343,O049951,7,0.0661,0.0703,0.4919
U000343,O049951,8,0.0571,0.0615,0.4919
U000343,O049951,9,0.0721,0.0547,0.4919
U000343,O049951,10,0.036,0.05,0.4919
U000343,O049951,11,0.0571,0.05,0.4919
U000343,O049951,12,0.045,0.05,0.4919
U000343,O049951,13,0.048,0.05,0.4919
U000343,O049951,14,0.0511,0.05,0.4919
U000343,O049951,15,0.0601,0.05,0.4919
U000343,O049951,16,0.0721,0.05,0.4919
U000343,O049951,17,0.042,0.05,0.4919
U000343,O049951,18,0.042,0.05,0.4919
U000343,O049951,19,0.0601,0.05,0.4919
U000343,O049951,20,0.0601,0.05,0.4919
U000343,O037818,1,0.5165,0.4912,0.4912
U000343,O037818,2,0.2342,0.2456,0.4912
U000343,O037818,3,0.1622,0.1637,0.4912
U000343,O037818,4,0.0901,0.1228,0.4912
U000343,O037818,5,0.0961,0.0982,0.4912
U000343,O037818,6,0.0781,0.0819,0.4912
U000343,O037818,7,0.0721,0.0702,0.4912
U000343,O037818,8,0.0511,0.0614,0.4912
U000343,O037818,9,0.0541,0.0546,0.4912
U000343,O037818,10,0.0811,0.05,0.4912
U000343,O037818,11,0.0691,0.05,0.4912
U000343,O037818,12,0.039,0.05,0.4912
U000343,O037818,13,0.048,0.05,0.4912
U000343,O037818,14,0.042,0.05,0.4912
U000343,O037818,15,0.036,0.05,0.4912
U000343,O037818,16,0.042,0.05,0.4912
U000343,O037818,17,0.036,0.05,0.4912
U000343,O037818,18,0.036,0.05,0.4912
U000343,O037818,19,0.048,0.05,0.4912
U000343,O037818,20,0.0571,0.05,0.4912
U000343,O027818,1,0.4895,0.4897,0.4897
U000343,O027818,2,0.2733,0.2449,0.4897
U000343,O027818,3,0.1892,0.1632,0.4897
U000343,O027818,4,0.1141,0.1224,0.4897
U000343,O027818,5,0.0931,0.0979,0.4897
U000343,O027818,6,0.0721,0.0816,0.4897
U000343,O027818,7,0.0541,0.07,0.4897
U000343,O027818,8,0.0601,0.0612,0.4897
U000343,O027818,9,0.0511,0.0544,0.4897
U000343,O027818,10,0.0571,0.05,0.4897
U000343,O027818,11,0.048,0.05,0.4897
U000343,O027818,12,0.0661,0.05,0.4897
U000343,O027818,13,0.039,0.05,0.4897
U000343,O027818,14,0.033,0.05,0.4897
U000343,O027818,15,0.0571,0.05,0.4897
U000343,O027818,16,0.0601,0.05,0.4897
U000343,O027818,17,0.0541,0.05,0.4897
U000343,O027818,18,0.045,0.05,0.4897
U000343,O027818,19,0.048,0.05,0.4897
U000343,O027818,20,0.0781,0.05,0.4897
U000343,O039951,1,0.4655,0.4801,0.4801
U000343,O039951,2,0.2793,0.2401,0.4801
U000343,O039951,3,0.1862,0.16,0.4801
U000343,O039951,4,0.1321,0.12,0.4801
U000343,O039951,5,0.0751,0.096,0.4801
U000343,O039951,6,0.0811,0.08,0.4801
U000343,O039951,7,0.0691,0.0686,0.4801
U000343,O039951,8,0.0541,0.06,0.4801
U000343,O039951,9,0.045,0.0533,0.4801
U000343,O039951,10,0.0631,0.05,0.4801
U000343,O039951,11,0.0601,0.05,0.4801
U000343,O039951,12,0.045,0.05,0.4801
U000343,O039951,13,0.0541,0.05,0.4801
U000343,O039951,14,0.048,0.05,0.4801
U000343,O039951,15,0.048,0.05,0.4801
U000343,O039951,16,0.045,0.05,0.4801
U000343,O039951,17,0.045,0.05,0.4801
U000343,O039951,18,0.036,0.05,0.4801
U000343,O039951,19,0.048,0.05,0.4801
U000343,O039951,20,0.039,0.05,0.4801
U000343,O047818,1,0.5135,0.48,0.48
U000343,O047818,2,0.2372,0.24,0.48
U000343,O047818,3,0.1471,0.16,0.48
U000343,O047818,4,0.1381,0.12,0.48
U000343,O047818,5,0.0841,0.096,0.48
U000343,O047818,6,0.0661,0.08,0.48
U000343,O047818,7,0.0811,0.0686,0.48
U000343,O047818,8,0.039,0.06,0.48
U000343,O047818,9,0.048,0.0533,0.48
U000343,O047818,10,0.036,0.05,0.48
U000343,O047818,11,0.0571,0.05,0.48
U000343,O047818,12,0.033,0.05,0.48
U000343,O047818,13,0.033,0.05,0.48
U000343,O047818,14,0.042,0.05,0.48
U000343,O047818,15,0.0571,0.05,0.48
U000343,O047818,16,0.0541,0.05,0.48
U000343,O047818,17,0.0781,0.05,0.48
U000343,O047818,18,0.042,0.05,0.48
U000343,O047818,19,0.039,0.05,0.48
U000343,O047818,20,0.045,0.05,0.48
U000343,O014658,1,0.4715,0.44,0.44
U000343,O014658,2,0.2673,0.22,0.44
U000343,O014658,3,0.1652,0.1467,0.44
U000343,O014658,4,0.0901,0.11,0.44
U000343,O014658,5,0.0931,0.088,0.44
U000343,O014658,6,0.0751,0.0733,0.44
U000343,O014658,7,0.033,0.0629,0.44
U000343,O014658,8,0.0541,0.055,0.44
U000343,O014658,9,0.0541,0.05,0.44
U000343,O014658,10,0.0601,0.05,0.44
U000343,O014658,11,0.0571,0.05,0.44
U000343,O014658,12,0.042,0.05,0.44
U000343,O014658,13,0.0511,0.05,0.44
U000343,O014658,14,0.0601,0.05,0.44
U000343,O014658,15,0.033,0.05,0.44
U000343,O014658,16,0.0541,0.05,0.44
U000343,O014658,17,0.0511,0.05,0.44
U000343,O014658,18,0.0541,0.05,0.44
U000343,O014658,19,0.039,0.05,0.44
U000343,O014658,20,0.03,0.05,0.44
U000343,O044658,1,0.4054,0.44,0.44
U000343,O044658,2,0.2102,0.22,0.44
U000343,O044658,3,0.1532,0.1467,0.44
U000343,O044658,4,0.0751,0.11,0.44
U000343,O044658,5,0.1051,0.088,0.44
U000343,O044658,6,0.0661,0.0733,0.44
U000343,O044658,7,0.0511,0.0629,0.44
U000343,O044658,8,0.039,0.055,0.44
U000343,O044658,9,0.033,0.05,0.44
U000343,O044658,10,0.0781,0.05,0.44
U000343,O044658,11,0.0511,0.05,0.44
U000343,O044658,12,0.027,0.05,0.44
U000343,O044658,13,0.0541,0.05,0.44
U000343,O044658,14,0.0601,0.05,0.44
U000343,O044658,15,0.0511,0.05,0.44
U000343,O044658,16,0.0691,0.05,0.44
U000343,O044658,17,0.033,0.05,0.44
U000343,O044658,18,0.018,0.05,0.44
U000343,O044658,19,0.0541,0.05,0.44
U000343,O044658,20,0.048,0.05,0.44
U000343,O004658,1,0.4595,0.44,0.44
U000343,O004658,2,0.1832,0.22,0.44
U000343,O004658,3,0.1532,0.1467,0.44
U000343,O004658,4,0.1171,0.11,0.44
U000343,O004658,5,0.0931,0.088,0.44
U000343,O004658,6,0.0541,0.0733,0.44
U000343,O004658,7,0.0631,0.0629,0.44
U000343,O004658,8,0.0631,0.055,0.44
U000343,O004658,9,0.0601,0.05,0.44
U000343,O004658,10,0.045,0.05,0.44
U000343,O004658,11,0.033,0.05,0.44
U000343,O004658,12,0.039,0.05,0.44
U000343,O004658,13,0.0541,0.05,0.44
U000343,O004658,14,0.0511,0.05,0.44
U000343,O004658,15,0.033,0.05,0.44
U000343,O004658,16,0.045,0.05,0.44
U000343,O004658,17,0.0601,0.05,0.44
U000343,O004658,18,0.045,0.05,0.44
U000343,O004658,19,0.0631,0.05,0.44
U000343,O004658,20,0.0721,0.05,0.44
U000343,O034658,1,0.4444,0.44,0.44
U000343,O034658,2,0.2312,0.22,0.44
U000343,O034658,3,0.1351,0.1467,0.44
U000343,O034658,4,0.0781,0.11,0.44
U000343,O034658,5,0.0961,0.088,0.44
U000343,O034658,6,0.0751,0.0733,0.44
U000343,O034658,7,0.0541,0.0629,0.44
U000343,O034658,8,0.0601,0.055,0.44
U000343,O034658,9,0.039,0.05,0.44
U000343,O034658,10,0.042,0.05,0.44
U000343,O034658,11,0.0511,0.05,0.44
U000343,O034658,12,0.036,0.05,0.44
U000343,O034658,13,0.03,0.05,0.44
U000343,O034658,14,0.0571,0.05,0.44
U000343,O034658,15,0.0511,0.05,0.44
U000343,O034658,16,0.0631,0.05,0.44
U000343,O034658,17,0.039,0.05,0.44
U000343,O034658,18,0.0511,0.05,0.44
U000343,O034658,19,0.0721,0.05,0.44
U000343,O034658,20,0.0601,0.05,0.44
U000928,O001718,1,0.8529,0.8337,0.8337
U000928,O001718,2,0.4174,0.4169,0.8337
U000928,O001718,3,0.2462,0.2779,0.8337
U000928,O001718,4,0.2252,0.2084,0.8337
U000928,O001718,5,0.1712,0.1667,0.8337
U000928,O001718,6,0.1502,0.139,0.8337
U000928,O001718,7,0.1562,0.1191,0.8337
U000928,O001718,8,0.0961,0.1042,0.8337
U000928,O001718,9,0.0871,0.0926,0.8337
U000928,O001718,10,0.0751,0.0834,0.8337
U000928,O001718,11,0.0631,0.0758,0.8337
U000928,O001718,12,0.0691,0.0695,0.8337
U000928,O001718,13,0.0601,0.0641,0.8337
U000928,O001718,14,0.0601,0.0596,0.8337
U000928,O001718,15,0.0691,0.0556,0.8337
U000928,O001718,16,0.0751,0.0521,0.8337
U000928,O001718,17,0.0541,0.05,0.8337
U000928,O001718,18,0.0721,0.05,0.8337
U000928,O001718,19,0.0601,0.05,0.8337
U000928,O001718,20,0.0631,0.05,0.8337
U000928,O011718,1,0.8198,0.8283,0.8283
U000928,O011718,2,0.4444,0.4142,0.8283
U000928,O011718,3,0.2973,0.2761,0.8283
U000928,O011718,4,0.2042,0.2071,0.8283
U000928,O011718,5,0.1201,0.1657,0.8283
U000928,O011718,6,0.1231,0.1381,0.8283
U000928,O011718,7,0.1502,0.1183,0.8283
U000928,O011718,8,0.1081,0.1035,0.8283
U000928,O011718,9,0.1111,0.092,0.8283
U000928,O011718,10,0.0901,0.0828,0.8283
U000928,O011718,11,0.0871,0.0753,0.8283
U000928,O011718,12,0.0841,0.069,0.8283
U000928,O011718,13,0.045,0.0637,0.8283
U000928,O011718,14,0.0751,0.0592,0.8283
U000928,O011718,15,0.0661,0.0552,0.8283
U000928,O011718,16,0.0661,0.0518,0.8283
U000928,O011718,17,0.0751,0.05,0.8283
U000928,O011718,18,0.045,0.05,0.8283
U000928,O011718,19,0.0541,0.05,0.8283
U000928,O011718,20,0.0571,0.05,0.8283
U000928,O021718,1,0.7808,0.8226,0.8226
U000928,O021718,2,0.4264,0.4113,0.8226
U000928,O021718,3,0.2432,0.2742,0.8226
U000928,O021718,4,0.2192,0.2056,0.8226
U000928,O021718,5,0.1562,0.1645,0.8226
U000928,O021718,6,0.1351,0.1371,0.8226
U000928,O021718,7,0.1141,0.1175,0.8226
U000928,O021718,8,0.1141,0.1028,0.8226
U000928,O021718,9,0.0871,0.0914,0.8226
U000928,O021718,10,0.0661,0.0823,0.8226
U000928,O021718,11,0.0631,0.0748,0.8226
U000928,O021718,12,0.0631,0.0685,0.8226
U000928,O021718,13,0.048,0.0633,0.8226
U000928,O021718,14,0.0571,0.0588,0.8226
U000928,O021718,15,0.0541,0.0548,0.8226
U000928,O021718,16,0.045,0.0514,0.8226
U000928,O021718,17,0.042,0.05,0.8226
U000928,O021718,18,0.0721,0.05,0.8226
U000928,O021718,19,0.021,0.05,0.8226
U000928,O021718,20,0.045,0.05,0.8226
U000928,O031718,1,0.8468,0.8003,0.8003
U000928,O031718,2,0.3994,0.4001,0.8003
U000928,O031718,3,0.2853,0.2668,0.8003
U000928,O031718,4,0.2102,0.2001,0.8003
U000928,O031718,5,0.1802,0.1601,0.8003
U000928,O031718,6,0.1471,0.1334,0.8003
U000928,O031718,7,0.0931,0.1143,0.8003
U000928,O031718,8,0.0601,0.1,0.8003
U000928,O031718,9,0.0961,0.0889,0.8003
U000928,O031718,10,0.0781,0.08,0.8003
U000928,O031718,11,0.0781,0.0728,0.8003
U000928,O031718,12,0.0511,0.0667,0.8003
U000928,O031718,13,0.0661,0.0616,0.8003
U000928,O031718,14,0.0571,0.0572,0.8003
U000928,O031718,15,0.0661,0.0534,0.8003
U000928,O031718,16,0.048,0.05,0.8003
U000928,O031718,17,0.039,0.05,0.8003
U000928,O031718,18,0.0571,0.05,0.8003
U000928,O031718,19,0.0571,0.05,0.8003
U000928,O031718,20,0.0541,0.05,0.8003
U000928,O034658,1,0.7538,0.7131,0.7131
U000928,O034658,2,0.3784,0.3565,0.7131
U000928,O034658,3,0.2402,0.2377,0.7131
U000928,O034658,4,0.1832,0.1783,0.7131
U000928,O034658,5,0.1772,0.1426,0.7131
U000928,O034658,6,0.0931,0.1188,0.7131
U000928,O034658,7,0.1081,0.1019,0.7131
U000928,O034658,8,0.0811,0.0891,0.7131
U000928,O034658,9,0.0811,0.0792,0.7131
U000928,O034658,10,0.0751,0.0713,0.7131
U000928,O034658,11,0.048,0.0648,0.7131
U000928,O034658,12,0.0721,0.0594,0.7131
U000928,O034658,13,0.03,0.0549,0.7131
U000928,O034658,14,0.0601,0.0509,0.7131
U000928,O034658,15,0.0601,0.05,0.7131
U000928,O034658,16,0.0541,0.05,0.7131
U000928,O034658,17,0.048,0.05,0.7131
U000928,O034658,18,0.0601,0.05,0.7131
U000928,O034658,19,0.048,0.05,0.7131
U000928,O034658,20,0.0631,0.05,0.7131
U000928,O004658,1,0.7027,0.7051,0.7051
U000928,O004658,2,0.3514,0.3526,0.7051
U000928,O004658,3,0.2072,0.235,0.7051
U000928,O004658,4,0.2132,0.1763,0.7051
U000928,O004658,5,0.1291,0.141,0.7051
U000928,O004658,6,0.0961,0.1175,0.7051
U000928,O004658,7,0.1141,0.1007,0.7051
U000928,O004658,8,0.0871,0.0881,0.7051
U000928,O004658,9,0.1021,0.0783,0.7051
U000928,O004658,10,0.0901,0.0705,0.7051
U000928,O004658,11,0.0631,0.0641,0.7051
U000928,O004658,12,0.033,0.0588,0.7051
U000928,O004658,13,0.039,0.0542,0.7051
U000928,O004658,14,0.0721,0.0504,0.7051
U000928,O004658,15,0.0511,0.05,0.7051
U000928,O004658,16,0.0541,0.05,0.7051
U000928,O004658,17,0.0511,0.05,0.7051
U000928,O004658,18,0.027,0.05,0.7051
U000928,O004658,19,0.036,0.05,0.7051
U000928,O004658,20,0.0661,0.05,0.7051
U000928,O014658,1,0.7628,0.7036,0.7036
U000928,O014658,2,0.3063,0.3518,0.7036
U000928,O014658,3,0.2042,0.2345,0.7036
U000928,O014658,4,0.1862,0.1759,0.7036
U000928,O014658,5,0.1351,0.1407,0.7036
U000928,O014658,6,0.1291,0.1173,0.7036
U000928,O014658,7,0.1141,0.1005,0.7036
U000928,O014658,8,0.0901,0.0879,0.7036
U000928,O014658,9,0.0661,0.0782,0.7036
U000928,O014658,10,0.0601,0.0704,0.7036
U000928,O014658,11,0.045,0.064,0.7036
U000928,O014658,12,0.0901,0.0586,0.7036
U000928,O014658,13,0.0541,0.0541,0.7036
U000928,O014658,14,0.0631,0.0503,0.7036
U000928,O014658,15,0.042,0.05,0.7036
U000928,O014658,16,0.033,0.05,0.7036
U000928,O014658,17,0.0661,0.05,0.7036
U000928,O014658,18,0.03,0.05,0.7036
U000928,O014658,19,0.0601,0.05,0.7036
U000928,O014658,20,0.042,0.05,0.7036
U000928,O024658,1,0.7297,0.6945,0.6945
U000928,O024658,2,0.3273,0.3473,0.6945
U000928,O024658,3,0.1982,0.2315,0.6945
U000928,O024658,4,0.2102,0.1736,0.6945
U000928,O024658,5,0.1441,0.1389,0.6945
U000928,O024658,6,0.1291,0.1158,0.6945
U000928,O024658,7,0.0991,0.0992,0.6945
U000928,O024658,8,0.1141,0.0868,0.6945
U000928,O024658,9,0.0841,0.0772,0.6945
U000928,O024658,10,0.048,0.0695,0.6945
U000928,O024658,11,0.0691,0.0631,0.6945
U000928,O024658,12,0.048,0.0579,0.6945
U000928,O024658,13,0.0511,0.0534,0.6945
U000928,O024658,14,0.042,0.05,0.6945
U000928,O024658,15,0.027,0.05,0.6945
U000928,O024658,16,0.042,0.05,0.6945
U000928,O024658,17,0.042,0.05,0.6945
U000928,O024658,18,0.0571,0.05,0.6945
U000928,O024658,19,0.0511,0.05,0.6945
U000928,O024658,20,0.048,0.05,0.6945
U000928,O047818,1,0.6877,0.6706,0.6706
U000928,O047818,2,0.3814,0.3353,0.6706
U000928,O047818,3,0.2432,0.2235,0.6706
U000928,O047818,4,0.1742,0.1677,0.6706
U000928,O047818,5,0.1652,0.1341,0.6706
U000928,O047818,6,0.0961,0.1118,0.6706
U000928,O047818,7,0.0901,0.0958,0.6706
U000928,O047818,8,0.1351,0.0838,0.6706
U000928,O047818,9,0.0751,0.0745,0.6706
U000928,O047818,10,0.0751,0.0671,0.6706
U000928,O047818,11,0.0511,0.061,0.6706
U000928,O047818,12,0.0571,0.0559,0.6706
U000928,O047818,13,0.0601,0.0516,0.6706
U000928,O047818,14,0.0511,0.05,0.6706
U000928,O047818,15,0.036,0.05,0.6706
U000928,O047818,16,0.045,0.05,0.6706
U000928,O047818,17,0.033,0.05,0.6706
U000928,O047818,18,0.045,0.05,0.6706
U000928,O047818,19,0.0601,0.05,0.6706
U000928,O047818,20,0.0571,0.05,0.6706
U000928,O027818,1,0.6096,0.654,0.654
U000928,O027818,2,0.3183,0.327,0.654
U000928,O027818,3,0.2252,0.218,0.654
U000928,O027818,4,0.2162,0.1635,0.654
U000928,O027818,5,0.1051,0.1308,0.654
U000928,O027818,6,0.0961,0.109,0.654
U000928,O027818,7,0.1021,0.0934,0.654
U000928,O027818,8,0.0541,0.0817,0.654
U000928,O027818,9,0.0631,0.0727,0.654
U000928,O027818,10,0.0781,0.0654,0.654
U000928,O027818,11,0.0661,0.0595,0.654
U000928,O027818,12,0.0511,0.0545,0.654
U000928,O027818,13,0.042,0.0503,0.654
U000928,O027818,14,0.045,0.05,0.654
U000928,O027818,15,0.039,0.05,0.654
U000928,O027818,16,0.0691,0.05,0.654
U000928,O027818,17,0.0661,0.05,0.654
U000928,O027818,18,0.036,0.05,0.654
U000928,O027818,19,0.033,0.05,0.654
U000928,O027818,20,0.0511,0.05,0.654
U000928,O037818,1,0.6547,0.6535,0.6535
U000928,O037818,2,0.3003,0.3268,0.6535
U000928,O037818,3,0.1712,0.2178,0.6535
U000928,O037818,4,0.1321,0.1634,0.6535
U000928,O037818,5,0.1351,0.1307,0.6535
U000928,O037818,6,0.1261,0.1089,0.6535
U000928,O037818,7,0.0751,0.0934,0.6535
U000928,O037818,8,0.0571,0.0817,0.6535
U000928,O037818,9,0.0691,0.0726,0.6535
U000928,O037818,10,0.0841,0.0654,0.6535
U000928,O037818,11,0.0661,0.0594,0.6535
U000928,O037818,12,0.039,0.0545,0.6535
U000928,O037818,13,0.0541,0.0503,0.6535
U000928,O037818,14,0.048,0.05,0.6535
U000928,O037818,15,0.048,0.05,0.6535
U000928,O037818,16,0.0511,0.05,0.6535
U000928,O037818,17,0.045,0.05,0.6535
U000928,O037818,18,0.045,0.05,0.6535
U000928,O037818,19,0.0571,0.05,0.6535
U000928,O037818,20,0.0511,0.05,0.6535
U000928,O017818,1,0.6517,0.6524,0.6524
U000928,O017818,2,0.2853,0.3262,0.6524
U000928,O017818,3,0.1922,0.2175,0.6524
U000928,O017818,4,0.1351,0.1631,0.6524
U000928,O017818,5,0.1471,0.1305,0.6524
U000928,O017818,6,0.1081,0.1087,0.6524
U000928,O017818,7,0.0991,0.0932,0.6524
U000928,O017818,8,0.0661,0.0815,0.6524
U000928,O017818,9,0.0511,0.0725,0.6524
U000928,O017818,10,0.0661,0.0652,0.6524
U000928,O017818,11,0.042,0.0593,0.6524
U000928,O017818,12,0.0751,0.0544,0.6524
U000928,O017818,13,0.033,0.0502,0.6524
U000928,O017818,14,0.048,0.05,0.6524
U000928,O017818,15,0.0691,0.05,0.6524
U000928,O017818,16,0.033,0.05,0.6524
U000928,O017818,17,0.039,0.05,0.6524
U000928,O017818,18,0.045,0.05,0.6524
U000928,O017818,19,0.0601,0.05,0.6524
U000928,O017818,20,0.0601,0.05,0.6524
U000928,O019951,1,0.6456,0.6341,0.6341
U000928,O019951,2,0.3393,0.317,0.6341
U000928,O019951,3,0.2462,0.2114,0.6341
U000928,O019951,4,0.1441,0.1585,0.6341
U000928,O019951,5,0.1351,0.1268,0.6341
U000928,O019951,6,0.0751,0.1057,0.6341
U000928,O019951,7,0.0871,0.0906,0.6341
U000928,O019951,8,0.0751,0.0793,0.6341
U000928,O019951,9,0.0511,0.0705,0.6341
U000928,O019951,10,0.042,0.0634,0.6341
U000928,O019951,11,0.0601,0.0576,0.6341
U000928,O019951,12,0.0511,0.0528,0.6341
U000928,O019951,13,0.0571,0.05,0.6341
U000928,O019951,14,0.0541,0.05,0.6341
U000928,O019951,15,0.045,0.05,0.6341
U000928,O019951,16,0.045,0.05,0.6341
U000928,O019951,17,0.048,0.05,0.6341
U000928,O019951,18,0.0631,0.05,0.6341
U000928,O019951,19,0.045,0.05,0.6341
U000928,O019951,20,0.027,0.05,0.6341
U000928,O039951,1,0.6426,0.632,0.632
U000928,O039951,2,0.3063,0.316,0.632
U000928,O039951,3,0.2162,0.2107,0.632
U000928,O039951,4,0.1351,0.158,0.632
U000928,O039951,5,0.1261,0.1264,0.632
U000928,O039951,6,0.0871,0.1053,0.632
U000928,O039951,7,0.0961,0.0903,0.632
U000928,O039951,8,0.0841,0.079,0.632
U000928,O039951,9,0.0961,0.0702,0.632
U000928,O039951,10,0.0961,0.0632,0.632
U000928,O039951,11,0.048,0.0575,0.632
U000928,O039951,12,0.0541,0.0527,0.632
U000928,O039951,13,0.045,0.05,0.632
U000928,O039951,14,0.036,0.05,0.632
U000928,O039951,15,0.042,0.05,0.632
U000928,O039951,16,0.03,0.05,0.632
U000928,O039951,17,0.033,0.05,0.632
U000928,O039951,18,0.0541,0.05,0.632
U000928,O039951,19,0.0571,0.05,0.632
U000928,O039951,20,0.0511,0.05,0.632
U000928,O009951,1,0.6156,0.6283,0.6283
U000928,O009951,2,0.2763,0.3142,0.6283
U000928,O009951,3,0.2192,0.2094,0.6283
U000928,O009951,4,0.1802,0.1571,0.6283
U000928,O009951,5,0.0961,0.1257,0.6283
U000928,O009951,6,0.1201,0.1047,0.6283
U000928,O009951,7,0.1081,0.0898,0.6283
U000928,O009951,8,0.0751,0.0785,0.6283
U000928,O009951,9,0.0781,0.0698,0.6283
U000928,O009951,10,0.0571,0.0628,0.6283
U000928,O009951,11,0.0781,0.0571,0.6283
U000928,O009951,12,0.039,0.0524,0.6283
U000928,O009951,13,0.033,0.05,0.6283
U000928,O009951,14,0.048,0.05,0.6283
U000928,O009951,15,0.0661,0.05,0.6283
U000928,O009951,16,0.048,0.05,0.6283
U000928,O009951,17,0.0601,0.05,0.6283
U000928,O009951,18,0.042,0.05,0.6283
U000928,O009951,19,0.045,0.05,0.6283
U000928,O009951,20,0.042,0.05,0.6283
U000928,O029951,1,0.6577,0.6283,0.6283
U000928,O029951,2,0.3544,0.3142,0.6283
U000928,O029951,3,0.2613,0.2094,0.6283
U000928,O029951,4,0.1502,0.1571,0.6283
U000928,O029951,5,0.1381,0.1257,0.6283
U000928,O029951,6,0.1111,0.1047,0.6283
U000928,O029951,7,0.0751,0.0898,0.6283
U000928,O029951,8,0.0781,0.0785,0.6283
U000928,O029951,9,0.0781,0.0698,0.6283
U000928,O029951,10,0.039,0.0628,0.6283
U000928,O029951,11,0.0571,0.0571,0.6283
U000928,O029951,12,0.033,0.0524,0.6283
U000928,O029951,13,0.0691,0.05,0.6283
U000928,O029951,14,0.0601,0.05,0.6283
U000928,O029951,15,0.036,0.05,0.6283
U000928,O029951,16,0.048,0.05,0.6283
U000928,O029951,17,0.0901,0.05,0.6283
U000928,O029951,18,0.042,0.05,0.6283
U000928,O029951,19,0.0601,0.05,0.6283
U000928,O029951,20,0.0631,0.05,0.6283
U000928,O042524,1,0.5375,0.6,0.6
U000928,O042524,2,0.2583,0.3,0.6
U000928,O042524,3,0.2042,0.2,0.6
U000928,O042524,4,0.1772,0.15,0.6
U000928,O042524,5,0.1291,0.12,0.6
U000928,O042524,6,0.1261,0.1,0.6
U000928,O042524,7,0.0571,0.0857,0.6
U000928,O042524,8,0.0661,0.075,0.6
U000928,O042524,9,0.027,0.0667,0.6
U000928,O042524,10,0.0511,0.06,0.6
U000928,O042524,11,0.048,0.0545,0.6
U000928,O042524,12,0.0511,0.05,0.6
U000928,O042524,13,0.048,0.05,0.6
U000928,O042524,14,0.048,0.05,0.6
U000928,O042524,15,0.036,0.05,0.6
U000928,O042524,16,0.0541,0.05,0.6
U000928,O042524,17,0.027,0.05,0.6
U000928,O042524,18,0.0721,0.05,0.6
U000928,O042524,19,0.0631,0.05,0.6
U000928,O042524,20,0.0571,0.05,0.6
U000928,O012524,1,0.5796,0.6,0.6
U000928,O012524,2,0.2673,0.3,0.6
U000928,O012524,3,0.2192,0.2,0.6
U000928,O012524,4,0.1712,0.15,0.6
U000928,O012524,5,0.1171,0.12,0.6
U000928,O012524,6,0.0961,0.1,0.6
U000928,O012524,7,0.0871,0.0857,0.6
U000928,O012524,8,0.0811,0.075,0.6
U000928,O012524,9,0.0571,0.0667,0.6
U000928,O012524,10,0.0721,0.06,0.6
U000928,O012524,11,0.045,0.0545,0.6
U000928,O012524,12,0.0691,0.05,0.6
U000928,O012524,13,0.0661,0.05,0.6
U000928,O012524,14,0.0721,0.05,0.6
U000928,O012524,15,0.033,0.05,0.6
U000928,O012524,16,0.039,0.05,0.6
U000928,O012524,17,0.036,0.05,0.6
U000928,O012524,18,0.0601,0.05,0.6
U000928,O012524,19,0.0661,0.05,0.6
U000928,O012524,20,0.0511,0.05,0.6
U000928,O022524,1,0.5916,0.6,0.6
U000928,O022524,2,0.2703,0.3,0.6
U000928,O022524,3,0.2222,0.2,0.6
U000928,O022524,4,0.1682,0.15,0.6
U000928,O022524,5,0.1021,0.12,0.6
U000928,O022524,6,0.1291,0.1,0.6
U000928,O022524,7,0.0661,0.0857,0.6
U000928,O022524,8,0.0601,0.075,0.6
U000928,O022524,9,0.0751,0.0667,0.6
U000928,O022524,10,0.0691,0.06,0.6
U000928,O022524,11,0.0751,0.0545,0.6
U000928,O022524,12,0.039,0.05,0.6
U000928,O022524,13,0.024,0.05,0.6
U000928,O022524,14,0.045,0.05,0.6
U000928,O022524,15,0.03,0.05,0.6
U000928,O022524,16,0.039,0.05,0.6
U000928,O022524,17,0.0541,0.05,0.6
U000928,O022524,18,0.0631,0.05,0.6
U000928,O022524,19,0.042,0.05,0.6
U000928,O022524,20,0.0511,0.05,0.6
U000928,O032524,1,0.6306,0.6,0.6
U000928,O032524,2,0.2763,0.3,0.6
U000928,O032524,3,0.1922,0.2,0.6
U000928,O032524,4,0.1441,0.15,0.6
U000928,O032524,5,0.0961,0.12,0.6
U000928,O032524,6,0.0841,0.1,0.6
U000928,O032524,7,0.0661,0.0857,0.6
U000928,O032524,8,0.0751,0.075,0.6
U000928,O032524,9,0.03,0.0667,0.6
U000928,O032524,10,0.042,0.06,0.6
U000928,O032524,11,0.039,0.0545,0.6
U000928,O032524,12,0.036,0.05,0.6
U000928,O032524,13,0.0571,0.05,0.6
U000928,O032524,14,0.0511,0.05,0.6
U000928,O032524,15,0.045,0.05,0.6
U000928,O032524,16,0.0511,0.05,0.6
U000928,O032524,17,0.048,0.05,0.6
U000928,O032524,18,0.0511,0.05,0.6
U000928,O032524,19,0.048,0.05,0.6
U000928,O032524,20,0.039,0.05,0.6
U000603,O022524,1,0.973,0.95,0.9914
U000603,O022524,2,0.4895,0.4957,0.9914
U000603,O022524,3,0.3453,0.3305,0.9914
U000603,O022524,4,0.2342,0.2479,0.9914
U000603,O022524,5,0.1982,0.1983,0.9914
U000603,O022524,6,0.1532,0.1652,0.9914
U000603,O022524,7,0.1592,0.1416,0.9914
U000603,O022524,8,0.1381,0.1239,0.9914
U000603,O022524,9,0.1081,0.1102,0.9914
U000603,O022524,10,0.1051,0.0991,0.9914
U000603,O022524,11,0.1201,0.0901,0.9914
U000603,O022524,12,0.0961,0.0826,0.9914
U000603,O022524,13,0.0691,0.0763,0.9914
U000603,O022524,14,0.0571,0.0708,0.9914
U000603,O022524,15,0.0691,0.0661,0.9914
U000603,O022524,16,0.0751,0.062,0.9914
U000603,O022524,17,0.045,0.0583,0.9914
U000603,O022524,18,0.0571,0.0551,0.9914
U000603,O022524,19,0.045,0.0522,0.9914
U000603,O022524,20,0.0631,0.05,0.9914
U000603,O012524,1,0.9459,0.95,0.9875
U000603,O012524,2,0.4865,0.4938,0.9875
U000603,O012524,3,0.3363,0.3292,0.9875
U000603,O012524,4,0.2553,0.2469,0.9875
U000603,O012524,5,0.1502,0.1975,0.9875
U000603,O012524,6,0.1502,0.1646,0.9875
U000603,O012524,7,0.1441,0.1411,0.9875
U000603,O012524,8,0.0991,0.1234,0.9875
U000603,O012524,9,0.1141,0.1097,0.9875
U000603,O012524,10,0.0961,0.0988,0.9875
U000603,O012524,11,0.0991,0.0898,0.9875
U000603,O012524,12,0.0871,0.0823,0.9875
U000603,O012524,13,0.0811,0.076,0.9875
U000603,O012524,14,0.0511,0.0705,0.9875
U000603,O012524,15,0.0511,0.0658,0.9875
U000603,O012524,16,0.0721,0.0617,0.9875
U000603,O012524,17,0.0661,0.0581,0.9875
U000603,O012524,18,0.042,0.0549,0.9875
U000603,O012524,19,0.039,0.052,0.9875
U000603,O012524,20,0.045,0.05,0.9875
U000603,O032524,1,0.8679,0.8672,0.8672
U000603,O032524,2,0.4054,0.4336,0.8672
U000603,O032524,3,0.2793,0.2891,0.8672
U000603,O032524,4,0.2072,0.2168,0.8672
U000603,O032524,5,0.2072,0.1734,0.8672
U000603,O032524,6,0.1231,0.1445,0.8672
U000603,O032524,7,0.1471,0.1239,0.8672
U000603,O032524,8,0.0871,0.1084,0.8672
U000603,O032524,9,0.0931,0.0964,0.8672
U000603,O032524,10,0.1351,0.0867,0.8672
U000603,O032524,11,0.0931,0.0788,0.8672
U000603,O032524,12,0.0511,0.0723,0.8672
U000603,O032524,13,0.0961,0.0667,0.8672
U000603,O032524,14,0.0541,0.0619,0.8672
U000603,O032524,15,0.0661,0.0578,0.8672
U000603,O032524,16,0.0781,0.0542,0.8672
U000603,O032524,17,0.0571,0.051,0.8672
U000603,O032524,18,0.0751,0.05,0.8672
U000603,O032524,19,0.0631,0.05,0.8672
U000603,O032524,20,0.0571,0.05,0.8672
U000603,O042524,1,0.8679,0.8661,0.8661
U000603,O042524,2,0.4354,0.4331,0.8661
U000603,O042524,3,0.2733,0.2887,0.8661
U000603,O042524,4,0.1832,0.2165,0.8661
U000603,O042524,5,0.1291,0.1732,0.8661
U000603,O042524,6,0.1502,0.1444,0.8661
U000603,O042524,7,0.1261,0.1237,0.8661
U000603,O042524,8,0.1351,0.1083,0.8661
U000603,O042524,9,0.1021,0.0962,0.8661
U000603,O042524,10,0.1141,0.0866,0.8661
U000603,O042524,11,0.045,0.0787,0.8661
U000603,O042524,12,0.1051,0.0722,0.8661
U000603,O042524,13,0.0811,0.0666,0.8661
U000603,O042524,14,0.048,0.0619,0.8661
U000603,O042524,15,0.0571,0.0577,0.8661
U000603,O042524,16,0.048,0.0541,0.8661
U000603,O042524,17,0.042,0.0509,0.8661
U000603,O042524,18,0.036,0.05,0.8661
U000603,O042524,19,0.0661,0.05,0.8661
U000603,O042524,20,0.024,0.05,0.8661
U000603,O041718,1,0.8288,0.8221,0.8221
U000603,O041718,2,0.4324,0.4111,0.8221
U000603,O041718,3,0.3213,0.274,0.8221
U000603,O041718,4,0.2132,0.2055,0.8221
U000603,O041718,5,0.1502,0.1644,0.8221
U000603,O041718,6,0.1652,0.137,0.8221
U000603,O041718,7,0.0901,0.1174,0.8221
U000603,O041718,8,0.0781,0.1028,0.8221
U000603,O041718,9,0.0841,0.0913,0.8221
U000603,O041718,10,0.0901,0.0822,0.8221
U000603,O041718,11,0.0871,0.0747,0.8221
U000603,O041718,12,0.0871,0.0685,0.8221
U000603,O041718,13,0.0601,0.0632,0.8221
U000603,O041718,14,0.0661,0.0587,0.8221
U000603,O041718,15,0.045,0.0548,0.8221
U000603,O041718,16,0.0571,0.0514,0.8221
U000603,O041718,17,0.0511,0.05,0.8221
U000603,O041718,18,0.048,0.05,0.8221
U000603,O041718,19,0.0571,0.05,0.8221
U000603,O041718,20,0.03,0.05,0.8221
U000603,O021718,1,0.6907,0.7192,0.7192
U000603,O021718,2,0.3784,0.3596,0.7192
U000603,O021718,3,0.2462,0.2397,0.7192
U000603,O021718,4,0.1592,0.1798,0.7192
U000603,O021718,5,0.1351,0.1438,0.7192
U000603,O021718,6,0.1321,0.1199,0.7192
U000603,O021718,7,0.1231,0.1027,0.7192
U000603,O021718,8,0.0991,0.0899,0.7192
U000603,O021718,9,0.0721,0.0799,0.7192
U000603,O021718,10,0.0871,0.0719,0.7192
U000603,O021718,11,0.0781,0.0654,0.7192
U000603,O021718,12,0.0811,0.0599,0.7192
U000603,O021718,13,0.0541,0.0553,0.7192
U000603,O021718,14,0.045,0.0514,0.7192
U000603,O021718,15,0.042,0.05,0.7192
U000603,O021718,16,0.048,0.05,0.7192
U000603,O021718,17,0.039,0.05,0.7192
U000603,O021718,18,0.0571,0.05,0.7192
U000603,O021718,19,0.042,0.05,0.7192
U000603,O021718,20,0.0721,0.05,0.7192
U000603,O001718,1,0.7147,0.7135,0.7135
U000603,O001718,2,0.3634,0.3567,0.7135
U000603,O001718,3,0.2372,0.2378,0.7135
U000603,O001718,4,0.1892,0.1784,0.7135
U000603,O001718,5,0.1682,0.1427,0.7135
U000603,O001718,6,0.1171,0.1189,0.7135
U000603,O001718,7,0.0841,0.1019,0.7135
U000603,O001718,8,0.1051,0.0892,0.7135
U000603,O001718,9,0.1021,0.0793,0.7135
U000603,O001718,10,0.0751,0.0713,0.7135
U000603,O001718,11,0.0751,0.0649,0.7135
U000603,O001718,12,0.048,0.0595,0.7135
U000603,O001718,13,0.0511,0.0549,0.7135
U000603,O001718,14,0.042,0.051,0.7135
U000603,O001718,15,0.033,0.05,0.7135
U000603,O001718,16,0.03,0.05,0.7135
U000603,O001718,17,0.015,0.05,0.7135
U000603,O001718,18,0.039,0.05,0.7135
U000603,O001718,19,0.0541,0.05,0.7135
U000603,O001718,20,0.048,0.05,0.7135
U000603,O011718,1,0.7267,0.7094,0.7094
U000603,O011718,2,0.3964,0.3547,0.7094
U000603,O011718,3,0.2312,0.2365,0.7094
U000603,O011718,4,0.1441,0.1774,0.7094
U000603,O011718,5,0.1652,0.1419,0.7094
U000603,O011718,6,0.1111,0.1182,0.7094
U000603,O011718,7,0.0841,0.1013,0.7094
U000603,O011718,8,0.0751,0.0887,0.7094
U000603,O011718,9,0.0721,0.0788,0.7094
U000603,O011718,10,0.0691,0.0709,0.7094
U000603,O011718,11,0.0571,0.0645,0.7094
U000603,O011718,12,0.048,0.0591,0.7094
U000603,O011718,13,0.048,0.0546,0.7094
U000603,O011718,14,0.045,0.0507,0.7094
U000603,O011718,15,0.0571,0.05,0.7094
U000603,O011718,16,0.0661,0.05,0.7094
U000603,O011718,17,0.0751,0.05,0.7094
U000603,O011718,18,0.042,0.05,0.7094
U000603,O011718,19,0.036,0.05,0.7094
U000603,O011718,20,0.045,0.05,0.7094
U000603,O019951,1,0.5526,0.5663,0.5663
U000603,O019951,2,0.2643,0.2832,0.5663
U000603,O019951,3,0.2312,0.1888,0.5663
U000603,O019951,4,0.1532,0.1416,0.5663
U000603,O019951,5,0.1081,0.1133,0.5663
U000603,O019951,6,0.0691,0.0944,0.5663
U000603,O019951,7,0.0871,0.0809,0.5663
U000603,O019951,8,0.0631,0.0708,0.5663
U000603,O019951,9,0.048,0.0629,0.5663
U000603,O019951,10,0.0661,0.0566,0.5663
U000603,O019951,11,0.0601,0.0515,0.5663
U000603,O019951,12,0.0511,0.05,0.5663
U000603,O019951,13,0.0661,0.05,0.5663
U000603,O019951,14,0.048,0.05,0.5663
U000603,O019951,15,0.0511,0.05,0.5663
U000603,O019951,16,0.0661,0.05,0.5663
U000603,O019951,17,0.0511,0.05,0.5663
U000603,O019951,18,0.0571,0.05,0.5663
U000603,O019951,19,0.048,0.05,0.5663
U000603,O019951,20,0.039,0.05,0.5663
U000603,O049951,1,0.5345,0.5634,0.5634
U000603,O049951,2,0.2943,0.2817,0.5634
U000603,O049951,3,0.2012,0.1878,0.5634
U000603,O049951,4,0.1532,0.1408,0.5634
U000603,O049951,5,0.1562,0.1127,0.5634
U000603,O049951,6,0.0931,0.0939,0.5634
U000603,O049951,7,0.0931,0.0805,0.5634
U000603,O049951,8,0.039,0.0704,0.5634
U000603,O049951,9,0.0541,0.0626,0.5634
U000603,O049951,10,0.048,0.0563,0.5634
U000603,O049951,11,0.048,0.0512,0.5634
U000603,O049951,12,0.048,0.05,0.5634
U000603,O049951,13,0.039,0.05,0.5634
U000603,O049951,14,0.048,0.05,0.5634
U000603,O049951,15,0.0661,0.05,0.5634
U000603,O049951,16,0.048,0.05,0.5634
U000603,O049951,17,0.0571,0.05,0.5634
U000603,O049951,18,0.0511,0.05,0.5634
U000603,O049951,19,0.0571,0.05,0.5634
U000603,O049951,20,0.045,0.05,0.5634
U000603,O009951,1,0.5946,0.5634,0.5634
U000603,O009951,2,0.3093,0.2817,0.5634
U000603,O009951,3,0.1982,0.1878,0.5634
U000603,O009951,4,0.1231,0.1408,0.5634
U000603,O009951,5,0.1381,0.1127,0.5634
U000603,O009951,6,0.0901,0.0939,0.5634
U000603,O009951,7,0.0991,0.0805,0.5634
U000603,O009951,8,0.0661,0.0704,0.5634
U000603,O009951,9,0.0781,0.0626,0.5634
U000603,O009951,10,0.039,0.0563,0.5634
U000603,O009951,11,0.045,0.0512,0.5634
U000603,O009951,12,0.048,0.05,0.5634
U000603,O009951,13,0.0601,0.05,0.5634
U000603,O009951,14,0.045,0.05,0.5634
U000603,O009951,15,0.0571,0.05,0.5634
U000603,O009951,16,0.048,0.05,0.5634
U000603,O009951,17,0.0601,0.05,0.5634
U000603,O009951,18,0.0571,0.05,0.5634
U000603,O009951,19,0.0691,0.05,0.5634
U000603,O009951,20,0.03,0.05,0.5634
U000603,O029951,1,0.5826,0.5634,0.5634
U000603,O029951,2,0.2342,0.2817,0.5634
U000603,O029951,3,0.1532,0.1878,0.5634
U000603,O029951,4,0.1201,0.1408,0.5634
U000603,O029951,5,0.1111,0.1127,0.5634
U000603,O029951,6,0.0721,0.0939,0.5634
U000603,O029951,7,0.0811,0.0805,0.5634
U000603,O029951,8,0.0661,0.0704,0.5634
U000603,O029951,9,0.0691,0.0626,0.5634
U000603,O029951,10,0.0631,0.0563,0.5634
U000603,O029951,11,0.0631,0.0512,0.5634
U000603,O029951,12,0.0601,0.05,0.5634
U000603,O029951,13,0.0631,0.05,0.5634
U000603,O029951,14,0.042,0.05,0.5634
U000603,O029951,15,0.036,0.05,0.5634
U000603,O029951,16,0.045,0.05,0.5634
U000603,O029951,17,0.03,0.05,0.5634
U000603,O029951,18,0.039,0.05,0.5634
U000603,O029951,19,0.042,0.05,0.5634
U000603,O029951,20,0.0901,0.05,0.5634
U000603,O034658,1,0.5225,0.5438,0.5438
U000603,O034658,2,0.2222,0.2719,0.5438
U000603,O034658,3,0.1682,0.1813,0.5438
U000603,O034658,4,0.1291,0.136,0.5438
U000603,O034658,5,0.1081,0.1088,0.5438
U000603,O034658,6,0.0991,0.0906,0.5438
U000603,O034658,7,0.0931,0.0777,0.5438
U000603,O034658,8,0.1081,0.068,0.5438
U000603,O034658,9,0.0511,0.0604,0.5438
U000603,O034658,10,0.0541,0.0544,0.5438
U000603,O034658,11,0.042,0.05,0.5438
U000603,O034658,12,0.0631,0.05,0.5438
U000603,O034658,13,0.0571,0.05,0.5438
U000603,O034658,14,0.0661,0.05,0.5438
U000603,O034658,15,0.0511,0.05,0.5438
U000603,O034658,16,0.048,0.05,0.5438
U000603,O034658,17,0.048,0.05,0.5438
U000603,O034658,18,0.045,0.05,0.5438
U000603,O034658,19,0.0721,0.05,0.5438
U000603,O034658,20,0.0511,0.05,0.5438
U000603,O004658,1,0.5195,0.5398,0.5398
U000603,O004658,2,0.2613,0.2699,0.5398
U000603,O004658,3,0.1982,0.1799,0.5398
U000603,O004658,4,0.1231,0.1349,0.5398
U000603,O004658,5,0.1081,0.108,0.5398
U000603,O004658,6,0.1081,0.09,0.5398
U000603,O004658,7,0.045,0.0771,0.5398
U000603,O004658,8,0.0691,0.0675,0.5398
U000603,O004658,9,0.0691,0.06,0.5398
U000603,O004658,10,0.042,0.054,0.5398
U000603,O004658,11,0.048,0.05,0.5398
U000603,O004658,12,0.045,0.05,0.5398
U000603,O004658,13,0.042,0.05,0.5398
U000603,O004658,14,0.045,0.05,0.5398
U000603,O004658,15,0.0661,0.05,0.5398
U000603,O004658,16,0.0541,0.05,0.5398
U000603,O004658,17,0.039,0.05,0.5398
U000603,O004658,18,0.036,0.05,0.5398
U000603,O004658,19,0.0631,0.05,0.5398
U000603,O004658,20,0.042,0.05,0.5398
U000603,O014658,1,0.5465,0.539,0.539
U000603,O014658,2,0.2733,0.2695,0.539
U000603,O014658,3,0.1922,0.1797,0.539
U000603,O014658,4,0.1351,0.1347,0.539
U000603,O014658,5,0.1201,0.1078,0.539
U000603,O014658,6,0.1111,0.0898,0.539
U000603,O014658,7,0.0601,0.077,0.539
U000603,O014658,8,0.0601,0.0674,0.539
U000603,O014658,9,0.0751,0.0599,0.539
U000603,O014658,10,0.0511,0.0539,0.539
U000603,O014658,11,0.039,0.05,0.539
U000603,O014658,12,0.036,0.05,0.539
U000603,O014658,13,0.0721,0.05,0.539
U000603,O014658,14,0.048,0.05,0.539
U000603,O014658,15,0.0511,0.05,0.539
U000603,O014658,16,0.0571,0.05,0.539
U000603,O014658,17,0.042,0.05,0.539
U000603,O014658,18,0.027,0.05,0.539
U000603,O014658,19,0.0541,0.05,0.539
U000603,O014658,20,0.0541,0.05,0.539
U000603,O024658,1,0.5315,0.5344,0.5344
U000603,O024658,2,0.2432,0.2672,0.5344
U000603,O024658,3,0.2042,0.1781,0.5344
U000603,O024658,4,0.0961,0.1336,0.5344
U000603,O024658,5,0.0931,0.1069,0.5344
U000603,O024658,6,0.0811,0.0891,0.5344
U000603,O024658,7,0.0601,0.0763,0.5344
U000603,O024658,8,0.0721,0.0668,0.5344
U000603,O024658,9,0.0601,0.0594,0.5344
U000603,O024658,10,0.0511,0.0534,0.5344
U000603,O024658,11,0.048,0.05,0.5344
U000603,O024658,12,0.0511,0.05,0.5344
U000603,O024658,13,0.0511,0.05,0.5344
U000603,O024658,14,0.0511,0.05,0.5344
U000603,O024658,15,0.0571,0.05,0.5344
U000603,O024658,16,0.045,0.05,0.5344
U000603,O024658,17,0.0511,0.05,0.5344
U000603,O024658,18,0.027,0.05,0.5344
U000603,O024658,19,0.03,0.05,0.5344
U000603,O024658,20,0.0511,0.05,0.5344
U000603,O047818,1,0.5616,0.5222,0.5222
U000603,O047818,2,0.2312,0.2611,0.5222
U000603,O047818,3,0.1471,0.1741,0.5222
U000603,O047818,4,0.1411,0.1306,0.5222
U000603,O047818,5,0.0931,0.1044,0.5222
U000603,O047818,6,0.0811,0.087,0.5222
U000603,O047818,7,0.0601,0.0746,0.5222
U000603,O047818,8,0.0691,0.0653,0.5222
U000603,O047818,9,0.0571,0.058,0.5222
U000603,O047818,10,0.0541,0.0522,0.5222
U000603,O047818,11,0.0631,0.05,0.5222
U000603,O047818,12,0.0541,0.05,0.5222
U000603,O047818,13,0.0541,0.05,0.5222
U000603,O047818,14,0.036,0.05,0.5222
U000603,O047818,15,0.036,0.05,0.5222
U000603,O047818,16,0.045,0.05,0.5222
U000603,O047818,17,0.036,0.05,0.5222
U000603,O047818,18,0.042,0.05,0.5222
U000603,O047818,19,0.0601,0.05,0.5222
U000603,O047818,20,0.0541,0.05,0.5222
U000603,O007818,1,0.5135,0.5168,0.5168
U000603,O007818,2,0.2703,0.2584,0.5168
U000603,O007818,3,0.1532,0.1723,0.5168
U000603,O007818,4,0.0961,0.1292,0.5168
U000603,O007818,5,0.1201,0.1034,0.5168
U000603,O007818,6,0.0751,0.0861,0.5168
U000603,O007818,7,0.0781,0.0738,0.5168
U000603,O007818,8,0.0721,0.0646,0.5168
U000603,O007818,9,0.0721,0.0574,0.5168
U000603,O007818,10,0.0541,0.0517,0.5168
U000603,O007818,11,0.0511,0.05,0.5168
U000603,O007818,12,0.045,0.05,0.5168
U000603,O007818,13,0.036,0.05,0.5168
U000603,O007818,14,0.0571,0.05,0.5168
U000603,O007818,15,0.045,0.05,0.5168
U000603,O007818,16,0.033,0.05,0.5168
U000603,O007818,17,0.039,0.05,0.5168
U000603,O007818,18,0.0571,0.05,0.5168
U000603,O007818,19,0.0511,0.05,0.5168
U000603,O007818,20,0.036,0.05,0.5168
U000603,O027818,1,0.4955,0.5137,0.5137
U000603,O027818,2,0.2282,0.2569,0.5137
U000603,O027818,3,0.1411,0.1712,0.5137
U000603,O027818,4,0.1291,0.1284,0.5137
U000603,O027818,5,0.1081,0.1027,0.5137
U000603,O027818,6,0.0871,0.0856,0.5137
U000603,O027818,7,0.0721,0.0734,0.5137
U000603,O027818,8,0.0931,0.0642,0.5137
U000603,O027818,9,0.0541,0.0571,0.5137
U000603,O027818,10,0.0571,0.0514,0.5137
U000603,O027818,11,0.048,0.05,0.5137
U000603,O027818,12,0.0571,0.05,0.5137
U000603,O027818,13,0.0751,0.05,0.5137
U000603,O027818,14,0.0691,0.05,0.5137
U000603,O027818,15,0.0691,0.05,0.5137
U000603,O027818,16,0.0511,0.05,0.5137
U000603,O027818,17,0.0571,0.05,0.5137
U000603,O027818,18,0.0601,0.05,0.5137
U000603,O027818,19,0.0631,0.05,0.5137
U000603,O027818,20,0.039,0.05,0.5137
U000603,O017818,1,0.5135,0.5129,0.5129
U000603,O017818,2,0.2763,0.2565,0.5129
U000603,O017818,3,0.1381,0.171,0.5129
U000603,O017818,4,0.0991,0.1282,0.5129
U000603,O017818,5,0.1021,0.1026,0.5129
U000603,O017818,6,0.0901,0.0855,0.5129
U000603,O017818,7,0.0991,0.0733,0.5129
U000603,O017818,8,0.0751,0.0641,0.5129
U000603,O017818,9,0.0571,0.057,0.5129
U000603,O017818,10,0.0661,0.0513,0.5129
U000603,O017818,11,0.039,0.05,0.5129
U000603,O017818,12,0.0631,0.05,0.5129
U000603,O017818,13,0.0691,0.05,0.5129
U000603,O017818,14,0.042,0.05,0.5129
U000603,O017818,15,0.036,0.05,0.5129
U000603,O017818,16,0.0661,0.05,0.5129
U000603,O017818,17,0.0631,0.05,0.5129
U000603,O017818,18,0.048,0.05,0.5129
U000603,O017818,19,0.0511,0.05,0.5129
U000603,O017818,20,0.0571,0.05,0.5129
U000461,O031718,1,0.7387,0.7272,0.7272
U000461,O031718,2,0.3604,0.3636,0.7272
U000461,O031718,3,0.2613,0.2424,0.7272
U000461,O031718,4,0.1742,0.1818,0.7272
U000461,O031718,5,0.1592,0.1454,0.7272
U000461,O031718,6,0.1201,0.1212,0.7272
U000461,O031718,7,0.0901,0.1039,0.7272
U000461,O031718,8,0.1051,0.0909,0.7272
U000461,O031718,9,0.0691,0.0808,0.7272
U000461,O031718,10,0.0811,0.0727,0.7272
U000461,O031718,11,0.0601,0.0661,0.7272
U000461,O031718,12,0.0661,0.0606,0.7272
U000461,O031718,13,0.0661,0.0559,0.7272
U000461,O031718,14,0.045,0.0519,0.7272
U000461,O031718,15,0.0661,0.05,0.7272
U000461,O031718,16,0.039,0.05,0.7272
U000461,O031718,17,0.045,0.05,0.7272
U000461,O031718,18,0.0541,0.05,0.7272
U000461,O031718,19,0.048,0.05,0.7272
U000461,O031718,20,0.0541,0.05,0.7272
U000461,O032524,1,0.7568,0.6979,0.6979
U000461,O032524,2,0.3784,0.349,0.6979
U000461,O032524,3,0.2342,0.2326,0.6979
U000461,O032524,4,0.1862,0.1745,0.6979
U000461,O032524,5,0.1592,0.1396,0.6979
U000461,O032524,6,0.1141,0.1163,0.6979
U000461,O032524,7,0.0781,0.0997,0.6979
U000461,O032524,8,0.0931,0.0872,0.6979
U000461,O032524,9,0.0571,0.0775,0.6979
U000461,O032524,10,0.0841,0.0698,0.6979
U000461,O032524,11,0.0601,0.0634,0.6979
U000461,O032524,12,0.0631,0.0582,0.6979
U000461,O032524,13,0.0601,0.0537,0.6979
U000461,O032524,14,0.0541,0.05,0.6979
U000461,O032524,15,0.048,0.05,0.6979
U000461,O032524,16,0.03,0.05,0.6979
U000461,O032524,17,0.045,0.05,0.6979
U000461,O032524,18,0.0511,0.05,0.6979
U000461,O032524,19,0.0571,0.05,0.6979
U000461,O032524,20,0.045,0.05,0.6979
U000461,O002524,1,0.6396,0.6939,0.6939
U000461,O002524,2,0.2883,0.3469,0.6939
U000461,O002524,3,0.2372,0.2313,0.6939
U000461,O002524,4,0.2072,0.1735,0.6939
U000461,O002524,5,0.1321,0.1388,0.6939
U000461,O002524,6,0.1291,0.1156,0.6939
U000461,O002524,7,0.0571,0.0991,0.6939
U000461,O002524,8,0.0811,0.0867,0.6939
U000461,O002524,9,0.0811,0.0771,0.6939
U000461,O002524,10,0.0691,0.0694,0.6939
U000461,O002524,11,0.0511,0.0631,0.6939
U000461,O002524,12,0.0541,0.0578,0.6939
U000461,O002524,13,0.0571,0.0534,0.6939
U000461,O002524,14,0.0601,0.05,0.6939
U000461,O002524,15,0.0661,0.05,0.6939
U000461,O002524,16,0.0601,0.05,0.6939
U000461,O002524,17,0.042,0.05,0.6939
U000461,O002524,18,0.0511,0.05,0.6939
U000461,O002524,19,0.0511,0.05,0.6939
U000461,O002524,20,0.0691,0.05,0.6939
U000461,O012524,1,0.6937,0.6899,0.6899
U000461,O012524,2,0.3333,0.3449,0.6899
U000461,O012524,3,0.2402,0.23,0.6899
U000461,O012524,4,0.1261,0.1725,0.6899
U000461,O012524,5,0.1261,0.138,0.6899
U000461,O012524,6,0.1021,0.115,0.6899
U000461,O012524,7,0.1051,0.0986,0.6899
U000461,O012524,8,0.0871,0.0862,0.6899
U000461,O012524,9,0.0691,0.0767,0.6899
U000461,O012524,10,0.0661,0.069,0.6899
U000461,O012524,11,0.0871,0.0627,0.6899
U000461,O012524,12,0.042,0.0575,0.6899
U000461,O012524,13,0.048,0.0531,0.6899
U000461,O012524,14,0.0601,0.05,0.6899
U000461,O012524,15,0.036,0.05,0.6899
U000461,O012524,16,0.045,0.05,0.6899
U000461,O012524,17,0.033,0.05,0.6899
U000461,O012524,18,0.0541,0.05,0.6899
U000461,O012524,19,0.0511,0.05,0.6899
U000461,O012524,20,0.045,0.05,0.6899
U000461,O022524,1,0.7417,0.6883,0.6883
U000461,O022524,2,0.3514,0.3442,0.6883
U000461,O022524,3,0.2462,0.2294,0.6883
U000461,O022524,4,0.1562,0.1721,0.6883
U000461,O022524,5,0.1622,0.1377,0.6883
U000461,O022524,6,0.1081,0.1147,0.6883
U000461,O022524,7,0.0931,0.0983,0.6883
U000461,O022524,8,0.0871,0.086,0.6883
U000461,O022524,9,0.0751,0.0765,0.6883
U000461,O022524,10,0.0691,0.0688,0.6883
U000461,O022524,11,0.048,0.0626,0.6883
U000461,O022524,12,0.0541,0.0574,0.6883
U000461,O022524,13,0.042,0.0529,0.6883
U000461,O022524,14,0.0661,0.05,0.6883
U000461,O022524,15,0.045,0.05,0.6883
U000461,O022524,16,0.045,0.05,0.6883
U000461,O022524,17,0.0541,0.05,0.6883
U000461,O022524,18,0.0541,0.05,0.6883
U000461,O022524,19,0.0631,0.05,0.6883
U000461,O022524,20,0.0631,0.05,0.6883
U000461,O024658,1,0.5796,0.6318,0.6318
U000461,O024658,2,0.3153,0.3159,0.6318
U000461,O024658,3,0.1952,0.2106,0.6318
U000461,O024658,4,0.1682,0.1579,0.6318
U000461,O024658,5,0.0931,0.1264,0.6318
U000461,O024658,6,0.0931,0.1053,0.6318
U000461,O024658,7,0.1141,0.0903,0.6318
U000461,O024658,8,0.0841,0.079,0.6318
U000461,O024658,9,0.0601,0.0702,0.6318
U000461,O024658,10,0.0721,0.0632,0.6318
U000461,O024658,11,0.0511,0.0574,0.6318
U000461,O024658,12,0.0661,0.0526,0.6318
U000461,O024658,13,0.0601,0.05,0.6318
U000461,O024658,14,0.048,0.05,0.6318
U000461,O024658,15,0.033,0.05,0.6318
U000461,O024658,16,0.0601,0.05,0.6318
U000461,O024658,17,0.033,0.05,0.6318
U000461,O024658,18,0.036,0.05,0.6318
U000461,O024658,19,0.027,0.05,0.6318
U000461,O024658,20,0.033,0.05,0.6318
U000461,O041718,1,0.6757,0.6239,0.6239
U000461,O041718,2,0.3333,0.312,0.6239
U000461,O041718,3,0.1922,0.208,0.6239
U000461,O041718,4,0.1441,0.156,0.6239
U000461,O041718,5,0.0961,0.1248,0.6239
U000461,O041718,6,0.1141,0.104,0.6239
U000461,O041718,7,0.1081,0.0891,0.6239
U000461,O041718,8,0.0901,0.078,0.6239
U000461,O041718,9,0.0751,0.0693,0.6239
U000461,O041718,10,0.0631,0.0624,0.6239
U000461,O041718,11,0.0751,0.0567,0.6239
U000461,O041718,12,0.0631,0.052,0.6239
U000461,O041718,13,0.039,0.05,0.6239
U000461,O041718,14,0.039,0.05,0.6239
U000461,O041718,15,0.039,0.05,0.6239
U000461,O041718,16,0.045,0.05,0.6239
U000461,O041718,17,0.0631,0.05,0.6239
U000461,O041718,18,0.0721,0.05,0.6239
U000461,O041718,19,0.042,0.05,0.6239
U000461,O041718,20,0.045,0.05,0.6239
U000461,O021718,1,0.6667,0.6228,0.6228
U000461,O021718,2,0.3093,0.3114,0.6228
U000461,O021718,3,0.1982,0.2076,0.6228
U000461,O021718,4,0.1351,0.1557,0.6228
U000461,O021718,5,0.1441,0.1246,0.6228
U000461,O021718,6,0.1261,0.1038,0.6228
U000461,O021718,7,0.0871,0.089,0.6228
U000461,O021718,8,0.0571,0.0778,0.6228
U000461,O021718,9,0.0751,0.0692,0.6228
U000461,O021718,10,0.0571,0.0623,0.6228
U000461,O021718,11,0.042,0.0566,0.6228
U000461,O021718,12,0.0661,0.0519,0.6228
U000461,O021718,13,0.045,0.05,0.6228
U000461,O021718,14,0.0601,0.05,0.6228
U000461,O021718,15,0.0541,0.05,0.6228
U000461,O021718,16,0.0601,0.05,0.6228
U000461,O021718,17,0.0571,0.05,0.6228
U000461,O021718,18,0.045,0.05,0.6228
U000461,O021718,19,0.045,0.05,0.6228
U000461,O021718,20,0.045,0.05,0.6228
U000461,O011718,1,0.5796,0.6189,0.6189
U000461,O011718,2,0.2853,0.3095,0.6189
U000461,O011718,3,0.2492,0.2063,0.6189
U000461,O011718,4,0.1351,0.1547,0.6189
U000461,O011718,5,0.1081,0.1238,0.6189
U000461,O011718,6,0.0961,0.1032,0.6189
U000461,O011718,7,0.1021,0.0884,0.6189
U000461,O011718,8,0.1081,0.0774,0.6189
U000461,O011718,9,0.0541,0.0688,0.6189
U000461,O011718,10,0.0781,0.0619,0.6189
U000461,O011718,11,0.0571,0.0563,0.6189
U000461,O011718,12,0.048,0.0516,0.6189
U000461,O011718,13,0.0631,0.05,0.6189
U000461,O011718,14,0.042,0.05,0.6189
U000461,O011718,15,0.0511,0.05,0.6189
U000461,O011718,16,0.0721,0.05,0.6189
U000461,O011718,17,0.0691,0.05,0.6189
U000461,O011718,18,0.042,0.05,0.6189
U000461,O011718,19,0.045,0.05,0.6189
U000461,O011718,20,0.03,0.05,0.6189
U000461,O007818,1,0.6216,0.5915,0.5915
U000461,O007818,2,0.2583,0.2957,0.5915
U000461,O007818,3,0.1952,0.1972,0.5915
U000461,O007818,4,0.1502,0.1479,0.5915
U000461,O007818,5,0.1051,0.1183,0.5915
U000461,O007818,6,0.0961,0.0986,0.5915
U000461,O007818,7,0.0901,0.0845,0.5915
U000461,O007818,8,0.0631,0.0739,0.5915
U000461,O007818,9,0.0601,0.0657,0.5915
U000461,O007818,10,0.03,0.0591,0.5915
U000461,O007818,11,0.039,0.0538,0.5915
U000461,O007818,12,0.021,0.05,0.5915
U000461,O007818,13,0.039,0.05,0.5915
U000461,O007818,14,0.027,0.05,0.5915
U000461,O007818,15,0.042,0.05,0.5915
U000461,O007818,16,0.036,0.05,0.5915
U000461,O007818,17,0.045,0.05,0.5915
U000461,O007818,18,0.0541,0.05,0.5915
U000461,O007818,19,0.045,0.05,0.5915
U000461,O007818,20,0.0571,0.05,0.5915
U000461,O037818,1,0.6216,0.5902,0.5902
U000461,O037818,2,0.3453,0.2951,0.5902
U000461,O037818,3,0.1892,0.1967,0.5902
U000461,O037818,4,0.1441,0.1476,0.5902
U000461,O037818,5,0.1141,0.118,0.5902
U000461,O037818,6,0.1171,0.0984,0.5902
U000461,O037818,7,0.0841,0.0843,0.5902
U000461,O037818,8,0.0541,0.0738,0.5902
U000461,O037818,9,0.048,0.0656,0.5902
U000461,O037818,10,0.0691,0.059,0.5902
U000461,O037818,11,0.0541,0.0537,0.5902
U000461,O037818,12,0.0541,0.05,0.5902
U000461,O037818,13,0.0571,0.05,0.5902
U000461,O037818,14,0.0541,0.05,0.5902
U000461,O037818,15,0.03,0.05,0.5902
U000461,O037818,16,0.036,0.05,0.5902
U000461,O037818,17,0.048,0.05,0.5902
U000461,O037818,18,0.0511,0.05,0.5902
U000461,O037818,19,0.0631,0.05,0.5902
U000461,O037818,20,0.0541,0.05,0.5902
U000461,O034658,1,0.5495,0.5355,0.5355
U000461,O034658,2,0.2643,0.2677,0.5355
U000461,O034658,3,0.1952,0.1785,0.5355
U000461,O034658,4,0.1502,0.1339,0.5355
U000461,O034658,5,0.1201,0.1071,0.5355
U000461,O034658,6,0.1201,0.0892,0.5355
U000461,O034658,7,0.0661,0.0765,0.5355
U000461,O034658,8,0.0691,0.0669,0.5355
U000461,O034658,9,0.0721,0.0595,0.5355
U000461,O034658,10,0.0601,0.0535,0.5355
U000461,O034658,11,0.048,0.05,0.5355
U000461,O034658,12,0.048,0.05,0.5355
U000461,O034658,13,0.0541,0.05,0.5355
U000461,O034658,14,0.039,0.05,0.5355
U000461,O034658,15,0.045,0.05,0.5355
U000461,O034658,16,0.033,0.05,0.5355
U000461,O034658,17,0.036,0.05,0.5355
U000461,O034658,18,0.0691,0.05,0.5355
U000461,O034658,19,0.045,0.05,0.5355
U000461,O034658,20,0.0571,0.05,0.5355
U000461,O014658,1,0.5375,0.5336,0.5336
U000461,O014658,2,0.2342,0.2668,0.5336
U000461,O014658,3,0.1682,0.1779,0.5336
U000461,O014658,4,0.1141,0.1334,0.5336
U000461,O014658,5,0.0901,0.1067,0.5336
U000461,O014658,6,0.0871,0.0889,0.5336
U000461,O014658,7,0.0901,0.0762,0.5336
U000461,O014658,8,0.0781,0.0667,0.5336
U000461,O014658,9,0.0511,0.0593,0.5336
U000461,O014658,10,0.0571,0.0534,0.5336
U000461,O014658,11,0.048,0.05,0.5336
U000461,O014658,12,0.0511,0.05,0.5336
U000461,O014658,13,0.0631,0.05,0.5336
U000461,O014658,14,0.0511,0.05,0.5336
U000461,O014658,15,0.0541,0.05,0.5336
U000461,O014658,16,0.036,0.05,0.5336
U000461,O014658,17,0.0511,0.05,0.5336
U000461,O014658,18,0.036,0.05,0.5336
U000461,O014658,19,0.0721,0.05,0.5336
U000461,O014658,20,0.0511,0.05,0.5336
U000461,O044658,1,0.5375,0.5288,0.5288
U000461,O044658,2,0.2252,0.2644,0.5288
U000461,O044658,3,0.1411,0.1763,0.5288
U000461,O044658,4,0.1111,0.1322,0.5288
U000461,O044658,5,0.1261,0.1058,0.5288
U000461,O044658,6,0.1081,0.0881,0.5288
U000461,O044658,7,0.0691,0.0755,0.5288
U000461,O044658,8,0.0631,0.0661,0.5288
U000461,O044658,9,0.048,0.0588,0.5288
U000461,O044658,10,0.0751,0.0529,0.5288
U000461,O044658,11,0.036,0.05,0.5288
U000461,O044658,12,0.0571,0.05,0.5288
U000461,O044658,13,0.039,0.05,0.5288
U000461,O044658,14,0.048,0.05,0.5288
U000461,O044658,15,0.042,0.05,0.5288
U000461,O044658,16,0.0511,0.05,0.5288
U000461,O044658,17,0.039,0.05,0.5288
U000461,O044658,18,0.0571,0.05,0.5288
U000461,O044658,19,0.045,0.05,0.5288
U000461,O044658,20,0.0691,0.05,0.5288
U000461,O047818,1,0.4715,0.4936,0.4936
U000461,O047818,2,0.2162,0.2468,0.4936
U000461,O047818,3,0.1712,0.1645,0.4936
U000461,O047818,4,0.1321,0.1234,0.4936
U000461,O047818,5,0.0871,0.0987,0.4936
U000461,O047818,6,0.0781,0.0823,0.4936
U000461,O047818,7,0.0541,0.0705,0.4936
U000461,O047818,8,0.0841,0.0617,0.4936
U000461,O047818,9,0.0811,0.0548,0.4936
U000461,O047818,10,0.048,0.05,0.4936
U000461,O047818,11,0.039,0.05,0.4936
U000461,O047818,12,0.0571,0.05,0.4936
U000461,O047818,13,0.0571,0.05,0.4936
U000461,O047818,14,0.0661,0.05,0.4936
U000461,O047818,15,0.0631,0.05,0.4936
U000461,O047818,16,0.048,0.05,0.4936
U000461,O047818,17,0.0541,0.05,0.4936
U000461,O047818,18,0.036,0.05,0.4936
U000461,O047818,19,0.0631,0.05,0.4936
U000461,O047818,20,0.048,0.05,0.4936
U000461,O019951,1,0.4835,0.4913,0.4913
U000461,O019951,2,0.2372,0.2457,0.4913
U000461,O019951,3,0.1892,0.1638,0.4913
U000461,O019951,4,0.1532,0.1228,0.4913
U000461,O019951,5,0.1231,0.0983,0.4913
U000461,O019951,6,0.0781,0.0819,0.4913
U000461,O019951,7,0.0901,0.0702,0.4913
U000461,O019951,8,0.0631,0.0614,0.4913
U000461,O019951,9,0.042,0.0546,0.4913
U000461,O019951,10,0.048,0.05,0.4913
U000461,O019951,11,0.0661,0.05,0.4913
U000461,O019951,12,0.0691,0.05,0.4913
U000461,O019951,13,0.0691,0.05,0.4913
U000461,O019951,14,0.0511,0.05,0.4913
U000461,O019951,15,0.0541,0.05,0.4913
U000461,O019951,16,0.033,0.05,0.4913
U000461,O019951,17,0.0571,0.05,0.4913
U000461,O019951,18,0.0541,0.05,0.4913
U000461,O019951,19,0.0541,0.05,0.4913
U000461,O019951,20,0.048,0.05,0.4913
U000461,O027818,1,0.4745,0.4903,0.4903
U000461,O027818,2,0.2462,0.2451,0.4903
U000461,O027818,3,0.1441,0.1634,0.4903
U000461,O027818,4,0.1051,0.1226,0.4903
U000461,O027818,5,0.0931,0.0981,0.4903
U000461,O027818,6,0.0901,0.0817,0.4903
U000461,O027818,7,0.0781,0.07,0.4903
U000461,O027818,8,0.0541,0.0613,0.4903
U000461,O027818,9,0.0541,0.0545,0.4903
U000461,O027818,10,0.0571,0.05,0.4903
U000461,O027818,11,0.045,0.05,0.4903
U000461,O027818,12,0.0691,0.05,0.4903
U000461,O027818,13,0.0571,0.05,0.4903
U000461,O027818,14,0.042,0.05,0.4903
U000461,O027818,15,0.033,0.05,0.4903
U000461,O027818,16,0.0511,0.05,0.4903
U000461,O027818,17,0.0541,0.05,0.4903
U000461,O027818,18,0.039,0.05,0.4903
U000461,O027818,19,0.042,0.05,0.4903
U000461,O027818,20,0.048,0.05,0.4903
U000461,O029951,1,0.4715,0.4902,0.4902
U000461,O029951,2,0.2312,0.2451,0.4902
U000461,O029951,3,0.1381,0.1634,0.4902
U000461,O029951,4,0.1261,0.1225,0.4902
U000461,O029951,5,0.0841,0.098,0.4902
U000461,O029951,6,0.0721,0.0817,0.4902
U000461,O029951,7,0.0631,0.07,0.4902
U000461,O029951,8,0.0691,0.0613,0.4902
U000461,O029951,9,0.042,0.0545,0.4902
U000461,O029951,10,0.039,0.05,0.4902
U000461,O029951,11,0.036,0.05,0.4902
U000461,O029951,12,0.0541,0.05,0.4902
U000461,O029951,13,0.0781,0.05,0.4902
U000461,O029951,14,0.0661,0.05,0.4902
U000461,O029951,15,0.0691,0.05,0.4902
U000461,O029951,16,0.033,0.05,0.4902
U000461,O029951,17,0.0511,0.05,0.4902
U000461,O029951,18,0.018,0.05,0.4902
U000461,O029951,19,0.033,0.05,0.4902
U000461,O029951,20,0.0541,0.05,0.4902
U000461,O009951,1,0.5225,0.4902,0.4902
U000461,O009951,2,0.2222,0.2451,0.4902
U000461,O009951,3,0.1622,0.1634,0.4902
U000461,O009951,4,0.1141,0.1225,0.4902
U000461,O009951,5,0.1291,0.098,0.4902
U000461,O009951,6,0.0571,0.0817,0.4902
U000461,O009951,7,0.0721,0.07,0.4902
U000461,O009951,8,0.0811,0.0613,0.4902
U000461,O009951,9,0.048,0.0545,0.4902
U000461,O009951,10,0.036,0.05,0.4902
U000461,O009951,11,0.042,0.05,0.4902
U000461,O009951,12,0.0541,0.05,0.4902
U000461,O009951,13,0.045,0.05,0.4902
U000461,O009951,14,0.0541,0.05,0.4902
U000461,O009951,15,0.0541,0.05,0.4902
U000461,O009951,16,0.0511,0.05,0.4902
U000461,O009951,17,0.03,0.05,0.4902
U000461,O009951,18,0.0541,0.05,0.4902
U000461,O009951,19,0.0541,0.05,0.4902
U000461,O009951,20,0.0511,0.05,0.4902
U000461,O049951,1,0.5015,0.4902,0.4902
U000461,O049951,2,0.2883,0.2451,0.4902
U000461,O049951,3,0.1682,0.1634,0.4902
U000461,O049951,4,0.1231,0.1225,0.4902
U000461,O049951,5,0.0811,0.098,0.4902
U000461,O049951,6,0.0661,0.0817,0.4902
U000461,O049951,7,0.0691,0.07,0.4902
U000461,O049951,8,0.0571,0.0613,0.4902
U000461,O049951,9,0.0691,0.0545,0.4902
U000461,O049951,10,0.048,0.05,0.4902
U000461,O049951,11,0.048,0.05,0.4902
U000461,O049951,12,0.0571,0.05,0.4902
U000461,O049951,13,0.0661,0.05,0.4902
U000461,O049951,14,0.042,0.05,0.4902
U000461,O049951,15,0.03,0.05,0.4902
U000461,O049951,16,0.0661,0.05,0.4902
U000461,O049951,17,0.0571,0.05,0.4902
U000461,O049951,18,0.0511,0.05,0.4902
U000461,O049951,19,0.0511,0.05,0.4902
U000461,O049951,20,0.033,0.05,0.4902
U000824,O041718,1,0.8348,0.825,0.825
U000824,O041718,2,0.3994,0.4125,0.825
U000824,O041718,3,0.2943,0.275,0.825
U000824,O041718,4,0.2012,0.2063,0.825
U000824,O041718,5,0.1712,0.165,0.825
U000824,O041718,6,0.1261,0.1375,0.825
U000824,O041718,7,0.1351,0.1179,0.825
U000824,O041718,8,0.0901,0.1031,0.825
U000824,O041718,9,0.1081,0.0917,0.825
U000824,O041718,10,0.0751,0.0825,0.825
U000824,O041718,11,0.0691,0.075,0.825
U000824,O041718,12,0.0931,0.0688,0.825
U000824,O041718,13,0.0991,0.0635,0.825
U000824,O041718,14,0.0721,0.0589,0.825
U000824,O041718,15,0.039,0.055,0.825
U000824,O041718,16,0.033,0.0516,0.825
U000824,O041718,17,0.048,0.05,0.825
U000824,O041718,18,0.033,0.05,0.825
U000824,O041718,19,0.0721,0.05,0.825
U000824,O041718,20,0.0631,0.05,0.825
U000824,O021718,1,0.8619,0.8202,0.8202
U000824,O021718,2,0.4264,0.4101,0.8202
U000824,O021718,3,0.2613,0.2734,0.8202
U000824,O021718,4,0.2222,0.2051,0.8202
U000824,O021718,5,0.1291,0.164,0.8202
U000824,O021718,6,0.1441,0.1367,0.8202
U000824,O021718,7,0.1231,0.1172,0.8202
U000824,O021718,8,0.0931,0.1025,0.8202
U000824,O021718,9,0.0841,0.0911,0.8202
U000824,O021718,10,0.0841,0.082,0.8202
U000824,O021718,11,0.1021,0.0746,0.8202
U000824,O021718,12,0.0691,0.0684,0.8202
U000824,O021718,13,0.0871,0.0631,0.8202
U000824,O021718,14,0.0721,0.0586,0.8202
U000824,O021718,15,0.033,0.0547,0.8202
U000824,O021718,16,0.048,0.0513,0.8202
U000824,O021718,17,0.045,0.05,0.8202
U000824,O021718,18,0.0541,0.05,0.8202
U000824,O021718,19,0.036,0.05,0.8202
U000824,O021718,20,0.045,0.05,0.8202
U000824,O001718,1,0.8048,0.811,0.811
U000824,O001718,2,0.3814,0.4055,0.811
U000824,O001718,3,0.2973,0.2703,0.811
U000824,O001718,4,0.1862,0.2027,0.811
U000824,O001718,5,0.1321,0.1622,0.811
U000824,O001718,6,0.1201,0.1352,0.811
U000824,O001718,7,0.0961,0.1159,0.811
U000824,O001718,8,0.1021,0.1014,0.811
U000824,O001718,9,0.0961,0.0901,0.811
U000824,O001718,10,0.045,0.0811,0.811
U000824,O001718,11,0.0511,0.0737,0.811
U000824,O001718,12,0.0571,0.0676,0.811
U000824,O001718,13,0.0541,0.0624,0.811
U000824,O001718,14,0.0691,0.0579,0.811
U000824,O001718,15,0.03,0.0541,0.811
U000824,O001718,16,0.0541,0.0507,0.811
U000824,O001718,17,0.045,0.05,0.811
U000824,O001718,18,0.0601,0.05,0.811
U000824,O001718,19,0.036,0.05,0.811
U000824,O001718,20,0.039,0.05,0.811
U000824,O011718,1,0.8078,0.8043,0.8043
U000824,O011718,2,0.3994,0.4022,0.8043
U000824,O011718,3,0.2703,0.2681,0.8043
U000824,O011718,4,0.2613,0.2011,0.8043
U000824,O011718,5,0.1562,0.1609,0.8043
U000824,O011718,6,0.1141,0.1341,0.8043
U000824,O011718,7,0.1261,0.1149,0.8043
U000824,O011718,8,0.0931,0.1005,0.8043
U000824,O011718,9,0.0571,0.0894,0.8043
U000824,O011718,10,0.0781,0.0804,0.8043
U000824,O011718,11,0.0901,0.0731,0.8043
U000824,O011718,12,0.0721,0.067,0.8043
U000824,O011718,13,0.0571,0.0619,0.8043
U000824,O011718,14,0.0541,0.0575,0.8043
U000824,O011718,15,0.0601,0.0536,0.8043
U000824,O011718,16,0.0691,0.0503,0.8043
U000824,O011718,17,0.0691,0.05,0.8043
U000824,O011718,18,0.0841,0.05,0.8043
U000824,O011718,19,0.0601,0.05,0.8043
U000824,O011718,20,0.0601,0.05,0.8043
U000824,O022524,1,0.6607,0.6955,0.6955
U000824,O022524,2,0.3063,0.3477,0.6955
U000824,O022524,3,0.2432,0.2318,0.6955
U000824,O022524,4,0.2072,0.1739,0.6955
U000824,O022524,5,0.1351,0.1391,0.6955
U000824,O022524,6,0.0841,0.1159,0.6955
U000824,O022524,7,0.0691,0.0994,0.6955
U000824,O022524,8,0.1111,0.0869,0.6955
U000824,O022524,9,0.0541,0.0773,0.6955
U000824,O022524,10,0.0871,0.0695,0.6955
U000824,O022524,11,0.0661,0.0632,0.6955
U000824,O022524,12,0.0631,0.058,0.6955
U000824,O022524,13,0.048,0.0535,0.6955
U000824,O022524,14,0.0511,0.05,0.6955
U000824,O022524,15,0.0691,0.05,0.6955
U000824,O022524,16,0.036,0.05,0.6955
U000824,O022524,17,0.036,0.05,0.6955
U000824,O022524,18,0.033,0.05,0.6955
U000824,O022524,19,0.0721,0.05,0.6955
U000824,O022524,20,0.045,0.05,0.6955
U000824,O012524,1,0.6517,0.6892,0.6892
U000824,O012524,2,0.3153,0.3446,0.6892
U000824,O012524,3,0.2673,0.2297,0.6892
U000824,O012524,4,0.1441,0.1723,0.6892
U000824,O012524,5,0.1351,0.1378,0.6892
U000824,O012524,6,0.1502,0.1149,0.6892
U000824,O012524,7,0.0571,0.0985,0.6892
U000824,O012524,8,0.0931,0.0861,0.6892
U000824,O012524,9,0.0751,0.0766,0.6892
U000824,O012524,10,0.0631,0.0689,0.6892
U000824,O012524,11,0.0541,0.0627,0.6892
U000824,O012524,12,0.0811,0.0574,0.6892
U000824,O012524,13,0.048,0.053,0.6892
U000824,O012524,14,0.0631,0.05,0.6892
U000824,O012524,15,0.0541,0.05,0.6892
U000824,O012524,16,0.03,0.05,0.6892
U000824,O012524,17,0.0541,0.05,0.6892
U000824,O012524,18,0.0601,0.05,0.6892
U000824,O012524,19,0.0601,0.05,0.6892
U000824,O012524,20,0.0601,0.05,0.6892
U000824,O002524,1,0.6667,0.6725,0.6725
U000824,O002524,2,0.3604,0.3362,0.6725
U000824,O002524,3,0.2102,0.2242,0.6725
U000824,O002524,4,0.1502,0.1681,0.6725
U000824,O002524,5,0.1411,0.1345,0.6725
U000824,O002524,6,0.1141,0.1121,0.6725
U000824,O002524,7,0.1051,0.0961,0.6725
U000824,O002524,8,0.0841,0.0841,0.6725
U000824,O002524,9,0.0991,0.0747,0.6725
U000824,O002524,10,0.0511,0.0672,0.6725
U000824,O002524,11,0.0661,0.0611,0.6725
U000824,O002524,12,0.0541,0.056,0.6725
U000824,O002524,13,0.0721,0.0517,0.6725
U000824,O002524,14,0.048,0.05,0.6725
U000824,O002524,15,0.0661,0.05,0.6725
U000824,O002524,16,0.0661,0.05,0.6725
U000824,O002524,17,0.0691,0.05,0.6725
U000824,O002524,18,0.0601,0.05,0.6725
U000824,O002524,19,0.024,0.05,0.6725
U000824,O002524,20,0.045,0.05,0.6725
U000824,O042524,1,0.6787,0.6541,0.6541
U000824,O042524,2,0.2883,0.3271,0.6541
U000824,O042524,3,0.2402,0.218,0.6541
U000824,O042524,4,0.1592,0.1635,0.6541
U000824,O042524,5,0.1231,0.1308,0.6541
U000824,O042524,6,0.1051,0.109,0.6541
U000824,O042524,7,0.0751,0.0934,0.6541
U000824,O042524,8,0.0781,0.0818,0.6541
U000824,O042524,9,0.0901,0.0727,0.6541
U000824,O042524,10,0.0811,0.0654,0.6541
U000824,O042524,11,0.0511,0.0595,0.6541
U000824,O042524,12,0.045,0.0545,0.6541
U000824,O042524,13,0.0721,0.0503,0.6541
U000824,O042524,14,0.048,0.05,0.6541
U000824,O042524,15,0.045,0.05,0.6541
U000824,O042524,16,0.0631,0.05,0.6541
U000824,O042524,17,0.039,0.05,0.6541
U000824,O042524,18,0.048,0.05,0.6541
U000824,O042524,19,0.0601,0.05,0.6541
U000824,O042524,20,0.0691,0.05,0.6541
U000824,O047818,1,0.6336,0.6538,0.6538
U000824,O047818,2,0.3423,0.3269,0.6538
U000824,O047818,3,0.2132,0.2179,0.6538
U000824,O047818,4,0.1562,0.1634,0.6538
U000824,O047818,5,0.1381,0.1308,0.6538
U000824,O047818,6,0.1081,0.109,0.6538
U000824,O047818,7,0.0931,0.0934,0.6538
U000824,O047818,8,0.0811,0.0817,0.6538
U000824,O047818,9,0.0601,0.0726,0.6538
U000824,O047818,10,0.0721,0.0654,0.6538
U000824,O047818,11,0.0571,0.0594,0.6538
U000824,O047818,12,0.0661,0.0545,0.6538
U000824,O047818,13,0.045,0.0503,0.6538
U000824,O047818,14,0.0571,0.05,0.6538
U000824,O047818,15,0.045,0.05,0.6538
U000824,O047818,16,0.0541,0.05,0.6538
U000824,O047818,17,0.042,0.05,0.6538
U000824,O047818,18,0.0511,0.05,0.6538
U000824,O047818,19,0.042,0.05,0.6538
U000824,O047818,20,0.042,0.05,0.6538
U000824,O019951,1,0.6186,0.6441,0.6441
U000824,O019951,2,0.3393,0.3221,0.6441
U000824,O019951,3,0.2342,0.2147,0.6441
U000824,O019951,4,0.1622,0.161,0.6441
U000824,O019951,5,0.1441,0.1288,0.6441
U000824,O019951,6,0.0901,0.1074,0.6441
U000824,O019951,7,0.0871,0.092,0.6441
U000824,O019951,8,0.0661,0.0805,0.6441
U000824,O019951,9,0.0931,0.0716,0.6441
U000824,O019951,10,0.0541,0.0644,0.6441
U000824,O019951,11,0.0571,0.0586,0.6441
U000824,O019951,12,0.045,0.0537,0.6441
U000824,O019951,13,0.042,0.05,0.6441
U000824,O019951,14,0.0571,0.05,0.6441
U000824,O019951,15,0.0751,0.05,0.6441
U000824,O019951,16,0.048,0.05,0.6441
U000824,O019951,17,0.036,0.05,0.6441
U000824,O019951,18,0.0541,0.05,0.6441
U000824,O019951,19,0.0571,0.05,0.6441
U000824,O019951,20,0.0511,0.05,0.6441
U000824,O039951,1,0.6306,0.6424,0.6424
U000824,O039951,2,0.3634,0.3212,0.6424
U000824,O039951,3,0.1832,0.2141,0.6424
U000824,O039951,4,0.1562,0.1606,0.6424
U000824,O039951,5,0.1291,0.1285,0.6424
U000824,O039951,6,0.1111,0.1071,0.6424
U000824,O039951,7,0.0901,0.0918,0.6424
U000824,O039951,8,0.045,0.0803,0.6424
U000824,O039951,9,0.0811,0.0714,0.6424
U000824,O039951,10,0.024,0.0642,0.6424
U000824,O039951,11,0.0721,0.0584,0.6424
U000824,O039951,12,0.0571,0.0535,0.6424
U000824,O039951,13,0.039,0.05,0.6424
U000824,O039951,14,0.033,0.05,0.6424
U000824,O039951,15,0.0541,0.05,0.6424
U000824,O039951,16,0.039,0.05,0.6424
U000824,O039951,17,0.042,0.05,0.6424
U000824,O039951,18,0.042,0.05,0.6424
U000824,O039951,19,0.0571,0.05,0.6424
U000824,O039951,20,0.042,0.05,0.6424
U000824,O027818,1,0.6306,0.6399,0.6399
U000824,O027818,2,0.3243,0.32,0.6399
U000824,O027818,3,0.2162,0.2133,0.6399
U000824,O027818,4,0.1502,0.16,0.6399
U000824,O027818,5,0.1111,0.128,0.6399
U000824,O027818,6,0.1141,0.1067,0.6399
U000824,O027818,7,0.0691,0.0914,0.6399
U000824,O027818,8,0.0901,0.08,0.6399
U000824,O027818,9,0.0631,0.0711,0.6399
U000824,O027818,10,0.036,0.064,0.6399
U000824,O027818,11,0.0601,0.0582,0.6399
U000824,O027818,12,0.042,0.0533,0.6399
U000824,O027818,13,0.027,0.05,0.6399
U000824,O027818,14,0.039,0.05,0.6399
U000824,O027818,15,0.0541,0.05,0.6399
U000824,O027818,16,0.033,0.05,0.6399
U000824,O027818,17,0.045,0.05,0.6399
U000824,O027818,18,0.0511,0.05,0.6399
U000824,O027818,19,0.048,0.05,0.6399
U000824,O027818,20,0.0541,0.05,0.6399
U000824,O037818,1,0.6547,0.6395,0.6395
U000824,O037818,2,0.3724,0.3198,0.6395
U000824,O037818,3,0.2102,0.2132,0.6395
U000824,O037818,4,0.1502,0.1599,0.6395
U000824,O037818,5,0.1622,0.1279,0.6395
U000824,O037818,6,0.0961,0.1066,0.6395
U000824,O037818,7,0.0961,0.0914,0.6395
U000824,O037818,8,0.0691,0.0799,0.6395
U000824,O037818,9,0.0661,0.0711,0.6395
U000824,O037818,10,0.0691,0.064,0.6395
U000824,O037818,11,0.0631,0.0581,0.6395
U000824,O037818,12,0.0571,0.0533,0.6395
U000824,O037818,13,0.033,0.05,0.6395
U000824,O037818,14,0.0571,0.05,0.6395
U000824,O037818,15,0.048,0.05,0.6395
U000824,O037818,16,0.042,0.05,0.6395
U000824,O037818,17,0.0661,0.05,0.6395
U000824,O037818,18,0.0661,0.05,0.6395
U000824,O037818,19,0.0661,0.05,0.6395
U000824,O037818,20,0.036,0.05,0.6395
U000824,O029951,1,0.5886,0.6394,0.6394
U000824,O029951,2,0.3634,0.3197,0.6394
U000824,O029951,3,0.2132,0.2131,0.6394
U000824,O029951,4,0.1471,0.1598,0.6394
U000824,O029951,5,0.1622,0.1279,0.6394
U000824,O029951,6,0.1021,0.1066,0.6394
U000824,O029951,7,0.0991,0.0913,0.6394
U000824,O029951,8,0.1111,0.0799,0.6394
U000824,O029951,9,0.0751,0.071,0.6394
U000824,O029951,10,0.0781,0.0639,0.6394
U000824,O029951,11,0.0541,0.0581,0.6394
U000824,O029951,12,0.042,0.0533,0.6394
U000824,O029951,13,0.045,0.05,0.6394
U000824,O029951,14,0.036,0.05,0.6394
U000824,O029951,15,0.0511,0.05,0.6394
U000824,O029951,16,0.033,0.05,0.6394
U000824,O029951,17,0.033,0.05,0.6394
U000824,O029951,18,0.0661,0.05,0.6394
U000824,O029951,19,0.045,0.05,0.6394
U000824,O029951,20,0.042,0.05,0.6394
U000824,O049951,1,0.6426,0.6394,0.6394
U000824,O049951,2,0.3333,0.3197,0.6394
U000824,O049951,3,0.2012,0.2131,0.6394
U000824,O049951,4,0.1532,0.1598,0.6394
U000824,O049951,5,0.1502,0.1279,0.6394
U000824,O049951,6,0.1021,0.1066,0.6394
U000824,O049951,7,0.1081,0.0913,0.6394
U000824,O049951,8,0.0901,0.0799,0.6394
U000824,O049951,9,0.0511,0.071,0.6394
U000824,O049951,10,0.0631,0.0639,0.6394
U000824,O049951,11,0.0571,0.0581,0.6394
U000824,O049951,12,0.0541,0.0533,0.6394
U000824,O049951,13,0.048,0.05,0.6394
U000824,O049951,14,0.0751,0.05,0.6394
U000824,O049951,15,0.048,0.05,0.6394
U000824,O049951,16,0.045,0.05,0.6394
U000824,O049951,17,0.039,0.05,0.6394
U000824,O049951,18,0.0511,0.05,0.6394
U000824,O049951,19,0.03,0.05,0.6394
U000824,O049951,20,0.039,0.05,0.6394
U000824,O017818,1,0.6246,0.6386,0.6386
U000824,O017818,2,0.2763,0.3193,0.6386
U000824,O017818,3,0.2222,0.2129,0.6386
U000824,O017818,4,0.1952,0.1596,0.6386
U000824,O017818,5,0.0781,0.1277,0.6386
U000824,O017818,6,0.0901,0.1064,0.6386
U000824,O017818,7,0.1021,0.0912,0.6386
U000824,O017818,8,0.0841,0.0798,0.6386
U000824,O017818,9,0.0631,0.071,0.6386
U000824,O017818,10,0.048,0.0639,0.6386
U000824,O017818,11,0.0631,0.0581,0.6386
U000824,O017818,12,0.0511,0.0532,0.6386
U000824,O017818,13,0.0571,0.05,0.6386
U000824,O017818,14,0.045,0.05,0.6386
U000824,O017818,15,0.036,0.05,0.6386
U000824,O017818,16,0.03,0.05,0.6386
U000824,O017818,17,0.045,0.05,0.6386
U000824,O017818,18,0.0751,0.05,0.6386
U000824,O017818,19,0.0541,0.05,0.6386
U000824,O017818,20,0.0511,0.05,0.6386
U000824,O034658,1,0.6607,0.6225,0.6225
U000824,O034658,2,0.3123,0.3112,0.6225
U000824,O034658,3,0.2462,0.2075,0.6225
U000824,O034658,4,0.1862,0.1556,0.6225
U000824,O034658,5,0.1712,0.1245,0.6225
U000824,O034658,6,0.0961,0.1037,0.6225
U000824,O034658,7,0.0781,0.0889,0.6225
U000824,O034658,8,0.0961,0.0778,0.6225
U000824,O034658,9,0.0721,0.0692,0.6225
U000824,O034658,10,0.0541,0.0622,0.6225
U000824,O034658,11,0.0541,0.0566,0.6225
U000824,O034658,12,0.048,0.0519,0.6225
U000824,O034658,13,0.036,0.05,0.6225
U000824,O034658,14,0.045,0.05,0.6225
U000824,O034658,15,0.042,0.05,0.6225
U000824,O034658,16,0.0571,0.05,0.6225
U000824,O034658,17,0.0571,0.05,0.6225
U000824,O034658,18,0.0661,0.05,0.6225
U000824,O034658,19,0.036,0.05,0.6225
U000824,O034658,20,0.033,0.05,0.6225
U000824,O004658,1,0.5976,0.6158,0.6158
U000824,O004658,2,0.3423,0.3079,0.6158
U000824,O004658,3,0.2072,0.2053,0.6158
U000824,O004658,4,0.1562,0.154,0.6158
U000824,O004658,5,0.1411,0.1232,0.6158
U000824,O004658,6,0.1051,0.1026,0.6158
U000824,O004658,7,0.0571,0.088,0.6158
U000824,O004658,8,0.0931,0.077,0.6158
U000824,O004658,9,0.0811,0.0684,0.6158
U000824,O004658,10,0.0541,0.0616,0.6158
U000824,O004658,11,0.0691,0.056,0.6158
U000824,O004658,12,0.039,0.0513,0.6158
U000824,O004658,13,0.039,0.05,0.6158
U000824,O004658,14,0.03,0.05,0.6158
U000824,O004658,15,0.036,0.05,0.6158
U000824,O004658,16,0.0751,0.05,0.6158
U000824,O004658,17,0.042,0.05,0.6158
U000824,O004658,18,0.039,0.05,0.6158
U000824,O004658,19,0.03,0.05,0.6158
U000824,O004658,20,0.039,0.05,0.6158
U000824,O014658,1,0.6366,0.6145,0.6145
U000824,O014658,2,0.3243,0.3073,0.6145
U000824,O014658,3,0.1832,0.2048,0.6145
U000824,O014658,4,0.1321,0.1536,0.6145
U000824,O014658,5,0.1081,0.1229,0.6145
U000824,O014658,6,0.1231,0.1024,0.6145
U000824,O014658,7,0.0811,0.0878,0.6145
U000824,O014658,8,0.0781,0.0768,0.6145
U000824,O014658,9,0.0961,0.0683,0.6145
U000824,O014658,10,0.0901,0.0615,0.6145
U000824,O014658,11,0.045,0.0559,0.6145
U000824,O014658,12,0.0511,0.0512,0.6145
U000824,O014658,13,0.039,0.05,0.6145
U000824,O014658,14,0.048,0.05,0.6145
U000824,O014658,15,0.0601,0.05,0.6145
U000824,O014658,16,0.0601,0.05,0.6145
U000824,O014658,17,0.042,0.05,0.6145
U000824,O014658,18,0.03,0.05,0.6145
U000824,O014658,19,0.042,0.05,0.6145
U000824,O014658,20,0.0541,0.05,0.6145
U000824,O044658,1,0.5706,0.5947,0.5947
U000824,O044658,2,0.3273,0.2973,0.5947
U000824,O044658,3,0.1832,0.1982,0.5947
U000824,O044658,4,0.1742,0.1487,0.5947
U000824,O044658,5,0.0781,0.1189,0.5947
U000824,O044658,6,0.0901,0.0991,0.5947
U000824,O044658,7,0.0931,0.085,0.5947
U000824,O044658,8,0.0871,0.0743,0.5947
U000824,O044658,9,0.0601,0.0661,0.5947
U000824,O044658,10,0.0541,0.0595,0.5947
U000824,O044658,11,0.0601,0.0541,0.5947
U000824,O044658,12,0.042,0.05,0.5947
U000824,O044658,13,0.039,0.05,0.5947
U000824,O044658,14,0.0571,0.05,0.5947
U000824,O044658,15,0.03,0.05,0.5947
U000824,O044658,16,0.048,0.05,0.5947
U000824,O044658,17,0.0541,0.05,0.5947
U000824,O044658,18,0.0781,0.05,0.5947
U000824,O044658,19,0.0691,0.05,0.5947
U000824,O044658,20,0.0511,0.05,0.5947
U000925,O001718,1,0.8048,0.8085,0.8085
U000925,O001718,2,0.3874,0.4043,0.8085
U000925,O001718,3,0.2583,0.2695,0.8085
U000925,O001718,4,0.1832,0.2021,0.8085
U000925,O001718,5,0.1381,0.1617,0.8085
U000925,O001718,6,0.1471,0.1348,0.8085
U000925,O001718,7,0.1321,0.1155,0.8085
U000925,O001718,8,0.1081,0.1011,0.8085
U000925,O001718,9,0.0751,0.0898,0.8085
U000925,O001718,10,0.0781,0.0809,0.8085
U000925,O001718,11,0.0961,0.0735,0.8085
U000925,O001718,12,0.0751,0.0674,0.8085
U000925,O001718,13,0.0511,0.0622,0.8085
U000925,O001718,14,0.0721,0.0578,0.8085
U000925,O001718,15,0.042,0.0539,0.8085
U000925,O001718,16,0.0691,0.0505,0.8085
U000925,O001718,17,0.036,0.05,0.8085
U000925,O001718,18,0.0541,0.05,0.8085
U000925,O001718,19,0.048,0.05,0.8085
U000925,O001718,20,0.0571,0.05,0.8085
U000925,O011718,1,0.7958,0.8006,0.8006
U000925,O011718,2,0.4174,0.4003,0.8006
U000925,O011718,3,0.2553,0.2669,0.8006
U000925,O011718,4,0.2072,0.2002,0.8006
U000925,O011718,5,0.1922,0.1601,0.8006
U000925,O011718,6,0.1502,0.1334,0.8006
U000925,O011718,7,0.0931,0.1144,0.8006
U000925,O011718,8,0.1291,0.1001,0.8006
U000925,O011718,9,0.0961,0.089,0.8006
U000925,O011718,10,0.0631,0.0801,0.8006
U000925,O011718,11,0.0871,0.0728,0.8006
U000925,O011718,12,0.0781,0.0667,0.8006
U000925,O011718,13,0.0601,0.0616,0.8006
U000925,O011718,14,0.0511,0.0572,0.8006
U000925,O011718,15,0.0811,0.0534,0.8006
U000925,O011718,16,0.045,0.05,0.8006
U000925,O011718,17,0.0631,0.05,0.8006
U000925,O011718,18,0.048,0.05,0.8006
U000925,O011718,19,0.0511,0.05,0.8006
U000925,O011718,20,0.042,0.05,0.8006
U000925,O021718,1,0.7898,0.8005,0.8005
U000925,O021718,2,0.4384,0.4002,0.8005
U000925,O021718,3,0.2432,0.2668,0.8005
U000925,O021718,4,0.2102,0.2001,0.8005
U000925,O021718,5,0.1652,0.1601,0.8005
U000925,O021718,6,0.1502,0.1334,0.8005
U000925,O021718,7,0.0931,0.1144,0.8005
U000925,O021718,8,0.1051,0.1001,0.8005
U000925,O021718,9,0.0931,0.0889,0.8005
U000925,O021718,10,0.0901,0.08,0.8005
U000925,O021718,11,0.0691,0.0728,0.8005
U000925,O021718,12,0.0691,0.0667,0.8005
U000925,O021718,13,0.0751,0.0616,0.8005
U000925,O021718,14,0.0541,0.0572,0.8005
U000925,O021718,15,0.0571,0.0534,0.8005
U000925,O021718,16,0.042,0.05,0.8005
U000925,O021718,17,0.0571,0.05,0.8005
U000925,O021718,18,0.033,0.05,0.8005
U000925,O021718,19,0.0571,0.05,0.8005
U000925,O021718,20,0.048,0.05,0.8005
U000925,O031718,1,0.7477,0.7783,0.7783
U000925,O031718,2,0.3784,0.3892,0.7783
U000925,O031718,3,0.2733,0.2594,0.7783
U000925,O031718,4,0.2012,0.1946,0.7783
U000925,O031718,5,0.1502,0.1557,0.7783
U000925,O031718,6,0.1021,0.1297,0.7783
U000925,O031718,7,0.1051,0.1112,0.7783
U000925,O031718,8,0.1171,0.0973,0.7783
U000925,O031718,9,0.0781,0.0865,0.7783
U000925,O031718,10,0.0661,0.0778,0.7783
U000925,O031718,11,0.0751,0.0708,0.7783
U000925,O031718,12,0.048,0.0649,0.7783
U000925,O031718,13,0.0541,0.0599,0.7783
U000925,O031718,14,0.0571,0.0556,0.7783
U000925,O031718,15,0.0631,0.0519,0.7783
U000925,O031718,16,0.045,0.05,0.7783
U000925,O031718,17,0.0541,0.05,0.7783
U000925,O031718,18,0.0571,0.05,0.7783
U000925,O031718,19,0.0541,0.05,0.7783
U000925,O031718,20,0.048,0.05,0.7783
U000925,O034658,1,0.6757,0.7109,0.7109
U000925,O034658,2,0.3694,0.3554,0.7109
U000925,O034658,3,0.2583,0.237,0.7109
U000925,O034658,4,0.1802,0.1777,0.7109
U000925,O034658,5,0.1351,0.1422,0.7109
U000925,O034658,6,0.1321,0.1185,0.7109
U000925,O034658,7,0.0781,0.1016,0.7109
U000925,O034658,8,0.0931,0.0889,0.7109
U000925,O034658,9,0.0721,0.079,0.7109
U000925,O034658,10,0.0571,0.0711,0.7109
U000925,O034658,11,0.0601,0.0646,0.7109
U000925,O034658,12,0.0691,0.0592,0.7109
U000925,O034658,13,0.0541,0.0547,0.7109
U000925,O034658,14,0.024,0.0508,0.7109
U000925,O034658,15,0.0631,0.05,0.7109
U000925,O034658,16,0.045,0.05,0.7109
U000925,O034658,17,0.0631,0.05,0.7109
U000925,O034658,18,0.045,0.05,0.7109
U000925,O034658,19,0.0661,0.05,0.7109
U000925,O034658,20,0.048,0.05,0.7109
U000925,O004658,1,0.6847,0.703,0.703
U000925,O004658,2,0.3904,0.3515,0.703
U000925,O004658,3,0.2012,0.2343,0.703
U000925,O004658,4,0.2162,0.1757,0.703
U000925,O004658,5,0.1321,0.1406,0.703
U000925,O004658,6,0.1021,0.1172,0.703
U000925,O004658,7,0.0721,0.1004,0.703
U000925,O004658,8,0.0781,0.0879,0.703
U000925,O004658,9,0.0901,0.0781,0.703
U000925,O004658,10,0.0721,0.0703,0.703
U000925,O004658,11,0.0841,0.0639,0.703
U000925,O004658,12,0.033,0.0586,0.703
U000925,O004658,13,0.0631,0.0541,0.703
U000925,O004658,14,0.042,0.0502,0.703
U000925,O004658,15,0.0511,0.05,0.703
U000925,O004658,16,0.0661,0.05,0.703
U000925,O004658,17,0.0751,0.05,0.703
U000925,O004658,18,0.0541,0.05,0.703
U000925,O004658,19,0.042,0.05,0.703
U000925,O004658,20,0.048,0.05,0.703
U000925,O014658,1,0.6727,0.7014,0.7014
U000925,O014658,2,0.3634,0.3507,0.7014
U000925,O014658,3,0.2643,0.2338,0.7014
U000925,O014658,4,0.1982,0.1754,0.7014
U000925,O014658,5,0.1261,0.1403,0.7014
U000925,O014658,6,0.1231,0.1169,0.7014
U000925,O014658,7,0.1381,0.1002,0.7014
U000925,O014658,8,0.0871,0.0877,0.7014
U000925,O014658,9,0.0781,0.0779,0.7014
U000925,O014658,10,0.1231,0.0701,0.7014
U000925,O014658,11,0.045,0.0638,0.7014
U000925,O014658,12,0.0781,0.0585,0.7014
U000925,O014658,13,0.045,0.054,0.7014
U000925,O014658,14,0.045,0.0501,0.7014
U000925,O014658,15,0.042,0.05,0.7014
U000925,O014658,16,0.0541,0.05,0.7014
U000925,O014658,17,0.0661,0.05,0.7014
U000925,O014658,18,0.033,0.05,0.7014
U000925,O014658,19,0.048,0.05,0.7014
U000925,O014658,20,0.0511,0.05,0.7014
U000925,O024658,1,0.6697,0.6925,0.6925
U000925,O024658,2,0.3483,0.3462,0.6925
U000925,O024658,3,0.2402,0.2308,0.6925
U000925,O024658,4,0.1952,0.1731,0.6925
U000925,O024658,5,0.1321,0.1385,0.6925
U000925,O024658,6,0.1321,0.1154,0.6925
U000925,O024658,7,0.1111,0.0989,0.6925
U000925,O024658,8,0.0871,0.0866,0.6925
U000925,O024658,9,0.0781,0.0769,0.6925
U000925,O024658,10,0.0541,0.0692,0.6925
U000925,O024658,11,0.045,0.063,0.6925
U000925,O024658,12,0.0631,0.0577,0.6925
U000925,O024658,13,0.0601,0.0533,0.6925
U000925,O024658,14,0.039,0.05,0.6925
U000925,O024658,15,0.0691,0.05,0.6925
U000925,O024658,16,0.0601,0.05,0.6925
U000925,O024658,17,0.045,0.05,0.6925
U000925,O024658,18,0.0511,0.05,0.6925
U000925,O024658,19,0.0631,0.05,0.6925
U000925,O024658,20,0.0571,0.05,0.6925
U000925,O007818,1,0.6186,0.6583,0.6583
U000925,O007818,2,0.3483,0.3291,0.6583
U000925,O007818,3,0.2583,0.2194,0.6583
U000925,O007818,4,0.1321,0.1646,0.6583
U000925,O007818,5,0.1081,0.1317,0.6583
U000925,O007818,6,0.0901,0.1097,0.6583
U000925,O007818,7,0.0841,0.094,0.6583
U000925,O007818,8,0.0841,0.0823,0.6583
U000925,O007818,9,0.0601,0.0731,0.6583
U000925,O007818,10,0.0571,0.0658,0.6583
U000925,O007818,11,0.0661,0.0598,0.6583
U000925,O007818,12,0.0691,0.0549,0.6583
U000925,O007818,13,0.0751,0.0506,0.6583
U000925,O007818,14,0.0571,0.05,0.6583
U000925,O007818,15,0.0541,0.05,0.6583
U000925,O007818,16,0.045,0.05,0.6583
U000925,O007818,17,0.036,0.05,0.6583
U000925,O007818,18,0.0541,0.05,0.6583
U000925,O007818,19,0.0541,0.05,0.6583
U000925,O007818,20,0.036,0.05,0.6583
U000925,O019951,1,0.6637,0.6573,0.6573
U000925,O019951,2,0.3333,0.3287,0.6573
U000925,O019951,3,0.2072,0.2191,0.6573
U000925,O019951,4,0.1832,0.1643,0.6573
U000925,O019951,5,0.1021,0.1315,0.6573
U000925,O019951,6,0.1141,0.1096,0.6573
U000925,O019951,7,0.0871,0.0939,0.6573
U000925,O019951,8,0.0841,0.0822,0.6573
U000925,O019951,9,0.0661,0.073,0.6573
U000925,O019951,10,0.0601,0.0657,0.6573
U000925,O019951,11,0.0691,0.0598,0.6573
U000925,O019951,12,0.0601,0.0548,0.6573
U000925,O019951,13,0.0601,0.0506,0.6573
U000925,O019951,14,0.0571,0.05,0.6573
U000925,O019951,15,0.0571,0.05,0.6573
U000925,O019951,16,0.0541,0.05,0.6573
U000925,O019951,17,0.039,0.05,0.6573
U000925,O019951,18,0.0541,0.05,0.6573
U000925,O019951,19,0.0691,0.05,0.6573
U000925,O019951,20,0.039,0.05,0.6573
U000925,O039951,1,0.6366,0.6553,0.6553
U000925,O039951,2,0.3153,0.3276,0.6553
U000925,O039951,3,0.2312,0.2184,0.6553
U000925,O039951,4,0.1261,0.1638,0.6553
U000925,O039951,5,0.1441,0.1311,0.6553
U000925,O039951,6,0.0961,0.1092,0.6553
U000925,O039951,7,0.0511,0.0936,0.6553
U000925,O039951,8,0.0841,0.0819,0.6553
U000925,O039951,9,0.03,0.0728,0.6553
U000925,O039951,10,0.0691,0.0655,0.6553
U000925,O039951,11,0.0571,0.0596,0.6553
U000925,O039951,12,0.0691,0.0546,0.6553
U000925,O039951,13,0.0781,0.0504,0.6553
U000925,O039951,14,0.042,0.05,0.6553
U000925,O039951,15,0.033,0.05,0.6553
U000925,O039951,16,0.0661,0.05,0.6553
U000925,O039951,17,0.045,0.05,0.6553
U000925,O039951,18,0.0571,0.05,0.6553
U000925,O039951,19,0.0601,0.05,0.6553
U000925,O039951,20,0.042,0.05,0.6553
U000925,O027818,1,0.7207,0.6523,0.6523
U000925,O027818,2,0.3243,0.3262,0.6523
U000925,O027818,3,0.2312,0.2174,0.6523
U000925,O027818,4,0.1952,0.1631,0.6523
U000925,O027818,5,0.1441,0.1305,0.6523
U000925,O027818,6,0.1111,0.1087,0.6523
U000925,O027818,7,0.0961,0.0932,0.6523
U000925,O027818,8,0.0511,0.0815,0.6523
U000925,O027818,9,0.0871,0.0725,0.6523
U000925,O027818,10,0.033,0.0652,0.6523
U000925,O027818,11,0.0661,0.0593,0.6523
U000925,O027818,12,0.0541,0.0544,0.6523
U000925,O027818,13,0.0541,0.0502,0.6523
U000925,O027818,14,0.0571,0.05,0.6523
U000925,O027818,15,0.0511,0.05,0.6523
U000925,O027818,16,0.0541,0.05,0.6523
U000925,O027818,17,0.033,0.05,0.6523
U000925,O027818,18,0.0511,0.05,0.6523
U000925,O027818,19,0.0511,0.05,0.6523
U000925,O027818,20,0.039,0.05,0.6523
U000925,O037818,1,0.6486,0.6519,0.6519
U000925,O037818,2,0.2883,0.3259,0.6519
U000925,O037818,3,0.1892,0.2173,0.6519
U000925,O037818,4,0.1892,0.163,0.6519
U000925,O037818,5,0.1532,0.1304,0.6519
U000925,O037818,6,0.1261,0.1086,0.6519
U000925,O037818,7,0.0991,0.0931,0.6519
U000925,O037818,8,0.0931,0.0815,0.6519
U000925,O037818,9,0.0571,0.0724,0.6519
U000925,O037818,10,0.0721,0.0652,0.6519
U000925,O037818,11,0.0601,0.0593,0.6519
U000925,O037818,12,0.0601,0.0543,0.6519
U000925,O037818,13,0.036,0.0501,0.6519
U000925,O037818,14,0.0601,0.05,0.6519
U000925,O037818,15,0.048,0.05,0.6519
U000925,O037818,16,0.048,0.05,0.6519
U000925,O037818,17,0.0691,0.05,0.6519
U000925,O037818,18,0.0631,0.05,0.6519
U000925,O037818,19,0.0571,0.05,0.6519
U000925,O037818,20,0.0541,0.05,0.6519
U000925,O049951,1,0.6517,0.6517,0.6517
U000925,O049951,2,0.3844,0.3258,0.6517
U000925,O049951,3,0.2072,0.2172,0.6517
U000925,O049951,4,0.1592,0.1629,0.6517
U000925,O049951,5,0.1712,0.1303,0.6517
U000925,O049951,6,0.1441,0.1086,0.6517
U000925,O049951,7,0.0931,0.0931,0.6517
U000925,O049951,8,0.0871,0.0815,0.6517
U000925,O049951,9,0.0601,0.0724,0.6517
U000925,O049951,10,0.0691,0.0652,0.6517
U000925,O049951,11,0.048,0.0592,0.6517
U000925,O049951,12,0.0601,0.0543,0.6517
U000925,O049951,13,0.027,0.0501,0.6517
U000925,O049951,14,0.0541,0.05,0.6517
U000925,O049951,15,0.036,0.05,0.6517
U000925,O049951,16,0.045,0.05,0.6517
U000925,O049951,17,0.03,0.05,0.6517
U000925,O049951,18,0.0571,0.05,0.6517
U000925,O049951,19,0.045,0.05,0.6517
U000925,O049951,20,0.036,0.05,0.6517
U000925,O009951,1,0.6336,0.6517,0.6517
U000925,O009951,2,0.3063,0.3258,0.6517
U000925,O009951,3,0.2252,0.2172,0.6517
U000925,O009951,4,0.1712,0.1629,0.6517
U000925,O009951,5,0.1772,0.1303,0.6517
U000925,O009951,6,0.0871,0.1086,0.6517
U000925,O009951,7,0.0991,0.0931,0.6517
U000925,O009951,8,0.0721,0.0815,0.6517
U000925,O009951,9,0.0781,0.0724,0.6517
U000925,O009951,10,0.0751,0.0652,0.6517
U000925,O009951,11,0.0631,0.0592,0.6517
U000925,O009951,12,0.045,0.0543,0.6517
U000925,O009951,13,0.033,0.0501,0.6517
U000925,O009951,14,0.0571,0.05,0.6517
U000925,O009951,15,0.0571,0.05,0.6517
U000925,O009951,16,0.0511,0.05,0.6517
U000925,O009951,17,0.039,0.05,0.6517
U000925,O009951,18,0.0691,0.05,0.6517
U000925,O009951,19,0.0631,0.05,0.6517
U000925,O009951,20,0.039,0.05,0.6517
U000925,O017818,1,0.6877,0.6507,0.6507
U000925,O017818,2,0.3123,0.3253,0.6507
U000925,O017818,3,0.2613,0.2169,0.6507
U000925,O017818,4,0.1351,0.1627,0.6507
U000925,O017818,5,0.1411,0.1301,0.6507
U000925,O017818,6,0.1111,0.1084,0.6507
U000925,O017818,7,0.0601,0.093,0.6507
U000925,O017818,8,0.0841,0.0813,0.6507
U000925,O017818,9,0.0871,0.0723,0.6507
U000925,O017818,10,0.0541,0.0651,0.6507
U000925,O017818,11,0.0571,0.0592,0.6507
U000925,O017818,12,0.0931,0.0542,0.6507
U000925,O017818,13,0.0781,0.0501,0.6507
U000925,O017818,14,0.048,0.05,0.6507
U000925,O017818,15,0.048,0.05,0.6507
U000925,O017818,16,0.0511,0.05,0.6507
U000925,O017818,17,0.0541,0.05,0.6507
U000925,O017818,18,0.0631,0.05,0.6507
U000925,O017818,19,0.0511,0.05,0.6507
U000925,O017818,20,0.0661,0.05,0.6507
U000925,O012524,1,0.6276,0.6,0.6
U000925,O012524,2,0.2282,0.3,0.6
U000925,O012524,3,0.2072,0.2,0.6
U000925,O012524,4,0.1411,0.15,0.6
U000925,O012524,5,0.1562,0.12,0.6
U000925,O012524,6,0.0901,0.1,0.6
U000925,O012524,7,0.0841,0.0857,0.6
U000925,O012524,8,0.0871,0.075,0.6
U000925,O012524,9,0.0751,0.0667,0.6
U000925,O012524,10,0.039,0.06,0.6
U000925,O012524,11,0.0781,0.0545,0.6
U000925,O012524,12,0.03,0.05,0.6
U000925,O012524,13,0.048,0.05,0.6
U000925,O012524,14,0.0541,0.05,0.6
U000925,O012524,15,0.042,0.05,0.6
U000925,O012524,16,0.039,0.05,0.6
U000925,O012524,17,0.039,0.05,0.6
U000925,O012524,18,0.042,0.05,0.6
U000925,O012524,19,0.039,0.05,0.6
U000925,O012524,20,0.045,0.05,0.6
U000925,O002524,1,0.5616,0.6,0.6
U000925,O002524,2,0.3153,0.3,0.6
U000925,O002524,3,0.2012,0.2,0.6
U000925,O002524,4,0.1171,0.15,0.6
U000925,O002524,5,0.1111,0.12,0.6
U000925,O002524,6,0.0901,0.1,0.6
U000925,O002524,7,0.0871,0.0857,0.6
U000925,O002524,8,0.0601,0.075,0.6
U000925,O002524,9,0.0571,0.0667,0.6
U000925,O002524,10,0.0571,0.06,0.6
U000925,O002524,11,0.0631,0.0545,0.6
U000925,O002524,12,0.0511,0.05,0.6
U000925,O002524,13,0.048,0.05,0.6
U000925,O002524,14,0.0601,0.05,0.6
U000925,O002524,15,0.0571,0.05,0.6
U000925,O002524,16,0.0601,0.05,0.6
U000925,O002524,17,0.0721,0.05,0.6
U000925,O002524,18,0.0691,0.05,0.6
U000925,O002524,19,0.048,0.05,0.6
U000925,O002524,20,0.0511,0.05,0.6
U000925,O022524,1,0.6306,0.6,0.6
U000925,O022524,2,0.2432,0.3,0.6
U000925,O022524,3,0.1832,0.2,0.6
U000925,O022524,4,0.1682,0.15,0.6
U000925,O022524,5,0.1111,0.12,0.6
U000925,O022524,6,0.0931,0.1,0.6
U000925,O022524,7,0.0601,0.0857,0.6
U000925,O022524,8,0.0811,0.075,0.6
U000925,O022524,9,0.0871,0.0667,0.6
U000925,O022524,10,0.0541,0.06,0.6
U000925,O022524,11,0.048,0.0545,0.6
U000925,O022524,12,0.0541,0.05,0.6
U000925,O022524,13,0.0601,0.05,0.6
U000925,O022524,14,0.036,0.05,0.6
U000925,O022524,15,0.0541,0.05,0.6
U000925,O022524,16,0.0601,0.05,0.6
U000925,O022524,17,0.036,0.05,0.6
U000925,O022524,18,0.048,0.05,0.6
U000925,O022524,19,0.0601,0.05,0.6
U000925,O022524,20,0.042,0.05,0.6
U000925,O042524,1,0.5856,0.6,0.6
U000925,O042524,2,0.3003,0.3,0.6
U000925,O042524,3,0.1832,0.2,0.6
U000925,O042524,4,0.1321,0.15,0.6
U000925,O042524,5,0.1261,0.12,0.6
U000925,O042524,6,0.0841,0.1,0.6
U000925,O042524,7,0.0841,0.0857,0.6
U000925,O042524,8,0.0781,0.075,0.6
U000925,O042524,9,0.0631,0.0667,0.6
U000925,O042524,10,0.0721,0.06,0.6
U000925,O042524,11,0.0601,0.0545,0.6
U000925,O042524,12,0.042,0.05,0.6
U000925,O042524,13,0.033,0.05,0.6
U000925,O042524,14,0.0511,0.05,0.6
U000925,O042524,15,0.0571,0.05,0.6
U000925,O042524,16,0.0541,0.05,0.6
U000925,O042524,17,0.036,0.05,0.6
U000925,O042524,18,0.039,0.05,0.6
U000925,O042524,19,0.0511,0.05,0.6
U000925,O042524,20,0.0511,0.05,0.6
U000120,O022524,1,0.7838,0.7816,0.7816
U000120,O022524,2,0.4024,0.3908,0.7816
U000120,O022524,3,0.2192,0.2605,0.7816
U000120,O022524,4,0.2012,0.1954,0.7816
U000120,O022524,5,0.1742,0.1563,0.7816
U000120,O022524,6,0.1622,0.1303,0.7816
U000120,O022524,7,0.1141,0.1117,0.7816
U000120,O022524,8,0.1201,0.0977,0.7816
U000120,O022524,9,0.0931,0.0868,0.7816
U000120,O022524,10,0.0811,0.0782,0.7816
U000120,O022524,11,0.0571,0.0711,0.7816
U000120,O022524,12,0.0601,0.0651,0.7816
U000120,O022524,13,0.0511,0.0601,0.7816
U000120,O022524,14,0.039,0.0558,0.7816
U000120,O022524,15,0.045,0.0521,0.7816
U000120,O022524,16,0.0511,0.05,0.7816
U000120,O022524,17,0.045,0.05,0.7816
U000120,O022524,18,0.039,0.05,0.7816
U000120,O022524,19,0.039,0.05,0.7816
U000120,O022524,20,0.033,0.05,0.7816
U000120,O042524,1,0.6727,0.691,0.691
U000120,O042524,2,0.3423,0.3455,0.691
U000120,O042524,3,0.2162,0.2303,0.691
U000120,O042524,4,0.1622,0.1727,0.691
U000120,O042524,5,0.1502,0.1382,0.691
U000120,O042524,6,0.1021,0.1152,0.691
U000120,O042524,7,0.1021,0.0987,0.691
U000120,O042524,8,0.0781,0.0864,0.691
U000120,O042524,9,0.0721,0.0768,0.691
U000120,O042524,10,0.0661,0.0691,0.691
U000120,O042524,11,0.0601,0.0628,0.691
U000120,O042524,12,0.0571,0.0576,0.691
U000120,O042524,13,0.045,0.0532,0.691
U000120,O042524,14,0.039,0.05,0.691
U000120,O042524,15,0.033,0.05,0.691
U000120,O042524,16,0.042,0.05,0.691
U000120,O042524,17,0.048,0.05,0.691
U000120,O042524,18,0.048,0.05,0.691
U000120,O042524,19,0.0511,0.05,0.691
U000120,O042524,20,0.042,0.05,0.691
U000120,O032524,1,0.6937,0.6906,0.6906
U000120,O032524,2,0.3273,0.3453,0.6906
U000120,O032524,3,0.2432,0.2302,0.6906
U000120,O032524,4,0.1291,0.1727,0.6906
U000120,O032524,5,0.1742,0.1381,0.6906
U000120,O032524,6,0.0841,0.1151,0.6906
U000120,O032524,7,0.1051,0.0987,0.6906
U000120,O032524,8,0.0991,0.0863,0.6906
U000120,O032524,9,0.0751,0.0767,0.6906
U000120,O032524,10,0.0841,0.0691,0.6906
U000120,O032524,11,0.0511,0.0628,0.6906
U000120,O032524,12,0.0721,0.0576,0.6906
U000120,O032524,13,0.042,0.0531,0.6906
U000120,O032524,14,0.045,0.05,0.6906
U000120,O032524,15,0.048,0.05,0.6906
U000120,O032524,16,0.0541,0.05,0.6906
U000120,O032524,17,0.0511,0.05,0.6906
U000120,O032524,18,0.0691,0.05,0.6906
U000120,O032524,19,0.0511,0.05,0.6906
U000120,O032524,20,0.0601,0.05,0.6906
U000120,O002524,1,0.6847,0.6868,0.6868
U000120,O002524,2,0.3754,0.3434,0.6868
U000120,O002524,3,0.2012,0.2289,0.6868
U000120,O002524,4,0.1952,0.1717,0.6868
U000120,O002524,5,0.1231,0.1374,0.6868
U000120,O002524,6,0.1291,0.1145,0.6868
U000120,O002524,7,0.1201,0.0981,0.6868
U000120,O002524,8,0.1081,0.0859,0.6868
U000120,O002524,9,0.0811,0.0763,0.6868
U000120,O002524,10,0.0541,0.0687,0.6868
U000120,O002524,11,0.0541,0.0624,0.6868
U000120,O002524,12,0.042,0.0572,0.6868
U000120,O002524,13,0.033,0.0528,0.6868
U000120,O002524,14,0.045,0.05,0.6868
U000120,O002524,15,0.042,0.05,0.6868
U000120,O002524,16,0.033,0.05,0.6868
U000120,O002524,17,0.0631,0.05,0.6868
U000120,O002524,18,0.0511,0.05,0.6868
U000120,O002524,19,0.042,0.05,0.6868
U000120,O002524,20,0.0661,0.05,0.6868
U000120,O041718,1,0.6246,0.6204,0.6204
U000120,O041718,2,0.2733,0.3102,0.6204
U000120,O041718,3,0.1802,0.2068,0.6204
U000120,O041718,4,0.1712,0.1551,0.6204
U000120,O041718,5,0.1111,0.1241,0.6204
U000120,O041718,6,0.1111,0.1034,0.6204
U000120,O041718,7,0.0931,0.0886,0.6204
U000120,O041718,8,0.0901,0.0775,0.6204
U000120,O041718,9,0.0811,0.0689,0.6204
U000120,O041718,10,0.0541,0.062,0.6204
U000120,O041718,11,0.042,0.0564,0.6204
U000120,O041718,12,0.0631,0.0517,0.6204
U000120,O041718,13,0.0811,0.05,0.6204
U000120,O041718,14,0.0541,0.05,0.6204
U000120,O041718,15,0.048,0.05,0.6204
U000120,O041718,16,0.048,0.05,0.6204
U000120,O041718,17,0.0541,0.05,0.6204
U000120,O041718,18,0.0661,0.05,0.6204
U000120,O041718,19,0.0511,0.05,0.6204
U000120,O041718,20,0.045,0.05,0.6204
U000120,O021718,1,0.4985,0.5193,0.5193
U000120,O021718,2,0.2553,0.2596,0.5193
U000120,O021718,3,0.2102,0.1731,0.5193
U000120,O021718,4,0.1381,0.1298,0.5193
U000120,O021718,5,0.1231,0.1039,0.5193
U000120,O021718,6,0.0661,0.0865,0.5193
U000120,O021718,7,0.0541,0.0742,0.5193
U000120,O021718,8,0.042,0.0649,0.5193
U000120,O021718,9,0.0541,0.0577,0.5193
U000120,O021718,10,0.0601,0.0519,0.5193
U000120,O021718,11,0.048,0.05,0.5193
U000120,O021718,12,0.039,0.05,0.5193
U000120,O021718,13,0.0511,0.05,0.5193
U000120,O021718,14,0.0541,0.05,0.5193
U000120,O021718,15,0.045,0.05,0.5193
U000120,O021718,16,0.039,0.05,0.5193
U000120,O021718,17,0.027,0.05,0.5193
U000120,O021718,18,0.042,0.05,0.5193
U000120,O021718,19,0.045,0.05,0.5193
U000120,O021718,20,0.039,0.05,0.5193
U000120,O001718,1,0.5375,0.5172,0.5172
U000120,O001718,2,0.2793,0.2586,0.5172
U000120,O001718,3,0.2072,0.1724,0.5172
U000120,O001718,4,0.0931,0.1293,0.5172
U000120,O001718,5,0.0811,0.1034,0.5172
U000120,O001718,6,0.0961,0.0862,0.5172
U000120,O001718,7,0.1081,0.0739,0.5172
U000120,O001718,8,0.0781,0.0646,0.5172
U000120,O001718,9,0.0751,0.0575,0.5172
U000120,O001718,10,0.0511,0.0517,0.5172
U000120,O001718,11,0.039,0.05,0.5172
U000120,O001718,12,0.0511,0.05,0.5172
U000120,O001718,13,0.0541,0.05,0.5172
U000120,O001718,14,0.0541,0.05,0.5172
U000120,O001718,15,0.0541,0.05,0.5172
U000120,O001718,16,0.045,0.05,0.5172
U000120,O001718,17,0.0571,0.05,0.5172
U000120,O001718,18,0.045,0.05,0.5172
U000120,O001718,19,0.0541,0.05,0.5172
U000120,O001718,20,0.0541,0.05,0.5172
U000120,O011718,1,0.5495,0.5156,0.5156
U000120,O011718,2,0.2192,0.2578,0.5156
U000120,O011718,3,0.1802,0.1719,0.5156
U000120,O011718,4,0.1351,0.1289,0.5156
U000120,O011718,5,0.1081,0.1031,0.5156
U000120,O011718,6,0.0541,0.0859,0.5156
U000120,O011718,7,0.0691,0.0737,0.5156
U000120,O011718,8,0.0511,0.0645,0.5156
U000120,O011718,9,0.0541,0.0573,0.5156
U000120,O011718,10,0.048,0.0516,0.5156
U000120,O011718,11,0.0691,0.05,0.5156
U000120,O011718,12,0.0631,0.05,0.5156
U000120,O011718,13,0.0631,0.05,0.5156
U000120,O011718,14,0.0601,0.05,0.5156
U000120,O011718,15,0.0661,0.05,0.5156
U000120,O011718,16,0.0511,0.05,0.5156
U000120,O011718,17,0.045,0.05,0.5156
U000120,O011718,18,0.036,0.05,0.5156
U000120,O011718,19,0.048,0.05,0.5156
U000120,O011718,20,0.0511,0.05,0.5156
U000120,O034658,1,0.5135,0.4994,0.4994
U000120,O034658,2,0.2913,0.2497,0.4994
U000120,O034658,3,0.1802,0.1665,0.4994
U000120,O034658,4,0.1321,0.1249,0.4994
U000120,O034658,5,0.1081,0.0999,0.4994
U000120,O034658,6,0.0841,0.0832,0.4994
U000120,O034658,7,0.0721,0.0713,0.4994
U000120,O034658,8,0.03,0.0624,0.4994
U000120,O034658,9,0.0631,0.0555,0.4994
U000120,O034658,10,0.045,0.05,0.4994
U000120,O034658,11,0.0511,0.05,0.4994
U000120,O034658,12,0.0601,0.05,0.4994
U000120,O034658,13,0.0631,0.05,0.4994
U000120,O034658,14,0.0511,0.05,0.4994
U000120,O034658,15,0.0541,0.05,0.4994
U000120,O034658,16,0.048,0.05,0.4994
U000120,O034658,17,0.042,0.05,0.4994
U000120,O034658,18,0.0511,0.05,0.4994
U000120,O034658,19,0.0511,0.05,0.4994
U000120,O034658,20,0.03,0.05,0.4994
U000120,O004658,1,0.4865,0.4979,0.4979
U000120,O004658,2,0.2703,0.249,0.4979
U000120,O004658,3,0.1922,0.166,0.4979
U000120,O004658,4,0.1261,0.1245,0.4979
U000120,O004658,5,0.1321,0.0996,0.4979
U000120,O004658,6,0.0661,0.083,0.4979
U000120,O004658,7,0.0781,0.0711,0.4979
U000120,O004658,8,0.0541,0.0622,0.4979
U000120,O004658,9,0.045,0.0553,0.4979
U000120,O004658,10,0.0661,0.05,0.4979
U000120,O004658,11,0.0541,0.05,0.4979
U000120,O004658,12,0.045,0.05,0.4979
U000120,O004658,13,0.0511,0.05,0.4979
U000120,O004658,14,0.0511,0.05,0.4979
U000120,O004658,15,0.042,0.05,0.4979
U000120,O004658,16,0.0511,0.05,0.4979
U000120,O004658,17,0.039,0.05,0.4979
U000120,O004658,18,0.045,0.05,0.4979
U000120,O004658,19,0.0601,0.05,0.4979
U000120,O004658,20,0.039,0.05,0.4979
U000120,O014658,1,0.5195,0.4976,0.4976
U000120,O014658,2,0.2162,0.2488,0.4976
U000120,O014658,3,0.1802,0.1659,0.4976
U000120,O014658,4,0.1231,0.1244,0.4976
U000120,O014658,5,0.0931,0.0995,0.4976
U000120,O014658,6,0.0931,0.0829,0.4976
U000120,O014658,7,0.0721,0.0711,0.4976
U000120,O014658,8,0.0511,0.0622,0.4976
U000120,O014658,9,0.0511,0.0553,0.4976
U000120,O014658,10,0.036,0.05,0.4976
U000120,O014658,11,0.045,0.05,0.4976
U000120,O014658,12,0.0631,0.05,0.4976
U000120,O014658,13,0.024,0.05,0.4976
U000120,O014658,14,0.033,0.05,0.4976
U000120,O014658,15,0.048,0.05,0.4976
U000120,O014658,16,0.0781,0.05,0.4976
U000120,O014658,17,0.048,0.05,0.4976
U000120,O014658,18,0.0601,0.05,0.4976
U000120,O014658,19,0.039,0.05,0.4976
U000120,O014658,20,0.039,0.05,0.4976
U000120,O024658,1,0.5225,0.4959,0.4959
U000120,O024658,2,0.2012,0.248,0.4959
U000120,O024658,3,0.1622,0.1653,0.4959
U000120,O024658,4,0.1441,0.124,0.4959
U000120,O024658,5,0.0931,0.0992,0.4959
U000120,O024658,6,0.0841,0.0827,0.4959
U000120,O024658,7,0.1111,0.0708,0.4959
U000120,O024658,8,0.0961,0.062,0.4959
U000120,O024658,9,0.048,0.0551,0.4959
U000120,O024658,10,0.0541,0.05,0.4959
U000120,O024658,11,0.045,0.05,0.4959
U000120,O024658,12,0.045,0.05,0.4959
U000120,O024658,13,0.0691,0.05,0.4959
U000120,O024658,14,0.039,0.05,0.4959
U000120,O024658,15,0.0511,0.05,0.4959
U000120,O024658,16,0.0601,0.05,0.4959
U000120,O024658,17,0.036,0.05,0.4959
U000120,O024658,18,0.0601,0.05,0.4959
U000120,O024658,19,0.0541,0.05,0.4959
U000120,O024658,20,0.036,0.05,0.4959
U000120,O007818,1,0.4775,0.4894,0.4894
U000120,O007818,2,0.2042,0.2447,0.4894
U000120,O007818,3,0.1892,0.1631,0.4894
U000120,O007818,4,0.0991,0.1223,0.4894
U000120,O007818,5,0.0871,0.0979,0.4894
U000120,O007818,6,0.0691,0.0816,0.4894
U000120,O007818,7,0.0571,0.0699,0.4894
U000120,O007818,8,0.039,0.0612,0.4894
U000120,O007818,9,0.0871,0.0544,0.4894
U000120,O007818,10,0.03,0.05,0.4894
U000120,O007818,11,0.0661,0.05,0.4894
U000120,O007818,12,0.048,0.05,0.4894
U000120,O007818,13,0.042,0.05,0.4894
U000120,O007818,14,0.0691,0.05,0.4894
U000120,O007818,15,0.027,0.05,0.4894
U000120,O007818,16,0.048,0.05,0.4894
U000120,O007818,17,0.0511,0.05,0.4894
U000120,O007818,18,0.045,0.05,0.4894
U000120,O007818,19,0.0661,0.05,0.4894
U000120,O007818,20,0.0541,0.05,0.4894
U000120,O027818,1,0.5105,0.4882,0.4882
U000120,O027818,2,0.2312,0.2441,0.4882
U000120,O027818,3,0.1772,0.1627,0.4882
U000120,O027818,4,0.1081,0.1221,0.4882
U000120,O027818,5,0.0721,0.0976,0.4882
U000120,O027818,6,0.0751,0.0814,0.4882
U000120,O027818,7,0.0751,0.0697,0.4882
U000120,O027818,8,0.0571,0.061,0.4882
U000120,O027818,9,0.0751,0.0542,0.4882
U000120,O027818,10,0.048,0.05,0.4882
U000120,O027818,11,0.036,0.05,0.4882
U000120,O027818,12,0.0571,0.05,0.4882
U000120,O027818,13,0.036,0.05,0.4882
U000120,O027818,14,0.03,0.05,0.4882
U000120,O027818,15,0.0511,0.05,0.4882
U000120,O027818,16,0.036,0.05,0.4882
U000120,O027818,17,0.0601,0.05,0.4882
U000120,O027818,18,0.0631,0.05,0.4882
U000120,O027818,19,0.045,0.05,0.4882
U000120,O027818,20,0.045,0.05,0.4882
U000120,O037818,1,0.4715,0.4881,0.4881
U000120,O037818,2,0.2222,0.2441,0.4881
U000120,O037818,3,0.1471,0.1627,0.4881
U000120,O037818,4,0.0871,0.122,0.4881
U000120,O037818,5,0.0931,0.0976,0.4881
U000120,O037818,6,0.0691,0.0814,0.4881
U000120,O037818,7,0.0541,0.0697,0.4881
U000120,O037818,8,0.0751,0.061,0.4881
U000120,O037818,9,0.036,0.0542,0.4881
U000120,O037818,10,0.0691,0.05,0.4881
U000120,O037818,11,0.045,0.05,0.4881
U000120,O037818,12,0.048,0.05,0.4881
U000120,O037818,13,0.036,0.05,0.4881
U000120,O037818,14,0.0541,0.05,0.4881
U000120,O037818,15,0.0631,0.05,0.4881
U000120,O037818,16,0.045,0.05,0.4881
U000120,O037818,17,0.039,0.05,0.4881
U000120,O037818,18,0.0541,0.05,0.4881
U000120,O037818,19,0.027,0.05,0.4881
U000120,O037818,20,0.0661,0.05,0.4881
U000120,O017818,1,0.4745,0.4879,0.4879
U000120,O017818,2,0.2523,0.244,0.4879
U000120,O017818,3,0.1471,0.1626,0.4879
U000120,O017818,4,0.1562,0.122,0.4879
U000120,O017818,5,0.0991,0.0976,0.4879
U000120,O017818,6,0.1051,0.0813,0.4879
U000120,O017818,7,0.0631,0.0697,0.4879
U000120,O017818,8,0.0961,0.061,0.4879
U000120,O017818,9,0.0571,0.0542,0.4879
U000120,O017818,10,0.039,0.05,0.4879
U000120,O017818,11,0.048,0.05,0.4879
U000120,O017818,12,0.027,0.05,0.4879
U000120,O017818,13,0.033,0.05,0.4879
U000120,O017818,14,0.0631,0.05,0.4879
U000120,O017818,15,0.0541,0.05,0.4879
U000120,O017818,16,0.03,0.05,0.4879
U000120,O017818,17,0.0811,0.05,0.4879
U000120,O017818,18,0.0511,0.05,0.4879
U000120,O017818,19,0.03,0.05,0.4879
U000120,O017818,20,0.0571,0.05,0.4879
U000120,O019951,1,0.3964,0.4559,0.4559
U000120,O019951,2,0.2132,0.2279,0.4559
U000120,O019951,3,0.1622,0.152,0.4559
U000120,O019951,4,0.1051,0.114,0.4559
U000120,O019951,5,0.1201,0.0912,0.4559
U000120,O019951,6,0.0811,0.076,0.4559
U000120,O019951,7,0.0691,0.0651,0.4559
U000120,O019951,8,0.036,0.057,0.4559
U000120,O019951,9,0.045,0.0507,0.4559
U000120,O019951,10,0.042,0.05,0.4559
U000120,O019951,11,0.0571,0.05,0.4559
U000120,O019951,12,0.0661,0.05,0.4559
U000120,O019951,13,0.0541,0.05,0.4559
U000120,O019951,14,0.048,0.05,0.4559
U000120,O019951,15,0.0541,0.05,0.4559
U000120,O019951,16,0.048,0.05,0.4559
U000120,O019951,17,0.036,0.05,0.4559
U000120,O019951,18,0.0571,0.05,0.4559
U000120,O019951,19,0.048,0.05,0.4559
U000120,O019951,20,0.0541,0.05,0.4559
U000120,O039951,1,0.4625,0.4555,0.4555
U000120,O039951,2,0.1892,0.2277,0.4555
U000120,O039951,3,0.1562,0.1518,0.4555
U000120,O039951,4,0.1051,0.1139,0.4555
U000120,O039951,5,0.0931,0.0911,0.4555
U000120,O039951,6,0.0631,0.0759,0.4555
U000120,O039951,7,0.0571,0.0651,0.4555
U000120,O039951,8,0.0661,0.0569,0.4555
U000120,O039951,9,0.0511,0.0506,0.4555
U000120,O039951,10,0.042,0.05,0.4555
U000120,O039951,11,0.0721,0.05,0.4555
U000120,O039951,12,0.045,0.05,0.4555
U000120,O039951,13,0.03,0.05,0.4555
U000120,O039951,14,0.045,0.05,0.4555
U000120,O039951,15,0.045,0.05,0.4555
U000120,O039951,16,0.0511,0.05,0.4555
U000120,O039951,17,0.0541,0.05,0.4555
U000120,O039951,18,0.0511,0.05,0.4555
U000120,O039951,19,0.039,0.05,0.4555
U000120,O039951,20,0.0541,0.05,0.4555
U000120,O029951,1,0.4384,0.4548,0.4548
U000120,O029951,2,0.2102,0.2274,0.4548
U000120,O029951,3,0.1652,0.1516,0.4548
U000120,O029951,4,0.1171,0.1137,0.4548
U000120,O029951,5,0.1111,0.091,0.4548
U000120,O029951,6,0.0781,0.0758,0.4548
U000120,O029951,7,0.0751,0.065,0.4548
U000120,O029951,8,0.0541,0.0568,0.4548
U000120,O029951,9,0.039,0.0505,0.4548
U000120,O029951,10,0.036,0.05,0.4548
U000120,O029951,11,0.0571,0.05,0.4548
U000120,O029951,12,0.0601,0.05,0.4548
U000120,O029951,13,0.045,0.05,0.4548
U000120,O029951,14,0.0541,0.05,0.4548
U000120,O029951,15,0.033,0.05,0.4548
U000120,O029951,16,0.0571,0.05,0.4548
U000120,O029951,17,0.042,0.05,0.4548
U000120,O029951,18,0.0721,0.05,0.4548
U000120,O029951,19,0.0571,0.05,0.4548
U000120,O029951,20,0.048,0.05,0.4548
U000120,O009951,1,0.4745,0.4548,0.4548
U000120,O009951,2,0.2312,0.2274,0.4548
U000120,O009951,3,0.1922,0.1516,0.4548
U000120,O009951,4,0.1231,0.1137,0.4548
U000120,O009951,5,0.0841,0.091,0.4548
U000120,O009951,6,0.0811,0.0758,0.4548
U000120,O009951,7,0.0811,0.065,0.4548
U000120,O009951,8,0.0691,0.0568,0.4548
U000120,O009951,9,0.045,0.0505,0.4548
U000120,O009951,10,0.048,0.05,0.4548
U000120,O009951,11,0.048,0.05,0.4548
U000120,O009951,12,0.045,0.05,0.4548
U000120,O009951,13,0.042,0.05,0.4548
U000120,O009951,14,0.0511,0.05,0.4548
U000120,O009951,15,0.042,0.05,0.4548
U000120,O009951,16,0.0511,0.05,0.4548
U000120,O009951,17,0.0511,0.05,0.4548
U000120,O009951,18,0.036,0.05,0.4548
U000120,O009951,19,0.036,0.05,0.4548
U000120,O009951,20,0.048,0.05,0.4548
U000687,O017818,1,0.6787,0.703,0.703
U000687,O017818,2,0.3303,0.3515,0.703
U000687,O017818,3,0.2643,0.2343,0.703
U000687,O017818,4,0.1922,0.1757,0.703
U000687,O017818,5,0.1562,0.1406,0.703
U000687,O017818,6,0.1291,0.1172,0.703
U000687,O017818,7,0.1021,0.1004,0.703
U000687,O017818,8,0.0901,0.0879,0.703
U000687,O017818,9,0.0871,0.0781,0.703
U000687,O017818,10,0.0721,0.0703,0.703
U000687,O017818,11,0.042,0.0639,0.703
U000687,O017818,12,0.0511,0.0586,0.703
U000687,O017818,13,0.048,0.0541,0.703
U000687,O017818,14,0.0631,0.0502,0.703
U000687,O017818,15,0.042,0.05,0.703
U000687,O017818,16,0.042,0.05,0.703
U000687,O017818,17,0.0511,0.05,0.703
U000687,O017818,18,0.033,0.05,0.703
U000687,O017818,19,0.0691,0.05,0.703
U000687,O017818,20,0.0511,0.05,0.703
U000687,O037818,1,0.6727,0.7005,0.7005
U000687,O037818,2,0.3544,0.3503,0.7005
U000687,O037818,3,0.2252,0.2335,0.7005
U000687,O037818,4,0.2012,0.1751,0.7005
U000687,O037818,5,0.1261,0.1401,0.7005
U000687,O037818,6,0.1081,0.1168,0.7005
U000687,O037818,7,0.1201,0.1001,0.7005
U000687,O037818,8,0.0901,0.0876,0.7005
U000687,O037818,9,0.0811,0.0778,0.7005
U000687,O037818,10,0.0571,0.0701,0.7005
U000687,O037818,11,0.0661,0.0637,0.7005
U000687,O037818,12,0.0601,0.0584,0.7005
U000687,O037818,13,0.036,0.0539,0.7005
U000687,O037818,14,0.039,0.05,0.7005
U000687,O037818,15,0.039,0.05,0.7005
U000687,O037818,16,0.0691,0.05,0.7005
U000687,O037818,17,0.0631,0.05,0.7005
U000687,O037818,18,0.042,0.05,0.7005
U000687,O037818,19,0.03,0.05,0.7005
U000687,O037818,20,0.045,0.05,0.7005
U000687,O012524,1,0.7327,0.7,0.7
U000687,O012524,2,0.3724,0.35,0.7
U000687,O012524,3,0.3003,0.2333,0.7
U000687,O012524,4,0.1502,0.175,0.7
U000687,O012524,5,0.1411,0.14,0.7
U000687,O012524,6,0.1081,0.1167,0.7
U000687,O012524,7,0.1051,0.1,0.7
U000687,O012524,8,0.0571,0.0875,0.7
U000687,O012524,9,0.0721,0.0778,0.7
U000687,O012524,10,0.0811,0.07,0.7
U000687,O012524,11,0.0811,0.0636,0.7
U000687,O012524,12,0.0571,0.0583,0.7
U000687,O012524,13,0.0511,0.0538,0.7
U000687,O012524,14,0.0691,0.05,0.7
U000687,O012524,15,0.048,0.05,0.7
U000687,O012524,16,0.0541,0.05,0.7
U000687,O012524,17,0.0601,0.05,0.7
U000687,O012524,18,0.0601,0.05,0.7
U000687,O012524,19,0.0571,0.05,0.7
U000687,O012524,20,0.0661,0.05,0.7
U000687,O022524,1,0.7267,0.7,0.7
U000687,O022524,2,0.3423,0.35,0.7
U000687,O022524,3,0.2282,0.2333,0.7
U000687,O022524,4,0.2342,0.175,0.7
U000687,O022524,5,0.1411,0.14,0.7
U000687,O022524,6,0.1261,0.1167,0.7
U000687,O022524,7,0.1171,0.1,0.7
U000687,O022524,8,0.0661,0.0875,0.7
U000687,O022524,9,0.0811,0.0778,0.7
U000687,O022524,10,0.0691,0.07,0.7
U000687,O022524,11,0.0661,0.0636,0.7
U000687,O022524,12,0.0541,0.0583,0.7
U000687,O022524,13,0.042,0.0538,0.7
U000687,O022524,14,0.048,0.05,0.7
U000687,O022524,15,0.0661,0.05,0.7
U000687,O022524,16,0.0601,0.05,0.7
U000687,O022524,17,0.0631,0.05,0.7
U000687,O022524,18,0.0571,0.05,0.7
U000687,O022524,19,0.0571,0.05,0.7
U000687,O022524,20,0.0691,0.05,0.7
U000687,O027818,1,0.6967,0.6995,0.6995
U000687,O027818,2,0.3003,0.3498,0.6995
U000687,O027818,3,0.2432,0.2332,0.6995
U000687,O027818,4,0.2282,0.1749,0.6995
U000687,O027818,5,0.1532,0.1399,0.6995
U000687,O027818,6,0.1111,0.1166,0.6995
U000687,O027818,7,0.0871,0.0999,0.6995
U000687,O027818,8,0.0811,0.0874,0.6995
U000687,O027818,9,0.048,0.0777,0.6995
U000687,O027818,10,0.0781,0.07,0.6995
U000687,O027818,11,0.045,0.0636,0.6995
U000687,O027818,12,0.045,0.0583,0.6995
U000687,O027818,13,0.0511,0.0538,0.6995
U000687,O027818,14,0.039,0.05,0.6995
U000687,O027818,15,0.045,0.05,0.6995
U000687,O027818,16,0.0511,0.05,0.6995
U000687,O027818,17,0.0661,0.05,0.6995
U000687,O027818,18,0.039,0.05,0.6995
U000687,O027818,19,0.042,0.05,0.6995
U000687,O027818,20,0.033,0.05,0.6995
U000687,O007818,1,0.7117,0.6869,0.6869
U000687,O007818,2,0.3063,0.3435,0.6869
U000687,O007818,3,0.2102,0.229,0.6869
U000687,O007818,4,0.1471,0.1717,0.6869
U000687,O007818,5,0.1471,0.1374,0.6869
U000687,O007818,6,0.1051,0.1145,0.6869
U000687,O007818,7,0.0991,0.0981,0.6869
U000687,O007818,8,0.0931,0.0859,0.6869
U000687,O007818,9,0.0781,0.0763,0.6869
U000687,O007818,10,0.0871,0.0687,0.6869
U000687,O007818,11,0.0631,0.0624,0.6869
U000687,O007818,12,0.0571,0.0572,0.6869
U000687,O007818,13,0.042,0.0528,0.6869
U000687,O007818,14,0.048,0.05,0.6869
U000687,O007818,15,0.048,0.05,0.6869
U000687,O007818,16,0.0721,0.05,0.6869
U000687,O007818,17,0.033,0.05,0.6869
U000687,O007818,18,0.0541,0.05,0.6869
U000687,O007818,19,0.048,0.05,0.6869
U000687,O007818,20,0.0511,0.05,0.6869
U000687,O009951,1,0.6877,0.6676,0.6676
U000687,O009951,2,0.3453,0.3338,0.6676
U000687,O009951,3,0.2012,0.2225,0.6676
U000687,O009951,4,0.1652,0.1669,0.6676
U000687,O009951,5,0.1682,0.1335,0.6676
U000687,O009951,6,0.0991,0.1113,0.6676
U000687,O009951,7,0.1021,0.0954,0.6676
U000687,O009951,8,0.0841,0.0835,0.6676
U000687,O009951,9,0.0811,0.0742,0.6676
U000687,O009951,10,0.0721,0.0668,0.6676
U000687,O009951,11,0.0691,0.0607,0.6676
U000687,O009951,12,0.033,0.0556,0.6676
U000687,O009951,13,0.039,0.0514,0.6676
U000687,O009951,14,0.027,0.05,0.6676
U000687,O009951,15,0.0631,0.05,0.6676
U000687,O009951,16,0.0631,0.05,0.6676
U000687,O009951,17,0.048,0.05,0.6676
U000687,O009951,18,0.042,0.05,0.6676
U000687,O009951,19,0.0511,0.05,0.6676
U000687,O009951,20,0.045,0.05,0.6676
U000687,O049951,1,0.6517,0.6676,0.6676
U000687,O049951,2,0.2853,0.3338,0.6676
U000687,O049951,3,0.2222,0.2225,0.6676
U000687,O049951,4,0.1832,0.1669,0.6676
U000687,O049951,5,0.1351,0.1335,0.6676
U000687,O049951,6,0.1231,0.1113,0.6676
U000687,O049951,7,0.0751,0.0954,0.6676
U000687,O049951,8,0.0751,0.0835,0.6676
U000687,O049951,9,0.0901,0.0742,0.6676
U000687,O049951,10,0.0751,0.0668,0.6676
U000687,O049951,11,0.0541,0.0607,0.6676
U000687,O049951,12,0.0751,0.0556,0.6676
U000687,O049951,13,0.0721,0.0514,0.6676
U000687,O049951,14,0.0511,0.05,0.6676
U000687,O049951,15,0.048,0.05,0.6676
U000687,O049951,16,0.045,0.05,0.6676
U000687,O049951,17,0.0571,0.05,0.6676
U000687,O049951,18,0.0751,0.05,0.6676
U000687,O049951,19,0.0601,0.05,0.6676
U000687,O049951,20,0.048,0.05,0.6676
U000687,O041718,1,0.7177,0.66,0.66
U000687,O041718,2,0.3153,0.33,0.66
U000687,O041718,3,0.2102,0.22,0.66
U000687,O041718,4,0.1532,0.165,0.66
U000687,O041718,5,0.1502,0.132,0.66
U000687,O041718,6,0.0961,0.11,0.66
U000687,O041718,7,0.1111,0.0943,0.66
U000687,O041718,8,0.0781,0.0825,0.66
U000687,O041718,9,0.0811,0.0733,0.66
U000687,O041718,10,0.0751,0.066,0.66
U000687,O041718,11,0.045,0.06,0.66
U000687,O041718,12,0.027,0.055,0.66
U000687,O041718,13,0.0631,0.0508,0.66
U000687,O041718,14,0.036,0.05,0.66
U000687,O041718,15,0.0511,0.05,0.66
U000687,O041718,16,0.045,0.05,0.66
U000687,O041718,17,0.0571,0.05,0.66
U000687,O041718,18,0.0691,0.05,0.66
U000687,O041718,19,0.0931,0.05,0.66
U000687,O041718,20,0.03,0.05,0.66
U000687,O039951,1,0.6547,0.6599,0.6599
U000687,O039951,2,0.3423,0.33,0.6599
U000687,O039951,3,0.2162,0.22,0.6599
U000687,O039951,4,0.1592,0.165,0.6599
U000687,O039951,5,0.1381,0.132,0.6599
U000687,O039951,6,0.1171,0.11,0.6599
U000687,O039951,7,0.1021,0.0943,0.6599
U000687,O039951,8,0.0661,0.0825,0.6599
U000687,O039951,9,0.0811,0.0733,0.6599
U000687,O039951,10,0.0541,0.066,0.6599
U000687,O039951,11,0.0781,0.06,0.6599
U000687,O039951,12,0.0631,0.055,0.6599
U000687,O039951,13,0.0601,0.0508,0.6599
U000687,O039951,14,0.042,0.05,0.6599
U000687,O039951,15,0.0751,0.05,0.6599
U000687,O039951,16,0.039,0.05,0.6599
U000687,O039951,17,0.033,0.05,0.6599
U000687,O039951,18,0.039,0.05,0.6599
U000687,O039951,19,0.0661,0.05,0.6599
U000687,O039951,20,0.036,0.05,0.6599
U000687,O019951,1,0.6426,0.6555,0.6555
U000687,O019951,2,0.3423,0.3278,0.6555
U000687,O019951,3,0.2402,0.2185,0.6555
U000687,O019951,4,0.1562,0.1639,0.6555
U000687,O019951,5,0.1441,0.1311,0.6555
U000687,O019951,6,0.1051,0.1093,0.6555
U000687,O019951,7,0.1021,0.0936,0.6555
U000687,O019951,8,0.0811,0.0819,0.6555
U000687,O019951,9,0.0691,0.0728,0.6555
U000687,O019951,10,0.0541,0.0656,0.6555
U000687,O019951,11,0.033,0.0596,0.6555
U000687,O019951,12,0.0721,0.0546,0.6555
U000687,O019951,13,0.03,0.0504,0.6555
U000687,O019951,14,0.039,0.05,0.6555
U000687,O019951,15,0.0631,0.05,0.6555
U000687,O019951,16,0.039,0.05,0.6555
U000687,O019951,17,0.039,0.05,0.6555
U000687,O019951,18,0.048,0.05,0.6555
U000687,O019951,19,0.0541,0.05,0.6555
U000687,O019951,20,0.033,0.05,0.6555
U000687,O042524,1,0.6096,0.6,0.6
U000687,O042524,2,0.3393,0.3,0.6
U000687,O042524,3,0.1922,0.2,0.6
U000687,O042524,4,0.1532,0.15,0.6
U000687,O042524,5,0.1261,0.12,0.6
U000687,O042524,6,0.0721,0.1,0.6
U000687,O042524,7,0.0961,0.0857,0.6
U000687,O042524,8,0.1081,0.075,0.6
U000687,O042524,9,0.0961,0.0667,0.6
U000687,O042524,10,0.045,0.06,0.6
U000687,O042524,11,0.0661,0.0545,0.6
U000687,O042524,12,0.048,0.05,0.6
U000687,O042524,13,0.0601,0.05,0.6
U000687,O042524,14,0.0661,0.05,0.6
U000687,O042524,15,0.0601,0.05,0.6
U000687,O042524,16,0.036,0.05,0.6
U000687,O042524,17,0.039,0.05,0.6
U000687,O042524,18,0.045,0.05,0.6
U000687,O042524,19,0.048,0.05,0.6
U000687,O042524,20,0.024,0.05,0.6
U000687,O002524,1,0.5976,0.6,0.6
U000687,O002524,2,0.2913,0.3,0.6
U000687,O002524,3,0.1862,0.2,0.6
U000687,O002524,4,0.1231,0.15,0.6
U000687,O002524,5,0.1171,0.12,0.6
U000687,O002524,6,0.0841,0.1,0.6
U000687,O002524,7,0.0931,0.0857,0.6
U000687,O002524,8,0.0751,0.075,0.6
U000687,O002524,9,0.048,0.0667,0.6
U000687,O002524,10,0.0511,0.06,0.6
U000687,O002524,11,0.0511,0.0545,0.6
U000687,O002524,12,0.036,0.05,0.6
U000687,O002524,13,0.0541,0.05,0.6
U000687,O002524,14,0.0511,0.05,0.6
U000687,O002524,15,0.0601,0.05,0.6
U000687,O002524,16,0.0661,0.05,0.6
U000687,O002524,17,0.048,0.05,0.6
U000687,O002524,18,0.0541,0.05,0.6
U000687,O002524,19,0.0511,0.05,0.6
U000687,O002524,20,0.033,0.05,0.6
U000687,O011718,1,0.5556,0.56,0.56
U000687,O011718,2,0.2733,0.28,0.56
U000687,O011718,3,0.1742,0.1867,0.56
U000687,O011718,4,0.1081,0.14,0.56
U000687,O011718,5,0.1021,0.112,0.56
U000687,O011718,6,0.1171,0.0933,0.56
U000687,O011718,7,0.0811,0.08,0.56
U000687,O011718,8,0.0841,0.07,0.56
U000687,O011718,9,0.048,0.0622,0.56
U000687,O011718,10,0.036,0.056,0.56
U000687,O011718,11,0.0691,0.0509,0.56
U000687,O011718,12,0.039,0.05,0.56
U000687,O011718,13,0.0661,0.05,0.56
U000687,O011718,14,0.0511,0.05,0.56
U000687,O011718,15,0.0511,0.05,0.56
U000687,O011718,16,0.0511,0.05,0.56
U000687,O011718,17,0.0571,0.05,0.56
U000687,O011718,18,0.048,0.05,0.56
U000687,O011718,19,0.0691,0.05,0.56
U000687,O011718,20,0.0511,0.05,0.56
U000687,O001718,1,0.5526,0.56,0.56
U000687,O001718,2,0.2733,0.28,0.56
U000687,O001718,3,0.2012,0.1867,0.56
U000687,O001718,4,0.1261,0.14,0.56
U000687,O001718,5,0.0811,0.112,0.56
U000687,O001718,6,0.0691,0.0933,0.56
U000687,O001718,7,0.0781,0.08,0.56
U000687,O001718,8,0.1021,0.07,0.56
U000687,O001718,9,0.042,0.0622,0.56
U000687,O001718,10,0.0661,0.056,0.56
U000687,O001718,11,0.0781,0.0509,0.56
U000687,O001718,12,0.0721,0.05,0.56
U000687,O001718,13,0.0511,0.05,0.56
U000687,O001718,14,0.045,0.05,0.56
U000687,O001718,15,0.03,0.05,0.56
U000687,O001718,16,0.0511,0.05,0.56
U000687,O001718,17,0.0541,0.05,0.56
U000687,O001718,18,0.048,0.05,0.56
U000687,O001718,19,0.0571,0.05,0.56
U000687,O001718,20,0.039,0.05,0.56
U000687,O031718,1,0.5796,0.56,0.56
U000687,O031718,2,0.2913,0.28,0.56
U000687,O031718,3,0.1982,0.1867,0.56
U000687,O031718,4,0.1411,0.14,0.56
U000687,O031718,5,0.0901,0.112,0.56
U000687,O031718,6,0.0931,0.0933,0.56
U000687,O031718,7,0.0571,0.08,0.56
U000687,O031718,8,0.0691,0.07,0.56
U000687,O031718,9,0.0541,0.0622,0.56
U000687,O031718,10,0.0511,0.056,0.56
U000687,O031718,11,0.036,0.0509,0.56
U000687,O031718,12,0.036,0.05,0.56
U000687,O031718,13,0.0511,0.05,0.56
U000687,O031718,14,0.033,0.05,0.56
U000687,O031718,15,0.0631,0.05,0.56
U000687,O031718,16,0.039,0.05,0.56
U000687,O031718,17,0.036,0.05,0.56
U000687,O031718,18,0.0661,0.05,0.56
U000687,O031718,19,0.048,0.05,0.56
U000687,O031718,20,0.039,0.05,0.56
U000687,O024658,1,0.5405,0.5476,0.5476
U000687,O024658,2,0.2673,0.2738,0.5476
U000687,O024658,3,0.2012,0.1825,0.5476
U000687,O024658,4,0.1682,0.1369,0.5476
U000687,O024658,5,0.0811,0.1095,0.5476
U000687,O024658,6,0.1111,0.0913,0.5476
U000687,O024658,7,0.0841,0.0782,0.5476
U000687,O024658,8,0.0661,0.0685,0.5476
U000687,O024658,9,0.048,0.0608,0.5476
U000687,O024658,10,0.036,0.0548,0.5476
U000687,O024658,11,0.0511,0.05,0.5476
U000687,O024658,12,0.042,0.05,0.5476
U000687,O024658,13,0.0541,0.05,0.5476
U000687,O024658,14,0.0601,0.05,0.5476
U000687,O024658,15,0.0601,0.05,0.5476
U000687,O024658,16,0.0541,0.05,0.5476
U000687,O024658,17,0.048,0.05,0.5476
U000687,O024658,18,0.048,0.05,0.5476
U000687,O024658,19,0.0541,0.05,0.5476
U000687,O024658,20,0.0541,0.05,0.5476
U000687,O014658,1,0.5285,0.5286,0.5286
U000687,O014658,2,0.2733,0.2643,0.5286
U000687,O014658,3,0.1712,0.1762,0.5286
U000687,O014658,4,0.1231,0.1321,0.5286
U000687,O014658,5,0.1291,0.1057,0.5286
U000687,O014658,6,0.0991,0.0881,0.5286
U000687,O014658,7,0.0841,0.0755,0.5286
U000687,O014658,8,0.0751,0.0661,0.5286
U000687,O014658,9,0.0571,0.0587,0.5286
U000687,O014658,10,0.042,0.0529,0.5286
U000687,O014658,11,0.0661,0.05,0.5286
U000687,O014658,12,0.0541,0.05,0.5286
U000687,O014658,13,0.048,0.05,0.5286
U000687,O014658,14,0.048,0.05,0.5286
U000687,O014658,15,0.0511,0.05,0.5286
U000687,O014658,16,0.0541,0.05,0.5286
U000687,O014658,17,0.036,0.05,0.5286
U000687,O014658,18,0.042,0.05,0.5286
U000687,O014658,19,0.039,0.05,0.5286
U000687,O014658,20,0.0721,0.05,0.5286
U000687,O004658,1,0.5706,0.5254,0.5254
U000687,O004658,2,0.3003,0.2627,0.5254
U000687,O004658,3,0.1802,0.1751,0.5254
U000687,O004658,4,0.1381,0.1313,0.5254
U000687,O004658,5,0.1201,0.1051,0.5254
U000687,O004658,6,0.0961,0.0876,0.5254
U000687,O004658,7,0.1021,0.0751,0.5254
U000687,O004658,8,0.0691,0.0657,0.5254
U000687,O004658,9,0.0571,0.0584,0.5254
U000687,O004658,10,0.0661,0.0525,0.5254
U000687,O004658,11,0.0721,0.05,0.5254
U000687,O004658,12,0.0511,0.05,0.5254
U000687,O004658,13,0.048,0.05,0.5254
U000687,O004658,14,0.03,0.05,0.5254
U000687,O004658,15,0.0511,0.05,0.5254
U000687,O004658,16,0.0511,0.05,0.5254
U000687,O004658,17,0.033,0.05,0.5254
U000687,O004658,18,0.0541,0.05,0.5254
U000687,O004658,19,0.039,0.05,0.5254
U000687,O004658,20,0.0751,0.05,0.5254
U000687,O034658,1,0.5165,0.5086,0.5086
U000687,O034658,2,0.2853,0.2543,0.5086
U000687,O034658,3,0.1622,0.1695,0.5086
U000687,O034658,4,0.1321,0.1271,0.5086
U000687,O034658,5,0.1351,0.1017,0.5086
U000687,O034658,6,0.1081,0.0848,0.5086
U000687,O034658,7,0.0601,0.0727,0.5086
U000687,O034658,8,0.0661,0.0636,0.5086
U000687,O034658,9,0.0601,0.0565,0.5086
U000687,O034658,10,0.0571,0.0509,0.5086
U000687,O034658,11,0.036,0.05,0.5086
U000687,O034658,12,0.0571,0.05,0.5086
U000687,O034658,13,0.0541,0.05,0.5086
U000687,O034658,14,0.0601,0.05,0.5086
U000687,O034658,15,0.0511,0.05,0.5086
U000687,O034658,16,0.0601,0.05,0.5086
U000687,O034658,17,0.0691,0.05,0.5086
U000687,O034658,18,0.0601,0.05,0.5086
U000687,O034658,19,0.0571,0.05,0.5086
U000687,O034658,20,0.0541,0.05,0.5086
