offer_id,hotel_id,partner_name,room_type,price_per_night,total_price,trivago_displayed_price,cost_per_click_bid,commission_rate,cancellation_policy,breakfast_included,instant_booking,special_offers,nights,price_fluctuation_mean,price_fluctuation_variance,price_history_24h,variance_factor,last_updated,name,location,coordinates,star_rating,review_score,review_count,property_type,distance_to_center,distance_to_airport,chain_brand,amenities,sustainability_rating,city,country,user_id,days_to_go,preference_score
O047025,H07025,Expedia,Single,183.6,550.8,184.03,2.31,0.116,Non-refundable,False,False,Mobile exclusive,3,183.83,14.96,"[187.04, 189.09, 189.94, 189.21, 189.63, 186.82, 188.2, 188.49, 184.29, 181.94, 181.8, 177.19, 181.49, 183.76, 184.55, 180.47, 183.47, 183.22, 181.07, 177.13, 180.06, 178.63, 181.09, 183.27]",0.0138,2025-07-19T14:49:50.643028,Barcelona Imperial Lodge,Barcelona,"[41.343899, 2.182858]",4.0,9.2,1977,Hotel,3.0,26.5,Westin,"Business Center,Parking,24h Front Desk,Beach Access,Gym,Conference Rooms,Pet Friendly,Restaurant,Balcony,Room Service,Pool,Air Conditioning",3.6,Barcelona,Spain,U000990,28,0.8569272237196764
O037025,H07025,Booking.com,Deluxe,180.0,720.0,174.7,1.33,0.125,Non-refundable,False,True,Free parking,4,184.35,11.54,"[179.31, 180.94, 181.31, 180.84, 179.87, 179.79, 178.41, 180.75, 185.15, 184.76, 188.61, 187.84, 188.01, 188.35, 188.38, 188.79, 185.86, 187.83, 182.93, 185.0, 184.02, 188.19, 184.12, 185.36]",0.0135,2025-07-19T14:49:50.643028,Barcelona Imperial Lodge,Barcelona,"[41.343899, 2.182858]",4.0,9.2,1977,Hotel,3.0,26.5,Westin,"Business Center,Parking,24h Front Desk,Beach Access,Gym,Conference Rooms,Pet Friendly,Restaurant,Balcony,Room Service,Pool,Air Conditioning",3.6,Barcelona,Spain,U000990,28,0.8511051212938006
O027025,H07025,Travelocity,Twin,167.19,668.76,168.43,0.75,0.09,Free,True,True,0.0,4,164.93,13.34,"[165.67, 162.98, 158.41, 164.44, 163.2, 165.99, 168.75, 163.67, 166.68, 162.21, 165.5, 165.35, 168.26, 169.1, 172.41, 169.58, 169.51, 166.04, 160.53, 159.81, 157.26, 162.08, 165.02, 165.9]",0.0199,2025-07-19T14:49:50.643028,Barcelona Imperial Lodge,Barcelona,"[41.343899, 2.182858]",4.0,9.2,1977,Hotel,3.0,26.5,Westin,"Business Center,Parking,24h Front Desk,Beach Access,Gym,Conference Rooms,Pet Friendly,Restaurant,Balcony,Room Service,Pool,Air Conditioning",3.6,Barcelona,Spain,U000990,28,0.8303881401617251
O038121,H08121,Expedia,Family,183.6,1101.6,187.16,2.19,0.124,Partial,True,True,0.0,6,190.06,22.68,"[186.28, 182.37, 185.86, 185.34, 183.53, 188.01, 185.69, 188.65, 186.01, 187.17, 192.57, 192.47, 199.82, 198.29, 196.73, 193.56, 192.7, 192.29, 197.39, 194.42, 188.78, 187.69, 186.31, 189.48]",0.021,2025-07-19T14:49:50.643028,Meyer PLC Lodge,Barcelona,"[41.387456, 2.172291]",4.0,8.9,121,Hotel,4.3,31.5,InterContinental,"Airport Shuttle,Conference Rooms,Concierge,Laundry,Air Conditioning,Bar,Kitchen,Gym,Pool,WiFi",4.4,Barcelona,Spain,U000990,28,0.8069272237196765
O008121,H08121,Lastminute.com,Double,182.58,182.58,182.99,2.78,0.112,Free,True,True,Free parking,1,176.77,24.28,"[177.71, 176.17, 170.22, 171.71, 180.38, 179.53, 187.61, 184.08, 182.88, 181.95, 185.03, 179.73, 179.56, 173.52, 170.42, 169.71, 174.42, 174.96, 173.68, 174.72, 175.39, 173.86, 174.03, 171.19]",0.0221,2025-07-19T14:49:50.643028,Meyer PLC Lodge,Barcelona,"[41.387456, 2.172291]",4.0,8.9,121,Hotel,4.3,31.5,InterContinental,"Airport Shuttle,Conference Rooms,Concierge,Laundry,Air Conditioning,Bar,Kitchen,Gym,Pool,WiFi",4.4,Barcelona,Spain,U000990,28,0.805277628032345
O048121,H08121,Getaroom,Family,197.26,591.78,194.93,0.62,0.176,Free,False,False,0.0,3,199.82,13.11,"[196.68, 198.1, 196.9, 198.29, 198.94, 198.21, 197.11, 197.37, 200.24, 199.66, 200.87, 199.74, 204.18, 205.56, 205.52, 205.92, 208.09, 203.62, 196.14, 197.9, 199.35, 195.42, 194.92, 197.04]",0.0127,2025-07-19T14:49:50.643028,Meyer PLC Lodge,Barcelona,"[41.387456, 2.172291]",4.0,8.9,121,Hotel,4.3,31.5,InterContinental,"Airport Shuttle,Conference Rooms,Concierge,Laundry,Air Conditioning,Bar,Kitchen,Gym,Pool,WiFi",4.4,Barcelona,Spain,U000990,28,0.7909811320754718
O014831,H04831,Getaroom,Deluxe,186.4,1118.4,186.18,2.39,0.161,Free,False,True,Airport shuttle,6,185.64,0.98,"[187.28, 184.84, 185.93, 186.48, 185.59, 185.91, 185.84, 184.72, 186.63, 187.06, 186.48, 186.38, 186.01, 185.43, 186.12, 183.88, 183.86, 184.19, 184.58, 186.17, 184.54, 184.64, 185.72, 186.98]",0.0056,2025-07-19T14:49:50.643028,Barcelona Central Lodge,Barcelona,"[41.493778, 2.230885]",4.0,9.7,1485,Hotel,1.8,40.4,InterContinental,"Laundry,Business Center,Restaurant,Air Conditioning,Bar,Gym,Kitchen,Spa,Pet Friendly",3.7,Barcelona,Spain,U000990,28,0.758544474393531
O004831,H04831,Priceline,Single,165.6,828.0,162.58,2.83,0.166,Non-refundable,False,False,"Free breakfast, Airport shuttle",5,161.73,24.93,"[162.1, 161.18, 164.87, 164.17, 156.67, 154.6, 158.13, 155.16, 153.54, 152.96, 155.51, 160.4, 161.2, 161.01, 161.42, 161.4, 170.91, 167.69, 166.63, 167.2, 168.67, 166.68, 164.26, 165.04]",0.0226,2025-07-19T14:49:50.643028,Barcelona Central Lodge,Barcelona,"[41.493778, 2.230885]",4.0,9.7,1485,Hotel,1.8,40.4,InterContinental,"Laundry,Business Center,Restaurant,Air Conditioning,Bar,Gym,Kitchen,Spa,Pet Friendly",3.7,Barcelona,Spain,U000990,28,0.7278167115902965
O026082,H06082,Lastminute.com,Suite,67.53,135.06,67.66,2.37,0.09,Partial,False,True,Mobile exclusive,2,62.75,3.18,"[66.91, 66.6, 65.89, 65.13, 63.85, 63.48, 61.9, 61.77, 61.37, 61.1, 61.38, 60.66, 61.82, 61.49, 61.61, 63.78, 63.98, 62.17, 62.31, 62.23, 62.01, 61.91, 60.4, 62.15]",0.0158,2025-07-19T14:49:50.643028,Silver Barcelona Resort,Barcelona,"[41.42593, 2.198419]",4.0,9.9,939,Hostel,10.6,20.9,Hyatt,"Parking,Room Service,Bar,Restaurant,Breakfast,Spa,WiFi,Airport Shuttle,Business Center,Balcony,Gym,Laundry",1.5,Barcelona,Spain,U000990,28,0.7192129380053909
O034831,H04831,HotelDirect,Single,158.4,316.8,157.39,2.53,0.127,Free,True,True,Kids stay free,2,157.35,1.5,"[156.43, 156.94, 154.74, 155.07, 156.38, 157.19, 157.81, 156.08, 156.67, 157.29, 156.76, 156.47, 156.95, 157.66, 159.28, 158.3, 156.77, 157.4, 158.36, 158.02, 158.05, 159.0, 159.64, 159.19]",0.0081,2025-07-19T14:49:50.643028,Barcelona Central Lodge,Barcelona,"[41.493778, 2.230885]",4.0,9.7,1485,Hotel,1.8,40.4,InterContinental,"Laundry,Business Center,Restaurant,Air Conditioning,Bar,Gym,Kitchen,Spa,Pet Friendly",3.7,Barcelona,Spain,U000990,28,0.7161725067385445
O033395,H03395,Hotwire,Suite,343.28,1373.12,351.83,1.44,0.197,Free,False,False,0.0,4,338.03,117.6,"[343.28, 340.28, 335.8, 344.11, 344.38, 347.38, 347.75, 353.32, 361.11, 345.15, 344.02, 335.86, 332.86, 334.05, 342.97, 346.5, 337.37, 331.69, 325.91, 323.53, 333.55, 327.71, 325.12, 309.07]",0.0211,2025-07-19T14:49:50.643028,Park Barcelona Resort,Barcelona,"[41.352247, 2.179165]",5.0,10.0,613,Hotel,7.2,11.7,Hilton,"Concierge,Pool,Pet Friendly,Air Conditioning,Balcony,Laundry,Gym,Restaurant,Conference Rooms,Business Center,Airport Shuttle",4.3,Barcelona,Spain,U000990,28,0.6948301886792453
O016082,H06082,Travelocity,Double,75.72,75.72,74.47,1.15,0.166,Free,True,False,0.0,1,78.36,2.28,"[76.62, 77.45, 78.12, 78.98, 78.7, 77.47, 75.57, 76.4, 76.24, 76.12, 77.57, 78.43, 79.41, 79.48, 79.26, 79.41, 79.9, 80.43, 77.84, 78.36, 78.19, 78.41, 80.29, 81.95]",0.0149,2025-07-19T14:49:50.643028,Silver Barcelona Resort,Barcelona,"[41.42593, 2.198419]",4.0,9.9,939,Hostel,10.6,20.9,Hyatt,"Parking,Room Service,Bar,Restaurant,Breakfast,Spa,WiFi,Airport Shuttle,Business Center,Balcony,Gym,Laundry",1.5,Barcelona,Spain,U000990,28,0.6324582210242589
O006082,H06082,Priceline,Double,66.24,463.68,65.1,1.21,0.114,Partial,True,False,Room upgrade,7,65.44,1.87,"[65.35, 67.06, 66.92, 64.95, 64.55, 66.77, 65.85, 65.14, 65.06, 64.53, 64.57, 64.87, 65.82, 63.98, 63.67, 64.23, 64.63, 63.22, 63.8, 64.98, 67.69, 68.0, 67.84, 66.96]",0.0181,2025-07-19T14:49:50.643028,Silver Barcelona Resort,Barcelona,"[41.42593, 2.198419]",4.0,9.9,939,Hostel,10.6,20.9,Hyatt,"Parking,Room Service,Bar,Restaurant,Breakfast,Spa,WiFi,Airport Shuttle,Business Center,Balcony,Gym,Laundry",1.5,Barcelona,Spain,U000990,28,0.6171266846361186
O003395,H03395,Hotels.com,Deluxe,352.8,705.6,356.08,2.73,0.165,Free,True,False,0.0,2,347.52,32.78,"[350.63, 355.36, 352.33, 346.52, 347.2, 351.48, 345.16, 343.02, 343.69, 343.73, 345.19, 344.28, 344.03, 344.53, 353.5, 342.26, 344.13, 338.87, 344.6, 338.87, 348.16, 353.37, 357.03, 362.53]",0.0162,2025-07-19T14:49:50.643028,Park Barcelona Resort,Barcelona,"[41.352247, 2.179165]",5.0,10.0,613,Hotel,7.2,11.7,Hilton,"Concierge,Pool,Pet Friendly,Air Conditioning,Balcony,Laundry,Gym,Restaurant,Conference Rooms,Business Center,Airport Shuttle",4.3,Barcelona,Spain,U000990,28,0.579433962264151
O023395,H03395,Kayak,Double,393.0,2358.0,375.03,1.34,0.17,Free,True,True,"Free breakfast, Free parking",6,402.19,53.99,"[404.23, 400.7, 411.89, 408.03, 406.22, 407.63, 401.76, 404.21, 402.39, 407.12, 413.17, 408.32, 411.45, 405.91, 397.53, 393.45, 394.94, 397.87, 402.54, 403.47, 405.08, 393.74, 388.42, 382.47]",0.0147,2025-07-19T14:49:50.643028,Park Barcelona Resort,Barcelona,"[41.352247, 2.179165]",5.0,10.0,613,Hotel,7.2,11.7,Hilton,"Concierge,Pool,Pet Friendly,Air Conditioning,Balcony,Laundry,Gym,Restaurant,Conference Rooms,Business Center,Airport Shuttle",4.3,Barcelona,Spain,U000990,28,0.55
O043395,H03395,Priceline,Suite,331.2,1324.8,325.98,2.31,0.098,Free,False,False,"Kids stay free, Spa discount",4,335.0,91.06,"[327.02, 315.9, 320.59, 325.0, 323.43, 329.47, 324.01, 325.41, 328.71, 336.18, 335.94, 331.41, 335.08, 341.18, 344.63, 345.28, 350.05, 349.18, 342.6, 346.19, 345.5, 339.97, 336.42, 340.77]",0.0186,2025-07-19T14:49:50.643028,Park Barcelona Resort,Barcelona,"[41.352247, 2.179165]",5.0,10.0,613,Hotel,7.2,11.7,Hilton,"Concierge,Pool,Pet Friendly,Air Conditioning,Balcony,Laundry,Gym,Restaurant,Conference Rooms,Business Center,Airport Shuttle",4.3,Barcelona,Spain,U000610,30,0.8651188669701568
O003395,H03395,Hotels.com,Deluxe,352.8,705.6,356.08,2.73,0.165,Free,True,False,0.0,2,347.52,32.78,"[350.63, 355.36, 352.33, 346.52, 347.2, 351.48, 345.16, 343.02, 343.69, 343.73, 345.19, 344.28, 344.03, 344.53, 353.5, 342.26, 344.13, 338.87, 344.6, 338.87, 348.16, 353.37, 357.03, 362.53]",0.0162,2025-07-19T14:49:50.643028,Park Barcelona Resort,Barcelona,"[41.352247, 2.179165]",5.0,10.0,613,Hotel,7.2,11.7,Hilton,"Concierge,Pool,Pet Friendly,Air Conditioning,Balcony,Laundry,Gym,Restaurant,Conference Rooms,Business Center,Airport Shuttle",4.3,Barcelona,Spain,U000610,30,0.8454527061203844
O023395,H03395,Kayak,Double,393.0,2358.0,375.03,1.34,0.17,Free,True,True,"Free breakfast, Free parking",6,402.19,53.99,"[404.23, 400.7, 411.89, 408.03, 406.22, 407.63, 401.76, 404.21, 402.39, 407.12, 413.17, 408.32, 411.45, 405.91, 397.53, 393.45, 394.94, 397.87, 402.54, 403.47, 405.08, 393.74, 388.42, 382.47]",0.0147,2025-07-19T14:49:50.643028,Park Barcelona Resort,Barcelona,"[41.352247, 2.179165]",5.0,10.0,613,Hotel,7.2,11.7,Hilton,"Concierge,Pool,Pet Friendly,Air Conditioning,Balcony,Laundry,Gym,Restaurant,Conference Rooms,Business Center,Airport Shuttle",4.3,Barcelona,Spain,U000610,30,0.8088517956499747
O004831,H04831,Priceline,Single,165.6,828.0,162.58,2.83,0.166,Non-refundable,False,False,"Free breakfast, Airport shuttle",5,161.73,24.93,"[162.1, 161.18, 164.87, 164.17, 156.67, 154.6, 158.13, 155.16, 153.54, 152.96, 155.51, 160.4, 161.2, 161.01, 161.42, 161.4, 170.91, 167.69, 166.63, 167.2, 168.67, 166.68, 164.26, 165.04]",0.0226,2025-07-19T14:49:50.643028,Barcelona Central Lodge,Barcelona,"[41.493778, 2.230885]",4.0,9.7,1485,Hotel,1.8,40.4,InterContinental,"Laundry,Business Center,Restaurant,Air Conditioning,Bar,Gym,Kitchen,Spa,Pet Friendly",3.7,Barcelona,Spain,U000610,30,0.7441072331815882
O034831,H04831,HotelDirect,Single,158.4,316.8,157.39,2.53,0.127,Free,True,True,Kids stay free,2,157.35,1.5,"[156.43, 156.94, 154.74, 155.07, 156.38, 157.19, 157.81, 156.08, 156.67, 157.29, 156.76, 156.47, 156.95, 157.66, 159.28, 158.3, 156.77, 157.4, 158.36, 158.02, 158.05, 159.0, 159.64, 159.19]",0.0081,2025-07-19T14:49:50.643028,Barcelona Central Lodge,Barcelona,"[41.493778, 2.230885]",4.0,9.7,1485,Hotel,1.8,40.4,InterContinental,"Laundry,Business Center,Restaurant,Air Conditioning,Bar,Gym,Kitchen,Spa,Pet Friendly",3.7,Barcelona,Spain,U000610,30,0.7375518462316641
O017025,H07025,Hotwire,Executive,183.15,183.15,184.9,2.75,0.194,Free,True,False,Free cancellation,1,179.61,10.4,"[184.87, 183.64, 182.31, 182.37, 178.95, 183.04, 181.74, 179.7, 178.24, 179.01, 179.61, 183.64, 183.44, 179.94, 181.25, 181.21, 179.52, 177.81, 176.34, 173.5, 175.81, 176.04, 174.06, 174.48]",0.0185,2025-07-19T14:49:50.643028,Barcelona Imperial Lodge,Barcelona,"[41.343899, 2.182858]",4.0,9.2,1977,Hotel,3.0,26.5,Westin,"Business Center,Parking,24h Front Desk,Beach Access,Gym,Conference Rooms,Pet Friendly,Restaurant,Balcony,Room Service,Pool,Air Conditioning",3.6,Barcelona,Spain,U000610,30,0.7267526555386951
O037025,H07025,Booking.com,Deluxe,180.0,720.0,174.7,1.33,0.125,Non-refundable,False,True,Free parking,4,184.35,11.54,"[179.31, 180.94, 181.31, 180.84, 179.87, 179.79, 178.41, 180.75, 185.15, 184.76, 188.61, 187.84, 188.01, 188.35, 188.38, 188.79, 185.86, 187.83, 182.93, 185.0, 184.02, 188.19, 184.12, 185.36]",0.0135,2025-07-19T14:49:50.643028,Barcelona Imperial Lodge,Barcelona,"[41.343899, 2.182858]",4.0,9.2,1977,Hotel,3.0,26.5,Westin,"Business Center,Parking,24h Front Desk,Beach Access,Gym,Conference Rooms,Pet Friendly,Restaurant,Balcony,Room Service,Pool,Air Conditioning",3.6,Barcelona,Spain,U000610,30,0.7238846737481032
O027025,H07025,Travelocity,Twin,167.19,668.76,168.43,0.75,0.09,Free,True,True,0.0,4,164.93,13.34,"[165.67, 162.98, 158.41, 164.44, 163.2, 165.99, 168.75, 163.67, 166.68, 162.21, 165.5, 165.35, 168.26, 169.1, 172.41, 169.58, 169.51, 166.04, 160.53, 159.81, 157.26, 162.08, 165.02, 165.9]",0.0199,2025-07-19T14:49:50.643028,Barcelona Imperial Lodge,Barcelona,"[41.343899, 2.182858]",4.0,9.2,1977,Hotel,3.0,26.5,Westin,"Business Center,Parking,24h Front Desk,Beach Access,Gym,Conference Rooms,Pet Friendly,Restaurant,Balcony,Room Service,Pool,Air Conditioning",3.6,Barcelona,Spain,U000610,30,0.7122215477996965
O048121,H08121,Getaroom,Family,197.26,591.78,194.93,0.62,0.176,Free,False,False,0.0,3,199.82,13.11,"[196.68, 198.1, 196.9, 198.29, 198.94, 198.21, 197.11, 197.37, 200.24, 199.66, 200.87, 199.74, 204.18, 205.56, 205.52, 205.92, 208.09, 203.62, 196.14, 197.9, 199.35, 195.42, 194.92, 197.04]",0.0127,2025-07-19T14:49:50.643028,Meyer PLC Lodge,Barcelona,"[41.387456, 2.172291]",4.0,8.9,121,Hotel,4.3,31.5,InterContinental,"Airport Shuttle,Conference Rooms,Concierge,Laundry,Air Conditioning,Bar,Kitchen,Gym,Pool,WiFi",4.4,Barcelona,Spain,U000610,30,0.6729327263530601
O008121,H08121,Lastminute.com,Double,182.58,182.58,182.99,2.78,0.112,Free,True,True,Free parking,1,176.77,24.28,"[177.71, 176.17, 170.22, 171.71, 180.38, 179.53, 187.61, 184.08, 182.88, 181.95, 185.03, 179.73, 179.56, 173.52, 170.42, 169.71, 174.42, 174.96, 173.68, 174.72, 175.39, 173.86, 174.03, 171.19]",0.0221,2025-07-19T14:49:50.643028,Meyer PLC Lodge,Barcelona,"[41.387456, 2.172291]",4.0,8.9,121,Hotel,4.3,31.5,InterContinental,"Airport Shuttle,Conference Rooms,Concierge,Laundry,Air Conditioning,Bar,Kitchen,Gym,Pool,WiFi",4.4,Barcelona,Spain,U000610,30,0.6595670207384926
O024831,H04831,Booking.com,Deluxe,180.0,360.0,176.92,2.8,0.195,Non-refundable,True,False,0.0,2,181.35,0.93,"[181.02, 181.57, 183.25, 183.1, 182.91, 182.14, 180.79, 180.47, 180.25, 179.82, 181.46, 180.22, 180.86, 181.57, 180.69, 181.82, 181.9, 180.63, 179.82, 181.7, 182.0, 182.5, 180.7, 181.15]",0.0064,2025-07-19T14:49:50.643028,Barcelona Central Lodge,Barcelona,"[41.493778, 2.230885]",4.0,9.7,1485,Hotel,1.8,40.4,InterContinental,"Laundry,Business Center,Restaurant,Air Conditioning,Bar,Gym,Kitchen,Spa,Pet Friendly",3.7,Barcelona,Spain,U000610,30,0.6572180070814365
O018121,H08121,Travelocity,Executive,179.55,1077.3,181.4,1.27,0.096,Free,True,False,Airport shuttle,6,190.51,12.84,"[180.44, 184.42, 188.69, 186.69, 189.54, 189.96, 190.55, 192.19, 188.77, 192.37, 194.65, 196.19, 195.58, 196.75, 193.31, 192.23, 190.97, 191.02, 189.25, 187.53, 189.45, 190.52, 192.06, 189.17]",0.0121,2025-07-19T14:49:50.643028,Meyer PLC Lodge,Barcelona,"[41.387456, 2.172291]",4.0,8.9,121,Hotel,4.3,31.5,InterContinental,"Airport Shuttle,Conference Rooms,Concierge,Laundry,Air Conditioning,Bar,Kitchen,Gym,Pool,WiFi",4.4,Barcelona,Spain,U000610,30,0.6568082953970663
O016082,H06082,Travelocity,Double,75.72,75.72,74.47,1.15,0.166,Free,True,False,0.0,1,78.36,2.28,"[76.62, 77.45, 78.12, 78.98, 78.7, 77.47, 75.57, 76.4, 76.24, 76.12, 77.57, 78.43, 79.41, 79.48, 79.26, 79.41, 79.9, 80.43, 77.84, 78.36, 78.19, 78.41, 80.29, 81.95]",0.0149,2025-07-19T14:49:50.643028,Silver Barcelona Resort,Barcelona,"[41.42593, 2.198419]",4.0,9.9,939,Hostel,10.6,20.9,Hyatt,"Parking,Room Service,Bar,Restaurant,Breakfast,Spa,WiFi,Airport Shuttle,Business Center,Balcony,Gym,Laundry",1.5,Barcelona,Spain,U000610,30,0.5956074860900353
O046082,H06082,Lastminute.com,Suite,72.39,144.78,71.2,1.97,0.14,Free,True,True,Late checkout,2,70.88,6.04,"[73.74, 72.74, 73.97, 73.18, 74.16, 73.13, 72.77, 73.08, 71.54, 71.82, 72.72, 73.06, 69.75, 67.32, 70.04, 67.78, 67.21, 66.52, 67.92, 66.88, 69.31, 70.13, 71.47, 70.91]",0.0185,2025-07-19T14:49:50.643028,Silver Barcelona Resort,Barcelona,"[41.42593, 2.198419]",4.0,9.9,939,Hostel,10.6,20.9,Hyatt,"Parking,Room Service,Bar,Restaurant,Breakfast,Spa,WiFi,Airport Shuttle,Business Center,Balcony,Gym,Laundry",1.5,Barcelona,Spain,U000610,30,0.5925756196256955
O026082,H06082,Lastminute.com,Suite,67.53,135.06,67.66,2.37,0.09,Partial,False,True,Mobile exclusive,2,62.75,3.18,"[66.91, 66.6, 65.89, 65.13, 63.85, 63.48, 61.9, 61.77, 61.37, 61.1, 61.38, 60.66, 61.82, 61.49, 61.61, 63.78, 63.98, 62.17, 62.31, 62.23, 62.01, 61.91, 60.4, 62.15]",0.0158,2025-07-19T14:49:50.643028,Silver Barcelona Resort,Barcelona,"[41.42593, 2.198419]",4.0,9.9,939,Hostel,10.6,20.9,Hyatt,"Parking,Room Service,Bar,Restaurant,Breakfast,Spa,WiFi,Airport Shuttle,Business Center,Balcony,Gym,Laundry",1.5,Barcelona,Spain,U000610,30,0.5881507334344966
O047025,H07025,Expedia,Single,183.6,550.8,184.03,2.31,0.116,Non-refundable,False,False,Mobile exclusive,3,183.83,14.96,"[187.04, 189.09, 189.94, 189.21, 189.63, 186.82, 188.2, 188.49, 184.29, 181.94, 181.8, 177.19, 181.49, 183.76, 184.55, 180.47, 183.47, 183.22, 181.07, 177.13, 180.06, 178.63, 181.09, 183.27]",0.0138,2025-07-19T14:49:50.643028,Barcelona Imperial Lodge,Barcelona,"[41.343899, 2.182858]",4.0,9.2,1977,Hotel,3.0,26.5,Westin,"Business Center,Parking,24h Front Desk,Beach Access,Gym,Conference Rooms,Pet Friendly,Restaurant,Balcony,Room Service,Pool,Air Conditioning",3.6,Barcelona,Spain,U000826,33,0.79
O033395,H03395,Hotwire,Suite,343.28,1373.12,351.83,1.44,0.197,Free,False,False,0.0,4,338.03,117.6,"[343.28, 340.28, 335.8, 344.11, 344.38, 347.38, 347.75, 353.32, 361.11, 345.15, 344.02, 335.86, 332.86, 334.05, 342.97, 346.5, 337.37, 331.69, 325.91, 323.53, 333.55, 327.71, 325.12, 309.07]",0.0211,2025-07-19T14:49:50.643028,Park Barcelona Resort,Barcelona,"[41.352247, 2.179165]",5.0,10.0,613,Hotel,7.2,11.7,Hilton,"Concierge,Pool,Pet Friendly,Air Conditioning,Balcony,Laundry,Gym,Restaurant,Conference Rooms,Business Center,Airport Shuttle",4.3,Barcelona,Spain,U000826,33,0.7884509803921569
O003395,H03395,Hotels.com,Deluxe,352.8,705.6,356.08,2.73,0.165,Free,True,False,0.0,2,347.52,32.78,"[350.63, 355.36, 352.33, 346.52, 347.2, 351.48, 345.16, 343.02, 343.69, 343.73, 345.19, 344.28, 344.03, 344.53, 353.5, 342.26, 344.13, 338.87, 344.6, 338.87, 348.16, 353.37, 357.03, 362.53]",0.0162,2025-07-19T14:49:50.643028,Park Barcelona Resort,Barcelona,"[41.352247, 2.179165]",5.0,10.0,613,Hotel,7.2,11.7,Hilton,"Concierge,Pool,Pet Friendly,Air Conditioning,Balcony,Laundry,Gym,Restaurant,Conference Rooms,Business Center,Airport Shuttle",4.3,Barcelona,Spain,U000826,33,0.7791176470588236
O034831,H04831,HotelDirect,Single,158.4,316.8,157.39,2.53,0.127,Free,True,True,Kids stay free,2,157.35,1.5,"[156.43, 156.94, 154.74, 155.07, 156.38, 157.19, 157.81, 156.08, 156.67, 157.29, 156.76, 156.47, 156.95, 157.66, 159.28, 158.3, 156.77, 157.4, 158.36, 158.02, 158.05, 159.0, 159.64, 159.19]",0.0081,2025-07-19T14:49:50.643028,Barcelona Central Lodge,Barcelona,"[41.493778, 2.230885]",4.0,9.7,1485,Hotel,1.8,40.4,InterContinental,"Laundry,Business Center,Restaurant,Air Conditioning,Bar,Gym,Kitchen,Spa,Pet Friendly",3.7,Barcelona,Spain,U000826,33,0.7402941176470588
O023395,H03395,Kayak,Double,393.0,2358.0,375.03,1.34,0.17,Free,True,True,"Free breakfast, Free parking",6,402.19,53.99,"[404.23, 400.7, 411.89, 408.03, 406.22, 407.63, 401.76, 404.21, 402.39, 407.12, 413.17, 408.32, 411.45, 405.91, 397.53, 393.45, 394.94, 397.87, 402.54, 403.47, 405.08, 393.74, 388.42, 382.47]",0.0147,2025-07-19T14:49:50.643028,Park Barcelona Resort,Barcelona,"[41.352247, 2.179165]",5.0,10.0,613,Hotel,7.2,11.7,Hilton,"Concierge,Pool,Pet Friendly,Air Conditioning,Balcony,Laundry,Gym,Restaurant,Conference Rooms,Business Center,Airport Shuttle",4.3,Barcelona,Spain,U000826,33,0.7397058823529411
O028121,H08121,Hotwire,Deluxe,191.11,764.44,187.28,1.05,0.105,Non-refundable,True,False,Free cancellation,4,195.04,3.28,"[192.25, 191.81, 191.71, 192.33, 192.99, 194.61, 194.45, 195.17, 196.08, 196.62, 195.58, 196.2, 196.75, 196.9, 197.86, 197.44, 196.65, 197.43, 194.57, 195.84, 194.14, 193.62, 194.79, 195.11]",0.0076,2025-07-19T14:49:50.643028,Meyer PLC Lodge,Barcelona,"[41.387456, 2.172291]",4.0,8.9,121,Hotel,4.3,31.5,InterContinental,"Airport Shuttle,Conference Rooms,Concierge,Laundry,Air Conditioning,Bar,Kitchen,Gym,Pool,WiFi",4.4,Barcelona,Spain,U000826,33,0.6973627450980393
O017025,H07025,Hotwire,Executive,183.15,183.15,184.9,2.75,0.194,Free,True,False,Free cancellation,1,179.61,10.4,"[184.87, 183.64, 182.31, 182.37, 178.95, 183.04, 181.74, 179.7, 178.24, 179.01, 179.61, 183.64, 183.44, 179.94, 181.25, 181.21, 179.52, 177.81, 176.34, 173.5, 175.81, 176.04, 174.06, 174.48]",0.0185,2025-07-19T14:49:50.643028,Barcelona Imperial Lodge,Barcelona,"[41.343899, 2.182858]",4.0,9.2,1977,Hotel,3.0,26.5,Westin,"Business Center,Parking,24h Front Desk,Beach Access,Gym,Conference Rooms,Pet Friendly,Restaurant,Balcony,Room Service,Pool,Air Conditioning",3.6,Barcelona,Spain,U000826,33,0.6895588235294119
O008121,H08121,Lastminute.com,Double,182.58,182.58,182.99,2.78,0.112,Free,True,True,Free parking,1,176.77,24.28,"[177.71, 176.17, 170.22, 171.71, 180.38, 179.53, 187.61, 184.08, 182.88, 181.95, 185.03, 179.73, 179.56, 173.52, 170.42, 169.71, 174.42, 174.96, 173.68, 174.72, 175.39, 173.86, 174.03, 171.19]",0.0221,2025-07-19T14:49:50.643028,Meyer PLC Lodge,Barcelona,"[41.387456, 2.172291]",4.0,8.9,121,Hotel,4.3,31.5,InterContinental,"Airport Shuttle,Conference Rooms,Concierge,Laundry,Air Conditioning,Bar,Kitchen,Gym,Pool,WiFi",4.4,Barcelona,Spain,U000826,33,0.6890000000000001
O018121,H08121,Travelocity,Executive,179.55,1077.3,181.4,1.27,0.096,Free,True,False,Airport shuttle,6,190.51,12.84,"[180.44, 184.42, 188.69, 186.69, 189.54, 189.96, 190.55, 192.19, 188.77, 192.37, 194.65, 196.19, 195.58, 196.75, 193.31, 192.23, 190.97, 191.02, 189.25, 187.53, 189.45, 190.52, 192.06, 189.17]",0.0121,2025-07-19T14:49:50.643028,Meyer PLC Lodge,Barcelona,"[41.387456, 2.172291]",4.0,8.9,121,Hotel,4.3,31.5,InterContinental,"Airport Shuttle,Conference Rooms,Concierge,Laundry,Air Conditioning,Bar,Kitchen,Gym,Pool,WiFi",4.4,Barcelona,Spain,U000826,33,0.6860294117647059
O027025,H07025,Travelocity,Twin,167.19,668.76,168.43,0.75,0.09,Free,True,True,0.0,4,164.93,13.34,"[165.67, 162.98, 158.41, 164.44, 163.2, 165.99, 168.75, 163.67, 166.68, 162.21, 165.5, 165.35, 168.26, 169.1, 172.41, 169.58, 169.51, 166.04, 160.53, 159.81, 157.26, 162.08, 165.02, 165.9]",0.0199,2025-07-19T14:49:50.643028,Barcelona Imperial Lodge,Barcelona,"[41.343899, 2.182858]",4.0,9.2,1977,Hotel,3.0,26.5,Westin,"Business Center,Parking,24h Front Desk,Beach Access,Gym,Conference Rooms,Pet Friendly,Restaurant,Balcony,Room Service,Pool,Air Conditioning",3.6,Barcelona,Spain,U000826,33,0.6739117647058823
O014831,H04831,Getaroom,Deluxe,186.4,1118.4,186.18,2.39,0.161,Free,False,True,Airport shuttle,6,185.64,0.98,"[187.28, 184.84, 185.93, 186.48, 185.59, 185.91, 185.84, 184.72, 186.63, 187.06, 186.48, 186.38, 186.01, 185.43, 186.12, 183.88, 183.86, 184.19, 184.58, 186.17, 184.54, 184.64, 185.72, 186.98]",0.0056,2025-07-19T14:49:50.643028,Barcelona Central Lodge,Barcelona,"[41.493778, 2.230885]",4.0,9.7,1485,Hotel,1.8,40.4,InterContinental,"Laundry,Business Center,Restaurant,Air Conditioning,Bar,Gym,Kitchen,Spa,Pet Friendly",3.7,Barcelona,Spain,U000826,33,0.6677450980392158
O024831,H04831,Booking.com,Deluxe,180.0,360.0,176.92,2.8,0.195,Non-refundable,True,False,0.0,2,181.35,0.93,"[181.02, 181.57, 183.25, 183.1, 182.91, 182.14, 180.79, 180.47, 180.25, 179.82, 181.46, 180.22, 180.86, 181.57, 180.69, 181.82, 181.9, 180.63, 179.82, 181.7, 182.0, 182.5, 180.7, 181.15]",0.0064,2025-07-19T14:49:50.643028,Barcelona Central Lodge,Barcelona,"[41.493778, 2.230885]",4.0,9.7,1485,Hotel,1.8,40.4,InterContinental,"Laundry,Business Center,Restaurant,Air Conditioning,Bar,Gym,Kitchen,Spa,Pet Friendly",3.7,Barcelona,Spain,U000826,33,0.6614705882352941
O046082,H06082,Lastminute.com,Suite,72.39,144.78,71.2,1.97,0.14,Free,True,True,Late checkout,2,70.88,6.04,"[73.74, 72.74, 73.97, 73.18, 74.16, 73.13, 72.77, 73.08, 71.54, 71.82, 72.72, 73.06, 69.75, 67.32, 70.04, 67.78, 67.21, 66.52, 67.92, 66.88, 69.31, 70.13, 71.47, 70.91]",0.0185,2025-07-19T14:49:50.643028,Silver Barcelona Resort,Barcelona,"[41.42593, 2.198419]",4.0,9.9,939,Hostel,10.6,20.9,Hyatt,"Parking,Room Service,Bar,Restaurant,Breakfast,Spa,WiFi,Airport Shuttle,Business Center,Balcony,Gym,Laundry",1.5,Barcelona,Spain,U000826,33,0.6309705882352942
O036082,H06082,Orbitz,Double,70.42,211.26,69.57,0.52,0.129,Partial,False,True,Mobile exclusive,3,71.24,3.43,"[69.25, 69.4, 69.31, 70.6, 70.44, 70.04, 70.7, 71.4, 72.02, 73.19, 72.93, 73.53, 73.45, 73.42, 73.57, 73.01, 72.79, 72.77, 72.27, 70.96, 69.69, 69.89, 67.03, 68.07]",0.0188,2025-07-19T14:49:50.643028,Silver Barcelona Resort,Barcelona,"[41.42593, 2.198419]",4.0,9.9,939,Hostel,10.6,20.9,Hyatt,"Parking,Room Service,Bar,Restaurant,Breakfast,Spa,WiFi,Airport Shuttle,Business Center,Balcony,Gym,Laundry",1.5,Barcelona,Spain,U000826,33,0.6290392156862745
O026082,H06082,Lastminute.com,Suite,67.53,135.06,67.66,2.37,0.09,Partial,False,True,Mobile exclusive,2,62.75,3.18,"[66.91, 66.6, 65.89, 65.13, 63.85, 63.48, 61.9, 61.77, 61.37, 61.1, 61.38, 60.66, 61.82, 61.49, 61.61, 63.78, 63.98, 62.17, 62.31, 62.23, 62.01, 61.91, 60.4, 62.15]",0.0158,2025-07-19T14:49:50.643028,Silver Barcelona Resort,Barcelona,"[41.42593, 2.198419]",4.0,9.9,939,Hostel,10.6,20.9,Hyatt,"Parking,Room Service,Bar,Restaurant,Breakfast,Spa,WiFi,Airport Shuttle,Business Center,Balcony,Gym,Laundry",1.5,Barcelona,Spain,U000826,33,0.6262058823529412
O046082,H06082,Lastminute.com,Suite,72.39,144.78,71.2,1.97,0.14,Free,True,True,Late checkout,2,70.88,6.04,"[73.74, 72.74, 73.97, 73.18, 74.16, 73.13, 72.77, 73.08, 71.54, 71.82, 72.72, 73.06, 69.75, 67.32, 70.04, 67.78, 67.21, 66.52, 67.92, 66.88, 69.31, 70.13, 71.47, 70.91]",0.0185,2025-07-19T14:49:50.643028,Silver Barcelona Resort,Barcelona,"[41.42593, 2.198419]",4.0,9.9,939,Hostel,10.6,20.9,Hyatt,"Parking,Room Service,Bar,Restaurant,Breakfast,Spa,WiFi,Airport Shuttle,Business Center,Balcony,Gym,Laundry",1.5,Barcelona,Spain,U000860,32,0.819544827586207
O036082,H06082,Orbitz,Double,70.42,211.26,69.57,0.52,0.129,Partial,False,True,Mobile exclusive,3,71.24,3.43,"[69.25, 69.4, 69.31, 70.6, 70.44, 70.04, 70.7, 71.4, 72.02, 73.19, 72.93, 73.53, 73.45, 73.42, 73.57, 73.01, 72.79, 72.77, 72.27, 70.96, 69.69, 69.89, 67.03, 68.07]",0.0188,2025-07-19T14:49:50.643028,Silver Barcelona Resort,Barcelona,"[41.42593, 2.198419]",4.0,9.9,939,Hostel,10.6,20.9,Hyatt,"Parking,Room Service,Bar,Restaurant,Breakfast,Spa,WiFi,Airport Shuttle,Business Center,Balcony,Gym,Laundry",1.5,Barcelona,Spain,U000860,32,0.811393103448276
O026082,H06082,Lastminute.com,Suite,67.53,135.06,67.66,2.37,0.09,Partial,False,True,Mobile exclusive,2,62.75,3.18,"[66.91, 66.6, 65.89, 65.13, 63.85, 63.48, 61.9, 61.77, 61.37, 61.1, 61.38, 60.66, 61.82, 61.49, 61.61, 63.78, 63.98, 62.17, 62.31, 62.23, 62.01, 61.91, 60.4, 62.15]",0.0158,2025-07-19T14:49:50.643028,Silver Barcelona Resort,Barcelona,"[41.42593, 2.198419]",4.0,9.9,939,Hostel,10.6,20.9,Hyatt,"Parking,Room Service,Bar,Restaurant,Breakfast,Spa,WiFi,Airport Shuttle,Business Center,Balcony,Gym,Laundry",1.5,Barcelona,Spain,U000860,32,0.7994344827586208
O047025,H07025,Expedia,Single,183.6,550.8,184.03,2.31,0.116,Non-refundable,False,False,Mobile exclusive,3,183.83,14.96,"[187.04, 189.09, 189.94, 189.21, 189.63, 186.82, 188.2, 188.49, 184.29, 181.94, 181.8, 177.19, 181.49, 183.76, 184.55, 180.47, 183.47, 183.22, 181.07, 177.13, 180.06, 178.63, 181.09, 183.27]",0.0138,2025-07-19T14:49:50.643028,Barcelona Imperial Lodge,Barcelona,"[41.343899, 2.182858]",4.0,9.2,1977,Hotel,3.0,26.5,Westin,"Business Center,Parking,24h Front Desk,Beach Access,Gym,Conference Rooms,Pet Friendly,Restaurant,Balcony,Room Service,Pool,Air Conditioning",3.6,Barcelona,Spain,U000860,32,0.6200000000000001
O004831,H04831,Priceline,Single,165.6,828.0,162.58,2.83,0.166,Non-refundable,False,False,"Free breakfast, Airport shuttle",5,161.73,24.93,"[162.1, 161.18, 164.87, 164.17, 156.67, 154.6, 158.13, 155.16, 153.54, 152.96, 155.51, 160.4, 161.2, 161.01, 161.42, 161.4, 170.91, 167.69, 166.63, 167.2, 168.67, 166.68, 164.26, 165.04]",0.0226,2025-07-19T14:49:50.643028,Barcelona Central Lodge,Barcelona,"[41.493778, 2.230885]",4.0,9.7,1485,Hotel,1.8,40.4,InterContinental,"Laundry,Business Center,Restaurant,Air Conditioning,Bar,Gym,Kitchen,Spa,Pet Friendly",3.7,Barcelona,Spain,U000860,32,0.6000000000000001
O037025,H07025,Booking.com,Deluxe,180.0,720.0,174.7,1.33,0.125,Non-refundable,False,True,Free parking,4,184.35,11.54,"[179.31, 180.94, 181.31, 180.84, 179.87, 179.79, 178.41, 180.75, 185.15, 184.76, 188.61, 187.84, 188.01, 188.35, 188.38, 188.79, 185.86, 187.83, 182.93, 185.0, 184.02, 188.19, 184.12, 185.36]",0.0135,2025-07-19T14:49:50.643028,Barcelona Imperial Lodge,Barcelona,"[41.343899, 2.182858]",4.0,9.2,1977,Hotel,3.0,26.5,Westin,"Business Center,Parking,24h Front Desk,Beach Access,Gym,Conference Rooms,Pet Friendly,Restaurant,Balcony,Room Service,Pool,Air Conditioning",3.6,Barcelona,Spain,U000860,32,0.52
O007025,H07025,Getaroom,Family,192.55,770.2,194.33,0.8,0.173,Free,True,True,Late checkout,4,196.55,12.24,"[192.1, 192.24, 195.65, 194.06, 194.7, 196.2, 191.38, 190.53, 193.82, 195.59, 193.17, 195.76, 197.48, 201.59, 203.06, 203.54, 199.79, 200.6, 198.46, 199.26, 197.62, 196.43, 198.59, 195.69]",0.0113,2025-07-19T14:49:50.643028,Barcelona Imperial Lodge,Barcelona,"[41.343899, 2.182858]",4.0,9.2,1977,Hotel,3.0,26.5,Westin,"Business Center,Parking,24h Front Desk,Beach Access,Gym,Conference Rooms,Pet Friendly,Restaurant,Balcony,Room Service,Pool,Air Conditioning",3.6,Barcelona,Spain,U000860,32,0.52
O003395,H03395,Hotels.com,Deluxe,352.8,705.6,356.08,2.73,0.165,Free,True,False,0.0,2,347.52,32.78,"[350.63, 355.36, 352.33, 346.52, 347.2, 351.48, 345.16, 343.02, 343.69, 343.73, 345.19, 344.28, 344.03, 344.53, 353.5, 342.26, 344.13, 338.87, 344.6, 338.87, 348.16, 353.37, 357.03, 362.53]",0.0162,2025-07-19T14:49:50.643028,Park Barcelona Resort,Barcelona,"[41.352247, 2.179165]",5.0,10.0,613,Hotel,7.2,11.7,Hilton,"Concierge,Pool,Pet Friendly,Air Conditioning,Balcony,Laundry,Gym,Restaurant,Conference Rooms,Business Center,Airport Shuttle",4.3,Barcelona,Spain,U000860,32,0.52
O043395,H03395,Priceline,Suite,331.2,1324.8,325.98,2.31,0.098,Free,False,False,"Kids stay free, Spa discount",4,335.0,91.06,"[327.02, 315.9, 320.59, 325.0, 323.43, 329.47, 324.01, 325.41, 328.71, 336.18, 335.94, 331.41, 335.08, 341.18, 344.63, 345.28, 350.05, 349.18, 342.6, 346.19, 345.5, 339.97, 336.42, 340.77]",0.0186,2025-07-19T14:49:50.643028,Park Barcelona Resort,Barcelona,"[41.352247, 2.179165]",5.0,10.0,613,Hotel,7.2,11.7,Hilton,"Concierge,Pool,Pet Friendly,Air Conditioning,Balcony,Laundry,Gym,Restaurant,Conference Rooms,Business Center,Airport Shuttle",4.3,Barcelona,Spain,U000860,32,0.52
O023395,H03395,Kayak,Double,393.0,2358.0,375.03,1.34,0.17,Free,True,True,"Free breakfast, Free parking",6,402.19,53.99,"[404.23, 400.7, 411.89, 408.03, 406.22, 407.63, 401.76, 404.21, 402.39, 407.12, 413.17, 408.32, 411.45, 405.91, 397.53, 393.45, 394.94, 397.87, 402.54, 403.47, 405.08, 393.74, 388.42, 382.47]",0.0147,2025-07-19T14:49:50.643028,Park Barcelona Resort,Barcelona,"[41.352247, 2.179165]",5.0,10.0,613,Hotel,7.2,11.7,Hilton,"Concierge,Pool,Pet Friendly,Air Conditioning,Balcony,Laundry,Gym,Restaurant,Conference Rooms,Business Center,Airport Shuttle",4.3,Barcelona,Spain,U000860,32,0.52
O044831,H04831,Expedia,Suite,183.6,734.4,181.02,1.08,0.168,Non-refundable,True,True,Free cancellation,4,179.34,5.38,"[181.55, 181.57, 179.57, 179.57, 180.45, 184.26, 181.25, 179.26, 180.83, 180.74, 178.5, 178.11, 177.16, 178.41, 177.48, 178.12, 181.86, 182.27, 181.34, 175.93, 176.07, 175.27, 179.19, 175.44]",0.0148,2025-07-19T14:49:50.643028,Barcelona Central Lodge,Barcelona,"[41.493778, 2.230885]",4.0,9.7,1485,Hotel,1.8,40.4,InterContinental,"Laundry,Business Center,Restaurant,Air Conditioning,Bar,Gym,Kitchen,Spa,Pet Friendly",3.7,Barcelona,Spain,U000860,32,0.5
O014831,H04831,Getaroom,Deluxe,186.4,1118.4,186.18,2.39,0.161,Free,False,True,Airport shuttle,6,185.64,0.98,"[187.28, 184.84, 185.93, 186.48, 185.59, 185.91, 185.84, 184.72, 186.63, 187.06, 186.48, 186.38, 186.01, 185.43, 186.12, 183.88, 183.86, 184.19, 184.58, 186.17, 184.54, 184.64, 185.72, 186.98]",0.0056,2025-07-19T14:49:50.643028,Barcelona Central Lodge,Barcelona,"[41.493778, 2.230885]",4.0,9.7,1485,Hotel,1.8,40.4,InterContinental,"Laundry,Business Center,Restaurant,Air Conditioning,Bar,Gym,Kitchen,Spa,Pet Friendly",3.7,Barcelona,Spain,U000860,32,0.5
O048121,H08121,Getaroom,Family,197.26,591.78,194.93,0.62,0.176,Free,False,False,0.0,3,199.82,13.11,"[196.68, 198.1, 196.9, 198.29, 198.94, 198.21, 197.11, 197.37, 200.24, 199.66, 200.87, 199.74, 204.18, 205.56, 205.52, 205.92, 208.09, 203.62, 196.14, 197.9, 199.35, 195.42, 194.92, 197.04]",0.0127,2025-07-19T14:49:50.643028,Meyer PLC Lodge,Barcelona,"[41.387456, 2.172291]",4.0,8.9,121,Hotel,4.3,31.5,InterContinental,"Airport Shuttle,Conference Rooms,Concierge,Laundry,Air Conditioning,Bar,Kitchen,Gym,Pool,WiFi",4.4,Barcelona,Spain,U000860,32,0.5
O028121,H08121,Hotwire,Deluxe,191.11,764.44,187.28,1.05,0.105,Non-refundable,True,False,Free cancellation,4,195.04,3.28,"[192.25, 191.81, 191.71, 192.33, 192.99, 194.61, 194.45, 195.17, 196.08, 196.62, 195.58, 196.2, 196.75, 196.9, 197.86, 197.44, 196.65, 197.43, 194.57, 195.84, 194.14, 193.62, 194.79, 195.11]",0.0076,2025-07-19T14:49:50.643028,Meyer PLC Lodge,Barcelona,"[41.387456, 2.172291]",4.0,8.9,121,Hotel,4.3,31.5,InterContinental,"Airport Shuttle,Conference Rooms,Concierge,Laundry,Air Conditioning,Bar,Kitchen,Gym,Pool,WiFi",4.4,Barcelona,Spain,U000860,32,0.5
O018121,H08121,Travelocity,Executive,179.55,1077.3,181.4,1.27,0.096,Free,True,False,Airport shuttle,6,190.51,12.84,"[180.44, 184.42, 188.69, 186.69, 189.54, 189.96, 190.55, 192.19, 188.77, 192.37, 194.65, 196.19, 195.58, 196.75, 193.31, 192.23, 190.97, 191.02, 189.25, 187.53, 189.45, 190.52, 192.06, 189.17]",0.0121,2025-07-19T14:49:50.643028,Meyer PLC Lodge,Barcelona,"[41.387456, 2.172291]",4.0,8.9,121,Hotel,4.3,31.5,InterContinental,"Airport Shuttle,Conference Rooms,Concierge,Laundry,Air Conditioning,Bar,Kitchen,Gym,Pool,WiFi",4.4,Barcelona,Spain,U000860,32,0.5
O003395,H03395,Hotels.com,Deluxe,352.8,705.6,356.08,2.73,0.165,Free,True,False,0.0,2,347.52,32.78,"[350.63, 355.36, 352.33, 346.52, 347.2, 351.48, 345.16, 343.02, 343.69, 343.73, 345.19, 344.28, 344.03, 344.53, 353.5, 342.26, 344.13, 338.87, 344.6, 338.87, 348.16, 353.37, 357.03, 362.53]",0.0162,2025-07-19T14:49:50.643028,Park Barcelona Resort,Barcelona,"[41.352247, 2.179165]",5.0,10.0,613,Hotel,7.2,11.7,Hilton,"Concierge,Pool,Pet Friendly,Air Conditioning,Balcony,Laundry,Gym,Restaurant,Conference Rooms,Business Center,Airport Shuttle",4.3,Barcelona,Spain,U000702,30,0.8150632911392406
O013395,H03395,HRS,Twin,363.9,727.8,361.73,0.77,0.181,Partial,True,True,Room upgrade,2,376.68,153.28,"[371.54, 368.01, 362.12, 362.09, 358.78, 367.98, 360.71, 356.61, 363.69, 379.32, 381.46, 392.56, 393.75, 396.21, 393.73, 384.82, 382.95, 391.14, 389.7, 384.7, 380.34, 375.64, 376.79, 365.7]",0.0208,2025-07-19T14:49:50.643028,Park Barcelona Resort,Barcelona,"[41.352247, 2.179165]",5.0,10.0,613,Hotel,7.2,11.7,Hilton,"Concierge,Pool,Pet Friendly,Air Conditioning,Balcony,Laundry,Gym,Restaurant,Conference Rooms,Business Center,Airport Shuttle",4.3,Barcelona,Spain,U000702,30,0.8045253164556962
O047025,H07025,Expedia,Single,183.6,550.8,184.03,2.31,0.116,Non-refundable,False,False,Mobile exclusive,3,183.83,14.96,"[187.04, 189.09, 189.94, 189.21, 189.63, 186.82, 188.2, 188.49, 184.29, 181.94, 181.8, 177.19, 181.49, 183.76, 184.55, 180.47, 183.47, 183.22, 181.07, 177.13, 180.06, 178.63, 181.09, 183.27]",0.0138,2025-07-19T14:49:50.643028,Barcelona Imperial Lodge,Barcelona,"[41.343899, 2.182858]",4.0,9.2,1977,Hotel,3.0,26.5,Westin,"Business Center,Parking,24h Front Desk,Beach Access,Gym,Conference Rooms,Pet Friendly,Restaurant,Balcony,Room Service,Pool,Air Conditioning",3.6,Barcelona,Spain,U000702,30,0.7843037974683545
O023395,H03395,Kayak,Double,393.0,2358.0,375.03,1.34,0.17,Free,True,True,"Free breakfast, Free parking",6,402.19,53.99,"[404.23, 400.7, 411.89, 408.03, 406.22, 407.63, 401.76, 404.21, 402.39, 407.12, 413.17, 408.32, 411.45, 405.91, 397.53, 393.45, 394.94, 397.87, 402.54, 403.47, 405.08, 393.74, 388.42, 382.47]",0.0147,2025-07-19T14:49:50.643028,Park Barcelona Resort,Barcelona,"[41.352247, 2.179165]",5.0,10.0,613,Hotel,7.2,11.7,Hilton,"Concierge,Pool,Pet Friendly,Air Conditioning,Balcony,Laundry,Gym,Restaurant,Conference Rooms,Business Center,Airport Shuttle",4.3,Barcelona,Spain,U000702,30,0.7768987341772152
O048121,H08121,Getaroom,Family,197.26,591.78,194.93,0.62,0.176,Free,False,False,0.0,3,199.82,13.11,"[196.68, 198.1, 196.9, 198.29, 198.94, 198.21, 197.11, 197.37, 200.24, 199.66, 200.87, 199.74, 204.18, 205.56, 205.52, 205.92, 208.09, 203.62, 196.14, 197.9, 199.35, 195.42, 194.92, 197.04]",0.0127,2025-07-19T14:49:50.643028,Meyer PLC Lodge,Barcelona,"[41.387456, 2.172291]",4.0,8.9,121,Hotel,4.3,31.5,InterContinental,"Airport Shuttle,Conference Rooms,Concierge,Laundry,Air Conditioning,Bar,Kitchen,Gym,Pool,WiFi",4.4,Barcelona,Spain,U000702,30,0.6972721518987341
O038121,H08121,Expedia,Family,183.6,1101.6,187.16,2.19,0.124,Partial,True,True,0.0,6,190.06,22.68,"[186.28, 182.37, 185.86, 185.34, 183.53, 188.01, 185.69, 188.65, 186.01, 187.17, 192.57, 192.47, 199.82, 198.29, 196.73, 193.56, 192.7, 192.29, 197.39, 194.42, 188.78, 187.69, 186.31, 189.48]",0.021,2025-07-19T14:49:50.643028,Meyer PLC Lodge,Barcelona,"[41.387456, 2.172291]",4.0,8.9,121,Hotel,4.3,31.5,InterContinental,"Airport Shuttle,Conference Rooms,Concierge,Laundry,Air Conditioning,Bar,Kitchen,Gym,Pool,WiFi",4.4,Barcelona,Spain,U000702,30,0.6843037974683546
O037025,H07025,Booking.com,Deluxe,180.0,720.0,174.7,1.33,0.125,Non-refundable,False,True,Free parking,4,184.35,11.54,"[179.31, 180.94, 181.31, 180.84, 179.87, 179.79, 178.41, 180.75, 185.15, 184.76, 188.61, 187.84, 188.01, 188.35, 188.38, 188.79, 185.86, 187.83, 182.93, 185.0, 184.02, 188.19, 184.12, 185.36]",0.0135,2025-07-19T14:49:50.643028,Barcelona Imperial Lodge,Barcelona,"[41.343899, 2.182858]",4.0,9.2,1977,Hotel,3.0,26.5,Westin,"Business Center,Parking,24h Front Desk,Beach Access,Gym,Conference Rooms,Pet Friendly,Restaurant,Balcony,Room Service,Pool,Air Conditioning",3.6,Barcelona,Spain,U000702,30,0.6808860759493671
O018121,H08121,Travelocity,Executive,179.55,1077.3,181.4,1.27,0.096,Free,True,False,Airport shuttle,6,190.51,12.84,"[180.44, 184.42, 188.69, 186.69, 189.54, 189.96, 190.55, 192.19, 188.77, 192.37, 194.65, 196.19, 195.58, 196.75, 193.31, 192.23, 190.97, 191.02, 189.25, 187.53, 189.45, 190.52, 192.06, 189.17]",0.0121,2025-07-19T14:49:50.643028,Meyer PLC Lodge,Barcelona,"[41.387456, 2.172291]",4.0,8.9,121,Hotel,4.3,31.5,InterContinental,"Airport Shuttle,Conference Rooms,Concierge,Laundry,Air Conditioning,Bar,Kitchen,Gym,Pool,WiFi",4.4,Barcelona,Spain,U000702,30,0.6804588607594937
O014831,H04831,Getaroom,Deluxe,186.4,1118.4,186.18,2.39,0.161,Free,False,True,Airport shuttle,6,185.64,0.98,"[187.28, 184.84, 185.93, 186.48, 185.59, 185.91, 185.84, 184.72, 186.63, 187.06, 186.48, 186.38, 186.01, 185.43, 186.12, 183.88, 183.86, 184.19, 184.58, 186.17, 184.54, 184.64, 185.72, 186.98]",0.0056,2025-07-19T14:49:50.643028,Barcelona Central Lodge,Barcelona,"[41.493778, 2.230885]",4.0,9.7,1485,Hotel,1.8,40.4,InterContinental,"Laundry,Business Center,Restaurant,Air Conditioning,Bar,Gym,Kitchen,Spa,Pet Friendly",3.7,Barcelona,Spain,U000702,30,0.670295358649789
O027025,H07025,Travelocity,Twin,167.19,668.76,168.43,0.75,0.09,Free,True,True,0.0,4,164.93,13.34,"[165.67, 162.98, 158.41, 164.44, 163.2, 165.99, 168.75, 163.67, 166.68, 162.21, 165.5, 165.35, 168.26, 169.1, 172.41, 169.58, 169.51, 166.04, 160.53, 159.81, 157.26, 162.08, 165.02, 165.9]",0.0199,2025-07-19T14:49:50.643028,Barcelona Imperial Lodge,Barcelona,"[41.343899, 2.182858]",4.0,9.2,1977,Hotel,3.0,26.5,Westin,"Business Center,Parking,24h Front Desk,Beach Access,Gym,Conference Rooms,Pet Friendly,Restaurant,Balcony,Room Service,Pool,Air Conditioning",3.6,Barcelona,Spain,U000702,30,0.6687246835443039
O044831,H04831,Expedia,Suite,183.6,734.4,181.02,1.08,0.168,Non-refundable,True,True,Free cancellation,4,179.34,5.38,"[181.55, 181.57, 179.57, 179.57, 180.45, 184.26, 181.25, 179.26, 180.83, 180.74, 178.5, 178.11, 177.16, 178.41, 177.48, 178.12, 181.86, 182.27, 181.34, 175.93, 176.07, 175.27, 179.19, 175.44]",0.0148,2025-07-19T14:49:50.643028,Barcelona Central Lodge,Barcelona,"[41.493778, 2.230885]",4.0,9.7,1485,Hotel,1.8,40.4,InterContinental,"Laundry,Business Center,Restaurant,Air Conditioning,Bar,Gym,Kitchen,Spa,Pet Friendly",3.7,Barcelona,Spain,U000702,30,0.6676371308016879
O024831,H04831,Booking.com,Deluxe,180.0,360.0,176.92,2.8,0.195,Non-refundable,True,False,0.0,2,181.35,0.93,"[181.02, 181.57, 183.25, 183.1, 182.91, 182.14, 180.79, 180.47, 180.25, 179.82, 181.46, 180.22, 180.86, 181.57, 180.69, 181.82, 181.9, 180.63, 179.82, 181.7, 182.0, 182.5, 180.7, 181.15]",0.0064,2025-07-19T14:49:50.643028,Barcelona Central Lodge,Barcelona,"[41.493778, 2.230885]",4.0,9.7,1485,Hotel,1.8,40.4,InterContinental,"Laundry,Business Center,Restaurant,Air Conditioning,Bar,Gym,Kitchen,Spa,Pet Friendly",3.7,Barcelona,Spain,U000702,30,0.6642194092827004
O016082,H06082,Travelocity,Double,75.72,75.72,74.47,1.15,0.166,Free,True,False,0.0,1,78.36,2.28,"[76.62, 77.45, 78.12, 78.98, 78.7, 77.47, 75.57, 76.4, 76.24, 76.12, 77.57, 78.43, 79.41, 79.48, 79.26, 79.41, 79.9, 80.43, 77.84, 78.36, 78.19, 78.41, 80.29, 81.95]",0.0149,2025-07-19T14:49:50.643028,Silver Barcelona Resort,Barcelona,"[41.42593, 2.198419]",4.0,9.9,939,Hostel,10.6,20.9,Hyatt,"Parking,Room Service,Bar,Restaurant,Breakfast,Spa,WiFi,Airport Shuttle,Business Center,Balcony,Gym,Laundry",1.5,Barcelona,Spain,U000702,30,0.6152194092827005
O026082,H06082,Lastminute.com,Suite,67.53,135.06,67.66,2.37,0.09,Partial,False,True,Mobile exclusive,2,62.75,3.18,"[66.91, 66.6, 65.89, 65.13, 63.85, 63.48, 61.9, 61.77, 61.37, 61.1, 61.38, 60.66, 61.82, 61.49, 61.61, 63.78, 63.98, 62.17, 62.31, 62.23, 62.01, 61.91, 60.4, 62.15]",0.0158,2025-07-19T14:49:50.643028,Silver Barcelona Resort,Barcelona,"[41.42593, 2.198419]",4.0,9.9,939,Hostel,10.6,20.9,Hyatt,"Parking,Room Service,Bar,Restaurant,Breakfast,Spa,WiFi,Airport Shuttle,Business Center,Balcony,Gym,Laundry",1.5,Barcelona,Spain,U000702,30,0.6074440928270043
O006082,H06082,Priceline,Double,66.24,463.68,65.1,1.21,0.114,Partial,True,False,Room upgrade,7,65.44,1.87,"[65.35, 67.06, 66.92, 64.95, 64.55, 66.77, 65.85, 65.14, 65.06, 64.53, 64.57, 64.87, 65.82, 63.98, 63.67, 64.23, 64.63, 63.22, 63.8, 64.98, 67.69, 68.0, 67.84, 66.96]",0.0181,2025-07-19T14:49:50.643028,Silver Barcelona Resort,Barcelona,"[41.42593, 2.198419]",4.0,9.9,939,Hostel,10.6,20.9,Hyatt,"Parking,Room Service,Bar,Restaurant,Breakfast,Spa,WiFi,Airport Shuttle,Business Center,Balcony,Gym,Laundry",1.5,Barcelona,Spain,U000702,30,0.6062194092827005
O026082,H06082,Lastminute.com,Suite,67.53,135.06,67.66,2.37,0.09,Partial,False,True,Mobile exclusive,2,62.75,3.18,"[66.91, 66.6, 65.89, 65.13, 63.85, 63.48, 61.9, 61.77, 61.37, 61.1, 61.38, 60.66, 61.82, 61.49, 61.61, 63.78, 63.98, 62.17, 62.31, 62.23, 62.01, 61.91, 60.4, 62.15]",0.0158,2025-07-19T14:49:50.643028,Silver Barcelona Resort,Barcelona,"[41.42593, 2.198419]",4.0,9.9,939,Hostel,10.6,20.9,Hyatt,"Parking,Room Service,Bar,Restaurant,Breakfast,Spa,WiFi,Airport Shuttle,Business Center,Balcony,Gym,Laundry",1.5,Barcelona,Spain,U000590,30,0.8294142857142859
O006082,H06082,Priceline,Double,66.24,463.68,65.1,1.21,0.114,Partial,True,False,Room upgrade,7,65.44,1.87,"[65.35, 67.06, 66.92, 64.95, 64.55, 66.77, 65.85, 65.14, 65.06, 64.53, 64.57, 64.87, 65.82, 63.98, 63.67, 64.23, 64.63, 63.22, 63.8, 64.98, 67.69, 68.0, 67.84, 66.96]",0.0181,2025-07-19T14:49:50.643028,Silver Barcelona Resort,Barcelona,"[41.42593, 2.198419]",4.0,9.9,939,Hostel,10.6,20.9,Hyatt,"Parking,Room Service,Bar,Restaurant,Breakfast,Spa,WiFi,Airport Shuttle,Business Center,Balcony,Gym,Laundry",1.5,Barcelona,Spain,U000590,30,0.8238857142857143
O016082,H06082,Travelocity,Double,75.72,75.72,74.47,1.15,0.166,Free,True,False,0.0,1,78.36,2.28,"[76.62, 77.45, 78.12, 78.98, 78.7, 77.47, 75.57, 76.4, 76.24, 76.12, 77.57, 78.43, 79.41, 79.48, 79.26, 79.41, 79.9, 80.43, 77.84, 78.36, 78.19, 78.41, 80.29, 81.95]",0.0149,2025-07-19T14:49:50.643028,Silver Barcelona Resort,Barcelona,"[41.42593, 2.198419]",4.0,9.9,939,Hostel,10.6,20.9,Hyatt,"Parking,Room Service,Bar,Restaurant,Breakfast,Spa,WiFi,Airport Shuttle,Business Center,Balcony,Gym,Laundry",1.5,Barcelona,Spain,U000590,30,0.8154857142857144
O047025,H07025,Expedia,Single,183.6,550.8,184.03,2.31,0.116,Non-refundable,False,False,Mobile exclusive,3,183.83,14.96,"[187.04, 189.09, 189.94, 189.21, 189.63, 186.82, 188.2, 188.49, 184.29, 181.94, 181.8, 177.19, 181.49, 183.76, 184.55, 180.47, 183.47, 183.22, 181.07, 177.13, 180.06, 178.63, 181.09, 183.27]",0.0138,2025-07-19T14:49:50.643028,Barcelona Imperial Lodge,Barcelona,"[41.343899, 2.182858]",4.0,9.2,1977,Hotel,3.0,26.5,Westin,"Business Center,Parking,24h Front Desk,Beach Access,Gym,Conference Rooms,Pet Friendly,Restaurant,Balcony,Room Service,Pool,Air Conditioning",3.6,Barcelona,Spain,U000590,30,0.6000000000000001
O004831,H04831,Priceline,Single,165.6,828.0,162.58,2.83,0.166,Non-refundable,False,False,"Free breakfast, Airport shuttle",5,161.73,24.93,"[162.1, 161.18, 164.87, 164.17, 156.67, 154.6, 158.13, 155.16, 153.54, 152.96, 155.51, 160.4, 161.2, 161.01, 161.42, 161.4, 170.91, 167.69, 166.63, 167.2, 168.67, 166.68, 164.26, 165.04]",0.0226,2025-07-19T14:49:50.643028,Barcelona Central Lodge,Barcelona,"[41.493778, 2.230885]",4.0,9.7,1485,Hotel,1.8,40.4,InterContinental,"Laundry,Business Center,Restaurant,Air Conditioning,Bar,Gym,Kitchen,Spa,Pet Friendly",3.7,Barcelona,Spain,U000590,30,0.5800000000000001
O033395,H03395,Hotwire,Suite,343.28,1373.12,351.83,1.44,0.197,Free,False,False,0.0,4,338.03,117.6,"[343.28, 340.28, 335.8, 344.11, 344.38, 347.38, 347.75, 353.32, 361.11, 345.15, 344.02, 335.86, 332.86, 334.05, 342.97, 346.5, 337.37, 331.69, 325.91, 323.53, 333.55, 327.71, 325.12, 309.07]",0.0211,2025-07-19T14:49:50.643028,Park Barcelona Resort,Barcelona,"[41.352247, 2.179165]",5.0,10.0,613,Hotel,7.2,11.7,Hilton,"Concierge,Pool,Pet Friendly,Air Conditioning,Balcony,Laundry,Gym,Restaurant,Conference Rooms,Business Center,Airport Shuttle",4.3,Barcelona,Spain,U000590,30,0.54
O003395,H03395,Hotels.com,Deluxe,352.8,705.6,356.08,2.73,0.165,Free,True,False,0.0,2,347.52,32.78,"[350.63, 355.36, 352.33, 346.52, 347.2, 351.48, 345.16, 343.02, 343.69, 343.73, 345.19, 344.28, 344.03, 344.53, 353.5, 342.26, 344.13, 338.87, 344.6, 338.87, 348.16, 353.37, 357.03, 362.53]",0.0162,2025-07-19T14:49:50.643028,Park Barcelona Resort,Barcelona,"[41.352247, 2.179165]",5.0,10.0,613,Hotel,7.2,11.7,Hilton,"Concierge,Pool,Pet Friendly,Air Conditioning,Balcony,Laundry,Gym,Restaurant,Conference Rooms,Business Center,Airport Shuttle",4.3,Barcelona,Spain,U000590,30,0.54
O023395,H03395,Kayak,Double,393.0,2358.0,375.03,1.34,0.17,Free,True,True,"Free breakfast, Free parking",6,402.19,53.99,"[404.23, 400.7, 411.89, 408.03, 406.22, 407.63, 401.76, 404.21, 402.39, 407.12, 413.17, 408.32, 411.45, 405.91, 397.53, 393.45, 394.94, 397.87, 402.54, 403.47, 405.08, 393.74, 388.42, 382.47]",0.0147,2025-07-19T14:49:50.643028,Park Barcelona Resort,Barcelona,"[41.352247, 2.179165]",5.0,10.0,613,Hotel,7.2,11.7,Hilton,"Concierge,Pool,Pet Friendly,Air Conditioning,Balcony,Laundry,Gym,Restaurant,Conference Rooms,Business Center,Airport Shuttle",4.3,Barcelona,Spain,U000590,30,0.54
O028121,H08121,Hotwire,Deluxe,191.11,764.44,187.28,1.05,0.105,Non-refundable,True,False,Free cancellation,4,195.04,3.28,"[192.25, 191.81, 191.71, 192.33, 192.99, 194.61, 194.45, 195.17, 196.08, 196.62, 195.58, 196.2, 196.75, 196.9, 197.86, 197.44, 196.65, 197.43, 194.57, 195.84, 194.14, 193.62, 194.79, 195.11]",0.0076,2025-07-19T14:49:50.643028,Meyer PLC Lodge,Barcelona,"[41.387456, 2.172291]",4.0,8.9,121,Hotel,4.3,31.5,InterContinental,"Airport Shuttle,Conference Rooms,Concierge,Laundry,Air Conditioning,Bar,Kitchen,Gym,Pool,WiFi",4.4,Barcelona,Spain,U000590,30,0.5
O038121,H08121,Expedia,Family,183.6,1101.6,187.16,2.19,0.124,Partial,True,True,0.0,6,190.06,22.68,"[186.28, 182.37, 185.86, 185.34, 183.53, 188.01, 185.69, 188.65, 186.01, 187.17, 192.57, 192.47, 199.82, 198.29, 196.73, 193.56, 192.7, 192.29, 197.39, 194.42, 188.78, 187.69, 186.31, 189.48]",0.021,2025-07-19T14:49:50.643028,Meyer PLC Lodge,Barcelona,"[41.387456, 2.172291]",4.0,8.9,121,Hotel,4.3,31.5,InterContinental,"Airport Shuttle,Conference Rooms,Concierge,Laundry,Air Conditioning,Bar,Kitchen,Gym,Pool,WiFi",4.4,Barcelona,Spain,U000590,30,0.5
O048121,H08121,Getaroom,Family,197.26,591.78,194.93,0.62,0.176,Free,False,False,0.0,3,199.82,13.11,"[196.68, 198.1, 196.9, 198.29, 198.94, 198.21, 197.11, 197.37, 200.24, 199.66, 200.87, 199.74, 204.18, 205.56, 205.52, 205.92, 208.09, 203.62, 196.14, 197.9, 199.35, 195.42, 194.92, 197.04]",0.0127,2025-07-19T14:49:50.643028,Meyer PLC Lodge,Barcelona,"[41.387456, 2.172291]",4.0,8.9,121,Hotel,4.3,31.5,InterContinental,"Airport Shuttle,Conference Rooms,Concierge,Laundry,Air Conditioning,Bar,Kitchen,Gym,Pool,WiFi",4.4,Barcelona,Spain,U000590,30,0.5
O017025,H07025,Hotwire,Executive,183.15,183.15,184.9,2.75,0.194,Free,True,False,Free cancellation,1,179.61,10.4,"[184.87, 183.64, 182.31, 182.37, 178.95, 183.04, 181.74, 179.7, 178.24, 179.01, 179.61, 183.64, 183.44, 179.94, 181.25, 181.21, 179.52, 177.81, 176.34, 173.5, 175.81, 176.04, 174.06, 174.48]",0.0185,2025-07-19T14:49:50.643028,Barcelona Imperial Lodge,Barcelona,"[41.343899, 2.182858]",4.0,9.2,1977,Hotel,3.0,26.5,Westin,"Business Center,Parking,24h Front Desk,Beach Access,Gym,Conference Rooms,Pet Friendly,Restaurant,Balcony,Room Service,Pool,Air Conditioning",3.6,Barcelona,Spain,U000590,30,0.5
O007025,H07025,Getaroom,Family,192.55,770.2,194.33,0.8,0.173,Free,True,True,Late checkout,4,196.55,12.24,"[192.1, 192.24, 195.65, 194.06, 194.7, 196.2, 191.38, 190.53, 193.82, 195.59, 193.17, 195.76, 197.48, 201.59, 203.06, 203.54, 199.79, 200.6, 198.46, 199.26, 197.62, 196.43, 198.59, 195.69]",0.0113,2025-07-19T14:49:50.643028,Barcelona Imperial Lodge,Barcelona,"[41.343899, 2.182858]",4.0,9.2,1977,Hotel,3.0,26.5,Westin,"Business Center,Parking,24h Front Desk,Beach Access,Gym,Conference Rooms,Pet Friendly,Restaurant,Balcony,Room Service,Pool,Air Conditioning",3.6,Barcelona,Spain,U000590,30,0.5
O044831,H04831,Expedia,Suite,183.6,734.4,181.02,1.08,0.168,Non-refundable,True,True,Free cancellation,4,179.34,5.38,"[181.55, 181.57, 179.57, 179.57, 180.45, 184.26, 181.25, 179.26, 180.83, 180.74, 178.5, 178.11, 177.16, 178.41, 177.48, 178.12, 181.86, 182.27, 181.34, 175.93, 176.07, 175.27, 179.19, 175.44]",0.0148,2025-07-19T14:49:50.643028,Barcelona Central Lodge,Barcelona,"[41.493778, 2.230885]",4.0,9.7,1485,Hotel,1.8,40.4,InterContinental,"Laundry,Business Center,Restaurant,Air Conditioning,Bar,Gym,Kitchen,Spa,Pet Friendly",3.7,Barcelona,Spain,U000590,30,0.48000000000000004
O024831,H04831,Booking.com,Deluxe,180.0,360.0,176.92,2.8,0.195,Non-refundable,True,False,0.0,2,181.35,0.93,"[181.02, 181.57, 183.25, 183.1, 182.91, 182.14, 180.79, 180.47, 180.25, 179.82, 181.46, 180.22, 180.86, 181.57, 180.69, 181.82, 181.9, 180.63, 179.82, 181.7, 182.0, 182.5, 180.7, 181.15]",0.0064,2025-07-19T14:49:50.643028,Barcelona Central Lodge,Barcelona,"[41.493778, 2.230885]",4.0,9.7,1485,Hotel,1.8,40.4,InterContinental,"Laundry,Business Center,Restaurant,Air Conditioning,Bar,Gym,Kitchen,Spa,Pet Friendly",3.7,Barcelona,Spain,U000590,30,0.48000000000000004
O046082,H06082,Lastminute.com,Suite,72.39,144.78,71.2,1.97,0.14,Free,True,True,Late checkout,2,70.88,6.04,"[73.74, 72.74, 73.97, 73.18, 74.16, 73.13, 72.77, 73.08, 71.54, 71.82, 72.72, 73.06, 69.75, 67.32, 70.04, 67.78, 67.21, 66.52, 67.92, 66.88, 69.31, 70.13, 71.47, 70.91]",0.0185,2025-07-19T14:49:50.643028,Silver Barcelona Resort,Barcelona,"[41.42593, 2.198419]",4.0,9.9,939,Hostel,10.6,20.9,Hyatt,"Parking,Room Service,Bar,Restaurant,Breakfast,Spa,WiFi,Airport Shuttle,Business Center,Balcony,Gym,Laundry",1.5,Barcelona,Spain,U000470,33,0.8324931506849316
O036082,H06082,Orbitz,Double,70.42,211.26,69.57,0.52,0.129,Partial,False,True,Mobile exclusive,3,71.24,3.43,"[69.25, 69.4, 69.31, 70.6, 70.44, 70.04, 70.7, 71.4, 72.02, 73.19, 72.93, 73.53, 73.45, 73.42, 73.57, 73.01, 72.79, 72.77, 72.27, 70.96, 69.69, 69.89, 67.03, 68.07]",0.0188,2025-07-19T14:49:50.643028,Silver Barcelona Resort,Barcelona,"[41.42593, 2.198419]",4.0,9.9,939,Hostel,10.6,20.9,Hyatt,"Parking,Room Service,Bar,Restaurant,Breakfast,Spa,WiFi,Airport Shuttle,Business Center,Balcony,Gym,Laundry",1.5,Barcelona,Spain,U000470,33,0.8243972602739726
O026082,H06082,Lastminute.com,Suite,67.53,135.06,67.66,2.37,0.09,Partial,False,True,Mobile exclusive,2,62.75,3.18,"[66.91, 66.6, 65.89, 65.13, 63.85, 63.48, 61.9, 61.77, 61.37, 61.1, 61.38, 60.66, 61.82, 61.49, 61.61, 63.78, 63.98, 62.17, 62.31, 62.23, 62.01, 61.91, 60.4, 62.15]",0.0158,2025-07-19T14:49:50.643028,Silver Barcelona Resort,Barcelona,"[41.42593, 2.198419]",4.0,9.9,939,Hostel,10.6,20.9,Hyatt,"Parking,Room Service,Bar,Restaurant,Breakfast,Spa,WiFi,Airport Shuttle,Business Center,Balcony,Gym,Laundry",1.5,Barcelona,Spain,U000470,33,0.8125205479452056
O047025,H07025,Expedia,Single,183.6,550.8,184.03,2.31,0.116,Non-refundable,False,False,Mobile exclusive,3,183.83,14.96,"[187.04, 189.09, 189.94, 189.21, 189.63, 186.82, 188.2, 188.49, 184.29, 181.94, 181.8, 177.19, 181.49, 183.76, 184.55, 180.47, 183.47, 183.22, 181.07, 177.13, 180.06, 178.63, 181.09, 183.27]",0.0138,2025-07-19T14:49:50.643028,Barcelona Imperial Lodge,Barcelona,"[41.343899, 2.182858]",4.0,9.2,1977,Hotel,3.0,26.5,Westin,"Business Center,Parking,24h Front Desk,Beach Access,Gym,Conference Rooms,Pet Friendly,Restaurant,Balcony,Room Service,Pool,Air Conditioning",3.6,Barcelona,Spain,U000470,33,0.5850000000000001
O004831,H04831,Priceline,Single,165.6,828.0,162.58,2.83,0.166,Non-refundable,False,False,"Free breakfast, Airport shuttle",5,161.73,24.93,"[162.1, 161.18, 164.87, 164.17, 156.67, 154.6, 158.13, 155.16, 153.54, 152.96, 155.51, 160.4, 161.2, 161.01, 161.42, 161.4, 170.91, 167.69, 166.63, 167.2, 168.67, 166.68, 164.26, 165.04]",0.0226,2025-07-19T14:49:50.643028,Barcelona Central Lodge,Barcelona,"[41.493778, 2.230885]",4.0,9.7,1485,Hotel,1.8,40.4,InterContinental,"Laundry,Business Center,Restaurant,Air Conditioning,Bar,Gym,Kitchen,Spa,Pet Friendly",3.7,Barcelona,Spain,U000470,33,0.56
O033395,H03395,Hotwire,Suite,343.28,1373.12,351.83,1.44,0.197,Free,False,False,0.0,4,338.03,117.6,"[343.28, 340.28, 335.8, 344.11, 344.38, 347.38, 347.75, 353.32, 361.11, 345.15, 344.02, 335.86, 332.86, 334.05, 342.97, 346.5, 337.37, 331.69, 325.91, 323.53, 333.55, 327.71, 325.12, 309.07]",0.0211,2025-07-19T14:49:50.643028,Park Barcelona Resort,Barcelona,"[41.352247, 2.179165]",5.0,10.0,613,Hotel,7.2,11.7,Hilton,"Concierge,Pool,Pet Friendly,Air Conditioning,Balcony,Laundry,Gym,Restaurant,Conference Rooms,Business Center,Airport Shuttle",4.3,Barcelona,Spain,U000470,33,0.525
O013395,H03395,HRS,Twin,363.9,727.8,361.73,0.77,0.181,Partial,True,True,Room upgrade,2,376.68,153.28,"[371.54, 368.01, 362.12, 362.09, 358.78, 367.98, 360.71, 356.61, 363.69, 379.32, 381.46, 392.56, 393.75, 396.21, 393.73, 384.82, 382.95, 391.14, 389.7, 384.7, 380.34, 375.64, 376.79, 365.7]",0.0208,2025-07-19T14:49:50.643028,Park Barcelona Resort,Barcelona,"[41.352247, 2.179165]",5.0,10.0,613,Hotel,7.2,11.7,Hilton,"Concierge,Pool,Pet Friendly,Air Conditioning,Balcony,Laundry,Gym,Restaurant,Conference Rooms,Business Center,Airport Shuttle",4.3,Barcelona,Spain,U000470,33,0.525
O003395,H03395,Hotels.com,Deluxe,352.8,705.6,356.08,2.73,0.165,Free,True,False,0.0,2,347.52,32.78,"[350.63, 355.36, 352.33, 346.52, 347.2, 351.48, 345.16, 343.02, 343.69, 343.73, 345.19, 344.28, 344.03, 344.53, 353.5, 342.26, 344.13, 338.87, 344.6, 338.87, 348.16, 353.37, 357.03, 362.53]",0.0162,2025-07-19T14:49:50.643028,Park Barcelona Resort,Barcelona,"[41.352247, 2.179165]",5.0,10.0,613,Hotel,7.2,11.7,Hilton,"Concierge,Pool,Pet Friendly,Air Conditioning,Balcony,Laundry,Gym,Restaurant,Conference Rooms,Business Center,Airport Shuttle",4.3,Barcelona,Spain,U000470,33,0.525
O038121,H08121,Expedia,Family,183.6,1101.6,187.16,2.19,0.124,Partial,True,True,0.0,6,190.06,22.68,"[186.28, 182.37, 185.86, 185.34, 183.53, 188.01, 185.69, 188.65, 186.01, 187.17, 192.57, 192.47, 199.82, 198.29, 196.73, 193.56, 192.7, 192.29, 197.39, 194.42, 188.78, 187.69, 186.31, 189.48]",0.021,2025-07-19T14:49:50.643028,Meyer PLC Lodge,Barcelona,"[41.387456, 2.172291]",4.0,8.9,121,Hotel,4.3,31.5,InterContinental,"Airport Shuttle,Conference Rooms,Concierge,Laundry,Air Conditioning,Bar,Kitchen,Gym,Pool,WiFi",4.4,Barcelona,Spain,U000470,33,0.51
O048121,H08121,Getaroom,Family,197.26,591.78,194.93,0.62,0.176,Free,False,False,0.0,3,199.82,13.11,"[196.68, 198.1, 196.9, 198.29, 198.94, 198.21, 197.11, 197.37, 200.24, 199.66, 200.87, 199.74, 204.18, 205.56, 205.52, 205.92, 208.09, 203.62, 196.14, 197.9, 199.35, 195.42, 194.92, 197.04]",0.0127,2025-07-19T14:49:50.643028,Meyer PLC Lodge,Barcelona,"[41.387456, 2.172291]",4.0,8.9,121,Hotel,4.3,31.5,InterContinental,"Airport Shuttle,Conference Rooms,Concierge,Laundry,Air Conditioning,Bar,Kitchen,Gym,Pool,WiFi",4.4,Barcelona,Spain,U000470,33,0.51
O008121,H08121,Lastminute.com,Double,182.58,182.58,182.99,2.78,0.112,Free,True,True,Free parking,1,176.77,24.28,"[177.71, 176.17, 170.22, 171.71, 180.38, 179.53, 187.61, 184.08, 182.88, 181.95, 185.03, 179.73, 179.56, 173.52, 170.42, 169.71, 174.42, 174.96, 173.68, 174.72, 175.39, 173.86, 174.03, 171.19]",0.0221,2025-07-19T14:49:50.643028,Meyer PLC Lodge,Barcelona,"[41.387456, 2.172291]",4.0,8.9,121,Hotel,4.3,31.5,InterContinental,"Airport Shuttle,Conference Rooms,Concierge,Laundry,Air Conditioning,Bar,Kitchen,Gym,Pool,WiFi",4.4,Barcelona,Spain,U000470,33,0.51
O027025,H07025,Travelocity,Twin,167.19,668.76,168.43,0.75,0.09,Free,True,True,0.0,4,164.93,13.34,"[165.67, 162.98, 158.41, 164.44, 163.2, 165.99, 168.75, 163.67, 166.68, 162.21, 165.5, 165.35, 168.26, 169.1, 172.41, 169.58, 169.51, 166.04, 160.53, 159.81, 157.26, 162.08, 165.02, 165.9]",0.0199,2025-07-19T14:49:50.643028,Barcelona Imperial Lodge,Barcelona,"[41.343899, 2.182858]",4.0,9.2,1977,Hotel,3.0,26.5,Westin,"Business Center,Parking,24h Front Desk,Beach Access,Gym,Conference Rooms,Pet Friendly,Restaurant,Balcony,Room Service,Pool,Air Conditioning",3.6,Barcelona,Spain,U000470,33,0.48500000000000004
O017025,H07025,Hotwire,Executive,183.15,183.15,184.9,2.75,0.194,Free,True,False,Free cancellation,1,179.61,10.4,"[184.87, 183.64, 182.31, 182.37, 178.95, 183.04, 181.74, 179.7, 178.24, 179.01, 179.61, 183.64, 183.44, 179.94, 181.25, 181.21, 179.52, 177.81, 176.34, 173.5, 175.81, 176.04, 174.06, 174.48]",0.0185,2025-07-19T14:49:50.643028,Barcelona Imperial Lodge,Barcelona,"[41.343899, 2.182858]",4.0,9.2,1977,Hotel,3.0,26.5,Westin,"Business Center,Parking,24h Front Desk,Beach Access,Gym,Conference Rooms,Pet Friendly,Restaurant,Balcony,Room Service,Pool,Air Conditioning",3.6,Barcelona,Spain,U000470,33,0.48500000000000004
O024831,H04831,Booking.com,Deluxe,180.0,360.0,176.92,2.8,0.195,Non-refundable,True,False,0.0,2,181.35,0.93,"[181.02, 181.57, 183.25, 183.1, 182.91, 182.14, 180.79, 180.47, 180.25, 179.82, 181.46, 180.22, 180.86, 181.57, 180.69, 181.82, 181.9, 180.63, 179.82, 181.7, 182.0, 182.5, 180.7, 181.15]",0.0064,2025-07-19T14:49:50.643028,Barcelona Central Lodge,Barcelona,"[41.493778, 2.230885]",4.0,9.7,1485,Hotel,1.8,40.4,InterContinental,"Laundry,Business Center,Restaurant,Air Conditioning,Bar,Gym,Kitchen,Spa,Pet Friendly",3.7,Barcelona,Spain,U000470,33,0.46
O044831,H04831,Expedia,Suite,183.6,734.4,181.02,1.08,0.168,Non-refundable,True,True,Free cancellation,4,179.34,5.38,"[181.55, 181.57, 179.57, 179.57, 180.45, 184.26, 181.25, 179.26, 180.83, 180.74, 178.5, 178.11, 177.16, 178.41, 177.48, 178.12, 181.86, 182.27, 181.34, 175.93, 176.07, 175.27, 179.19, 175.44]",0.0148,2025-07-19T14:49:50.643028,Barcelona Central Lodge,Barcelona,"[41.493778, 2.230885]",4.0,9.7,1485,Hotel,1.8,40.4,InterContinental,"Laundry,Business Center,Restaurant,Air Conditioning,Bar,Gym,Kitchen,Spa,Pet Friendly",3.7,Barcelona,Spain,U000470,33,0.46
O036082,H06082,Orbitz,Double,70.42,211.26,69.57,0.52,0.129,Partial,False,True,Mobile exclusive,3,71.24,3.43,"[69.25, 69.4, 69.31, 70.6, 70.44, 70.04, 70.7, 71.4, 72.02, 73.19, 72.93, 73.53, 73.45, 73.42, 73.57, 73.01, 72.79, 72.77, 72.27, 70.96, 69.69, 69.89, 67.03, 68.07]",0.0188,2025-07-19T14:49:50.643028,Silver Barcelona Resort,Barcelona,"[41.42593, 2.198419]",4.0,9.9,939,Hostel,10.6,20.9,Hyatt,"Parking,Room Service,Bar,Restaurant,Breakfast,Spa,WiFi,Airport Shuttle,Business Center,Balcony,Gym,Laundry",1.5,Barcelona,Spain,U000636,27,0.8274177215189874
O026082,H06082,Lastminute.com,Suite,67.53,135.06,67.66,2.37,0.09,Partial,False,True,Mobile exclusive,2,62.75,3.18,"[66.91, 66.6, 65.89, 65.13, 63.85, 63.48, 61.9, 61.77, 61.37, 61.1, 61.38, 60.66, 61.82, 61.49, 61.61, 63.78, 63.98, 62.17, 62.31, 62.23, 62.01, 61.91, 60.4, 62.15]",0.0158,2025-07-19T14:49:50.643028,Silver Barcelona Resort,Barcelona,"[41.42593, 2.198419]",4.0,9.9,939,Hostel,10.6,20.9,Hyatt,"Parking,Room Service,Bar,Restaurant,Breakfast,Spa,WiFi,Airport Shuttle,Business Center,Balcony,Gym,Laundry",1.5,Barcelona,Spain,U000636,27,0.8164430379746835
O006082,H06082,Priceline,Double,66.24,463.68,65.1,1.21,0.114,Partial,True,False,Room upgrade,7,65.44,1.87,"[65.35, 67.06, 66.92, 64.95, 64.55, 66.77, 65.85, 65.14, 65.06, 64.53, 64.57, 64.87, 65.82, 63.98, 63.67, 64.23, 64.63, 63.22, 63.8, 64.98, 67.69, 68.0, 67.84, 66.96]",0.0181,2025-07-19T14:49:50.643028,Silver Barcelona Resort,Barcelona,"[41.42593, 2.198419]",4.0,9.9,939,Hostel,10.6,20.9,Hyatt,"Parking,Room Service,Bar,Restaurant,Breakfast,Spa,WiFi,Airport Shuttle,Business Center,Balcony,Gym,Laundry",1.5,Barcelona,Spain,U000636,27,0.8115443037974683
O004831,H04831,Priceline,Single,165.6,828.0,162.58,2.83,0.166,Non-refundable,False,False,"Free breakfast, Airport shuttle",5,161.73,24.93,"[162.1, 161.18, 164.87, 164.17, 156.67, 154.6, 158.13, 155.16, 153.54, 152.96, 155.51, 160.4, 161.2, 161.01, 161.42, 161.4, 170.91, 167.69, 166.63, 167.2, 168.67, 166.68, 164.26, 165.04]",0.0226,2025-07-19T14:49:50.643028,Barcelona Central Lodge,Barcelona,"[41.493778, 2.230885]",4.0,9.7,1485,Hotel,1.8,40.4,InterContinental,"Laundry,Business Center,Restaurant,Air Conditioning,Bar,Gym,Kitchen,Spa,Pet Friendly",3.7,Barcelona,Spain,U000636,27,0.6100000000000001
O047025,H07025,Expedia,Single,183.6,550.8,184.03,2.31,0.116,Non-refundable,False,False,Mobile exclusive,3,183.83,14.96,"[187.04, 189.09, 189.94, 189.21, 189.63, 186.82, 188.2, 188.49, 184.29, 181.94, 181.8, 177.19, 181.49, 183.76, 184.55, 180.47, 183.47, 183.22, 181.07, 177.13, 180.06, 178.63, 181.09, 183.27]",0.0138,2025-07-19T14:49:50.643028,Barcelona Imperial Lodge,Barcelona,"[41.343899, 2.182858]",4.0,9.2,1977,Hotel,3.0,26.5,Westin,"Business Center,Parking,24h Front Desk,Beach Access,Gym,Conference Rooms,Pet Friendly,Restaurant,Balcony,Room Service,Pool,Air Conditioning",3.6,Barcelona,Spain,U000636,27,0.56
O014831,H04831,Getaroom,Deluxe,186.4,1118.4,186.18,2.39,0.161,Free,False,True,Airport shuttle,6,185.64,0.98,"[187.28, 184.84, 185.93, 186.48, 185.59, 185.91, 185.84, 184.72, 186.63, 187.06, 186.48, 186.38, 186.01, 185.43, 186.12, 183.88, 183.86, 184.19, 184.58, 186.17, 184.54, 184.64, 185.72, 186.98]",0.0056,2025-07-19T14:49:50.643028,Barcelona Central Lodge,Barcelona,"[41.493778, 2.230885]",4.0,9.7,1485,Hotel,1.8,40.4,InterContinental,"Laundry,Business Center,Restaurant,Air Conditioning,Bar,Gym,Kitchen,Spa,Pet Friendly",3.7,Barcelona,Spain,U000636,27,0.51
O044831,H04831,Expedia,Suite,183.6,734.4,181.02,1.08,0.168,Non-refundable,True,True,Free cancellation,4,179.34,5.38,"[181.55, 181.57, 179.57, 179.57, 180.45, 184.26, 181.25, 179.26, 180.83, 180.74, 178.5, 178.11, 177.16, 178.41, 177.48, 178.12, 181.86, 182.27, 181.34, 175.93, 176.07, 175.27, 179.19, 175.44]",0.0148,2025-07-19T14:49:50.643028,Barcelona Central Lodge,Barcelona,"[41.493778, 2.230885]",4.0,9.7,1485,Hotel,1.8,40.4,InterContinental,"Laundry,Business Center,Restaurant,Air Conditioning,Bar,Gym,Kitchen,Spa,Pet Friendly",3.7,Barcelona,Spain,U000636,27,0.51
O038121,H08121,Expedia,Family,183.6,1101.6,187.16,2.19,0.124,Partial,True,True,0.0,6,190.06,22.68,"[186.28, 182.37, 185.86, 185.34, 183.53, 188.01, 185.69, 188.65, 186.01, 187.17, 192.57, 192.47, 199.82, 198.29, 196.73, 193.56, 192.7, 192.29, 197.39, 194.42, 188.78, 187.69, 186.31, 189.48]",0.021,2025-07-19T14:49:50.643028,Meyer PLC Lodge,Barcelona,"[41.387456, 2.172291]",4.0,8.9,121,Hotel,4.3,31.5,InterContinental,"Airport Shuttle,Conference Rooms,Concierge,Laundry,Air Conditioning,Bar,Kitchen,Gym,Pool,WiFi",4.4,Barcelona,Spain,U000636,27,0.51
O048121,H08121,Getaroom,Family,197.26,591.78,194.93,0.62,0.176,Free,False,False,0.0,3,199.82,13.11,"[196.68, 198.1, 196.9, 198.29, 198.94, 198.21, 197.11, 197.37, 200.24, 199.66, 200.87, 199.74, 204.18, 205.56, 205.52, 205.92, 208.09, 203.62, 196.14, 197.9, 199.35, 195.42, 194.92, 197.04]",0.0127,2025-07-19T14:49:50.643028,Meyer PLC Lodge,Barcelona,"[41.387456, 2.172291]",4.0,8.9,121,Hotel,4.3,31.5,InterContinental,"Airport Shuttle,Conference Rooms,Concierge,Laundry,Air Conditioning,Bar,Kitchen,Gym,Pool,WiFi",4.4,Barcelona,Spain,U000636,27,0.51
O008121,H08121,Lastminute.com,Double,182.58,182.58,182.99,2.78,0.112,Free,True,True,Free parking,1,176.77,24.28,"[177.71, 176.17, 170.22, 171.71, 180.38, 179.53, 187.61, 184.08, 182.88, 181.95, 185.03, 179.73, 179.56, 173.52, 170.42, 169.71, 174.42, 174.96, 173.68, 174.72, 175.39, 173.86, 174.03, 171.19]",0.0221,2025-07-19T14:49:50.643028,Meyer PLC Lodge,Barcelona,"[41.387456, 2.172291]",4.0,8.9,121,Hotel,4.3,31.5,InterContinental,"Airport Shuttle,Conference Rooms,Concierge,Laundry,Air Conditioning,Bar,Kitchen,Gym,Pool,WiFi",4.4,Barcelona,Spain,U000636,27,0.51
O003395,H03395,Hotels.com,Deluxe,352.8,705.6,356.08,2.73,0.165,Free,True,False,0.0,2,347.52,32.78,"[350.63, 355.36, 352.33, 346.52, 347.2, 351.48, 345.16, 343.02, 343.69, 343.73, 345.19, 344.28, 344.03, 344.53, 353.5, 342.26, 344.13, 338.87, 344.6, 338.87, 348.16, 353.37, 357.03, 362.53]",0.0162,2025-07-19T14:49:50.643028,Park Barcelona Resort,Barcelona,"[41.352247, 2.179165]",5.0,10.0,613,Hotel,7.2,11.7,Hilton,"Concierge,Pool,Pet Friendly,Air Conditioning,Balcony,Laundry,Gym,Restaurant,Conference Rooms,Business Center,Airport Shuttle",4.3,Barcelona,Spain,U000636,27,0.5
O033395,H03395,Hotwire,Suite,343.28,1373.12,351.83,1.44,0.197,Free,False,False,0.0,4,338.03,117.6,"[343.28, 340.28, 335.8, 344.11, 344.38, 347.38, 347.75, 353.32, 361.11, 345.15, 344.02, 335.86, 332.86, 334.05, 342.97, 346.5, 337.37, 331.69, 325.91, 323.53, 333.55, 327.71, 325.12, 309.07]",0.0211,2025-07-19T14:49:50.643028,Park Barcelona Resort,Barcelona,"[41.352247, 2.179165]",5.0,10.0,613,Hotel,7.2,11.7,Hilton,"Concierge,Pool,Pet Friendly,Air Conditioning,Balcony,Laundry,Gym,Restaurant,Conference Rooms,Business Center,Airport Shuttle",4.3,Barcelona,Spain,U000636,27,0.5
O013395,H03395,HRS,Twin,363.9,727.8,361.73,0.77,0.181,Partial,True,True,Room upgrade,2,376.68,153.28,"[371.54, 368.01, 362.12, 362.09, 358.78, 367.98, 360.71, 356.61, 363.69, 379.32, 381.46, 392.56, 393.75, 396.21, 393.73, 384.82, 382.95, 391.14, 389.7, 384.7, 380.34, 375.64, 376.79, 365.7]",0.0208,2025-07-19T14:49:50.643028,Park Barcelona Resort,Barcelona,"[41.352247, 2.179165]",5.0,10.0,613,Hotel,7.2,11.7,Hilton,"Concierge,Pool,Pet Friendly,Air Conditioning,Balcony,Laundry,Gym,Restaurant,Conference Rooms,Business Center,Airport Shuttle",4.3,Barcelona,Spain,U000636,27,0.5
O017025,H07025,Hotwire,Executive,183.15,183.15,184.9,2.75,0.194,Free,True,False,Free cancellation,1,179.61,10.4,"[184.87, 183.64, 182.31, 182.37, 178.95, 183.04, 181.74, 179.7, 178.24, 179.01, 179.61, 183.64, 183.44, 179.94, 181.25, 181.21, 179.52, 177.81, 176.34, 173.5, 175.81, 176.04, 174.06, 174.48]",0.0185,2025-07-19T14:49:50.643028,Barcelona Imperial Lodge,Barcelona,"[41.343899, 2.182858]",4.0,9.2,1977,Hotel,3.0,26.5,Westin,"Business Center,Parking,24h Front Desk,Beach Access,Gym,Conference Rooms,Pet Friendly,Restaurant,Balcony,Room Service,Pool,Air Conditioning",3.6,Barcelona,Spain,U000636,27,0.46
O037025,H07025,Booking.com,Deluxe,180.0,720.0,174.7,1.33,0.125,Non-refundable,False,True,Free parking,4,184.35,11.54,"[179.31, 180.94, 181.31, 180.84, 179.87, 179.79, 178.41, 180.75, 185.15, 184.76, 188.61, 187.84, 188.01, 188.35, 188.38, 188.79, 185.86, 187.83, 182.93, 185.0, 184.02, 188.19, 184.12, 185.36]",0.0135,2025-07-19T14:49:50.643028,Barcelona Imperial Lodge,Barcelona,"[41.343899, 2.182858]",4.0,9.2,1977,Hotel,3.0,26.5,Westin,"Business Center,Parking,24h Front Desk,Beach Access,Gym,Conference Rooms,Pet Friendly,Restaurant,Balcony,Room Service,Pool,Air Conditioning",3.6,Barcelona,Spain,U000636,27,0.46
O043754,H03754,Hotels.com,Single,246.96,987.84,246.27,0.88,0.135,Free,False,False,0.0,4,226.25,146.09,"[249.69, 253.61, 253.73, 246.1, 229.7, 230.47, 234.92, 220.62, 226.42, 224.72, 219.48, 222.06, 217.11, 216.53, 218.27, 215.59, 215.48, 217.24, 220.83, 216.22, 225.16, 219.74, 217.54, 218.82]",0.0219,2025-07-19T14:49:50.643028,Jensen-Torres House,Madrid,"[40.31887, -3.698107]",5.0,9.2,1614,B&B,1.2,24.8,Four Seasons,"24h Front Desk,Laundry,Concierge,Business Center,Spa,Pool,Restaurant,Air Conditioning,Breakfast,WiFi,Balcony,Bar,Beach Access,Room Service,Kitchen",1.0,Madrid,Spain,U000697,20,0.9045090909090909
O032129,H02129,HotelDirect,Twin,411.84,411.84,412.88,1.28,0.127,Free,False,True,Free WiFi,1,429.87,326.42,"[405.36, 397.01, 407.91, 413.95, 417.7, 437.5, 449.85, 439.82, 448.25, 445.13, 446.27, 454.84, 452.87, 449.68, 453.0, 449.16, 429.86, 407.46, 409.17, 422.76, 419.07, 422.2, 415.2, 422.84]",0.023,2025-07-19T14:49:50.643028,Madrid Central Inn,Madrid,"[40.441416, -3.583474]",5.0,8.8,948,Resort,8.1,35.6,St. Regis,"Pool,Business Center,Breakfast,Pet Friendly,Beach Access,Bar,Air Conditioning,Room Service,WiFi,Gym,Spa,Airport Shuttle,Laundry,Balcony,24h Front Desk",4.5,Madrid,Spain,U000697,20,0.8256
O003754,H03754,Lastminute.com,Twin,267.87,535.74,269.86,2.38,0.138,Free,False,False,Spa discount,2,267.99,38.85,"[265.25, 268.89, 269.77, 268.76, 263.31, 272.06, 266.59, 274.81, 273.11, 273.35, 268.52, 266.6, 272.83, 273.22, 272.84, 274.43, 264.14, 273.57, 272.47, 271.82, 256.7, 251.88, 256.19, 260.69]",0.0174,2025-07-19T14:49:50.643028,Jensen-Torres House,Madrid,"[40.31887, -3.698107]",5.0,9.2,1614,B&B,1.2,24.8,Four Seasons,"24h Front Desk,Laundry,Concierge,Business Center,Spa,Pool,Restaurant,Air Conditioning,Breakfast,WiFi,Balcony,Bar,Beach Access,Room Service,Kitchen",1.0,Madrid,Spain,U000697,20,0.8235181818181818
O023754,H03754,Lastminute.com,Twin,266.42,1065.68,272.53,0.6,0.178,Non-refundable,False,True,Free breakfast,4,268.76,12.42,"[264.23, 261.62, 264.38, 265.16, 267.95, 266.61, 270.2, 272.9, 270.58, 271.67, 273.64, 272.02, 274.41, 268.92, 271.74, 264.84, 266.49, 269.03, 273.41, 266.81, 265.2, 265.65, 271.83, 271.03]",0.013,2025-07-19T14:49:50.643028,Jensen-Torres House,Madrid,"[40.31887, -3.698107]",5.0,9.2,1614,B&B,1.2,24.8,Four Seasons,"24h Front Desk,Laundry,Concierge,Business Center,Spa,Pool,Restaurant,Air Conditioning,Breakfast,WiFi,Balcony,Bar,Beach Access,Room Service,Kitchen",1.0,Madrid,Spain,U000697,20,0.8222
O002129,H02129,Venere,Executive,426.92,2134.6,429.38,1.74,0.178,Free,True,False,"Free breakfast, Free cancellation",5,432.06,31.25,"[429.7, 425.07, 425.58, 427.65, 428.84, 425.24, 424.21, 428.55, 425.54, 432.0, 430.48, 433.22, 431.45, 429.42, 427.96, 433.8, 439.46, 440.66, 438.12, 434.09, 437.61, 437.69, 438.66, 444.47]",0.0082,2025-07-19T14:49:50.643028,Madrid Central Inn,Madrid,"[40.441416, -3.583474]",5.0,8.8,948,Resort,8.1,35.6,St. Regis,"Pool,Business Center,Breakfast,Pet Friendly,Beach Access,Bar,Air Conditioning,Room Service,WiFi,Gym,Spa,Airport Shuttle,Laundry,Balcony,24h Front Desk",4.5,Madrid,Spain,U000697,20,0.8118909090909091
O042129,H02129,Priceline,Double,430.56,3013.92,428.47,2.98,0.161,Free,False,False,0.0,7,408.26,224.96,"[426.16, 431.42, 428.74, 421.4, 417.79, 413.94, 409.21, 414.59, 402.37, 405.21, 408.61, 414.28, 425.59, 420.3, 419.56, 418.06, 407.63, 392.82, 390.29, 387.15, 385.6, 383.28, 386.96, 387.34]",0.015,2025-07-19T14:49:50.643028,Madrid Central Inn,Madrid,"[40.441416, -3.583474]",5.0,8.8,948,Resort,8.1,35.6,St. Regis,"Pool,Business Center,Breakfast,Pet Friendly,Beach Access,Bar,Air Conditioning,Room Service,WiFi,Gym,Spa,Airport Shuttle,Laundry,Balcony,24h Front Desk",4.5,Madrid,Spain,U000697,20,0.8085818181818182
O026678,H06678,Otel.com,Single,187.81,187.81,188.52,1.94,0.088,Free,True,False,Free WiFi,1,177.9,14.7,"[183.52, 184.61, 183.62, 178.2, 177.54, 179.26, 179.67, 179.05, 181.01, 177.89, 179.35, 180.49, 181.6, 179.91, 178.25, 179.0, 175.61, 173.74, 169.13, 172.83, 174.9, 175.13, 173.56, 171.67]",0.0151,2025-07-19T14:49:50.643028,Premier Madrid Suites,Madrid,"[40.450231, -3.684208]",4.0,9.0,122,Hotel,1.7,21.6,Marriott,"Breakfast,Airport Shuttle,Spa,Pet Friendly,Business Center,Conference Rooms,Restaurant,Pool,WiFi,Gym,Concierge,Balcony,Air Conditioning,Beach Access",4.2,Madrid,Spain,U000697,20,0.7907363636363636
O006678,H06678,Priceline,Single,165.6,165.6,172.25,1.55,0.181,Non-refundable,True,False,Late checkout,1,170.14,4.7,"[164.72, 166.01, 166.32, 168.77, 167.97, 168.98, 170.27, 169.92, 169.19, 169.63, 169.42, 170.15, 170.32, 170.75, 171.48, 172.57, 172.29, 172.23, 173.13, 172.7, 171.86, 171.72, 171.92, 171.07]",0.0056,2025-07-19T14:49:50.643028,Premier Madrid Suites,Madrid,"[40.450231, -3.684208]",4.0,9.0,122,Hotel,1.7,21.6,Marriott,"Breakfast,Airport Shuttle,Spa,Pet Friendly,Business Center,Conference Rooms,Restaurant,Pool,WiFi,Gym,Concierge,Balcony,Air Conditioning,Beach Access",4.2,Madrid,Spain,U000697,20,0.7705454545454544
O017407,H07407,Kayak,Suite,196.02,392.04,195.4,2.29,0.181,Free,True,True,"Spa discount, Free parking",2,194.8,4.76,"[196.81, 198.01, 199.04, 197.54, 197.45, 196.88, 197.38, 196.0, 194.95, 195.85, 194.55, 191.62, 192.37, 193.52, 193.03, 194.07, 193.93, 194.34, 194.74, 194.05, 193.63, 192.84, 190.47, 192.13]",0.0067,2025-07-19T14:49:50.643028,Plaza Madrid Manor,Madrid,"[40.368328, -3.66868]",4.0,9.2,605,Hotel,1.2,25.9,Hampton Inn,"Parking,Gym,Conference Rooms,Spa,Pool,Laundry,Beach Access,24h Front Desk,WiFi,Airport Shuttle,Bar,Balcony,Pet Friendly,Breakfast,Business Center",3.0,Madrid,Spain,U000697,20,0.7182000000000002
O007407,H07407,Getaroom,Executive,179.53,538.59,181.23,1.64,0.164,Free,False,True,0.0,3,175.82,9.1,"[176.94, 176.26, 180.44, 179.92, 176.38, 173.93, 172.09, 173.21, 172.74, 169.24, 169.9, 172.58, 173.4, 176.36, 174.77, 176.98, 177.14, 177.84, 180.21, 178.74, 177.97, 177.58, 177.15, 177.88]",0.0122,2025-07-19T14:49:50.643028,Plaza Madrid Manor,Madrid,"[40.368328, -3.66868]",4.0,9.2,605,Hotel,1.2,25.9,Hampton Inn,"Parking,Gym,Conference Rooms,Spa,Pool,Laundry,Beach Access,24h Front Desk,WiFi,Airport Shuttle,Bar,Balcony,Pet Friendly,Breakfast,Business Center",3.0,Madrid,Spain,U000697,20,0.7032090909090909
O037407,H07407,Hotwire,Double,162.84,488.52,163.58,1.18,0.176,Free,True,False,0.0,3,163.81,0.89,"[163.25, 164.09, 164.59, 165.66, 164.23, 163.18, 164.17, 163.95, 163.77, 164.02, 163.95, 164.06, 164.6, 163.84, 162.81, 161.72, 163.12, 163.13, 162.77, 162.36, 164.09, 164.1, 163.72, 166.22]",0.0057,2025-07-19T14:49:50.643028,Plaza Madrid Manor,Madrid,"[40.368328, -3.66868]",4.0,9.2,605,Hotel,1.2,25.9,Hampton Inn,"Parking,Gym,Conference Rooms,Spa,Pool,Laundry,Beach Access,24h Front Desk,WiFi,Airport Shuttle,Bar,Balcony,Pet Friendly,Breakfast,Business Center",3.0,Madrid,Spain,U000697,20,0.6880363636363638
O016678,H06678,Agoda,Twin,171.0,171.0,170.2,1.85,0.113,Free,False,False,0.0,1,171.09,3.76,"[171.3, 170.73, 170.16, 170.89, 174.76, 173.86, 172.63, 172.88, 174.65, 173.53, 172.61, 170.88, 170.64, 170.2, 171.39, 170.42, 171.24, 169.56, 169.76, 170.5, 169.19, 166.62, 167.92, 169.73]",0.0095,2025-07-19T14:49:50.643028,Premier Madrid Suites,Madrid,"[40.450231, -3.684208]",4.0,9.0,122,Hotel,1.7,21.6,Marriott,"Breakfast,Airport Shuttle,Spa,Pet Friendly,Business Center,Conference Rooms,Restaurant,Pool,WiFi,Gym,Concierge,Balcony,Air Conditioning,Beach Access",4.2,Madrid,Spain,U000697,20,0.6754545454545455
O045299,H05299,Expedia,Single,80.78,80.78,80.07,1.47,0.116,Free,False,True,0.0,1,84.03,7.32,"[81.13, 80.69, 79.55, 79.17, 81.22, 82.0, 81.67, 81.72, 82.58, 83.69, 83.79, 83.63, 83.88, 84.28, 84.32, 85.61, 86.53, 87.32, 87.92, 88.26, 87.39, 87.17, 86.3, 86.84]",0.0086,2025-07-19T14:49:50.643028,Kaiser Edwards and Smith Manor,Madrid,"[40.485241, -3.723558]",3.0,8.5,443,Apartment,2.1,13.8,W Hotels,"Bar,Kitchen,Concierge,Laundry,Room Service,Pool,Airport Shuttle,Parking,Restaurant",4.2,Madrid,Spain,U000697,20,0.6334363636363637
O035299,H05299,Hotels.com,Family,77.62,155.24,78.09,1.95,0.197,Free,False,True,"Kids stay free, Spa discount",2,78.0,2.0,"[77.86, 77.94, 75.5, 76.09, 77.48, 77.02, 75.67, 76.24, 77.68, 78.13, 77.12, 77.81, 77.67, 79.43, 80.51, 80.81, 80.89, 79.24, 78.2, 78.35, 77.79, 77.78, 78.97, 77.84]",0.0153,2025-07-19T14:49:50.643028,Kaiser Edwards and Smith Manor,Madrid,"[40.485241, -3.723558]",3.0,8.5,443,Apartment,2.1,13.8,W Hotels,"Bar,Kitchen,Concierge,Laundry,Room Service,Pool,Airport Shuttle,Parking,Restaurant",4.2,Madrid,Spain,U000697,20,0.5305636363636363
O005299,H05299,Priceline,Suite,72.86,364.3,71.83,0.52,0.118,Non-refundable,True,False,0.0,5,73.18,2.29,"[74.69, 74.45, 73.03, 72.28, 71.1, 71.78, 72.5, 71.31, 71.82, 73.35, 73.41, 74.92, 76.32, 74.71, 72.4, 70.74, 72.37, 74.42, 74.34, 73.6, 74.65, 75.19, 71.84, 71.08]",0.0229,2025-07-19T14:49:50.643028,Kaiser Edwards and Smith Manor,Madrid,"[40.485241, -3.723558]",3.0,8.5,443,Apartment,2.1,13.8,W Hotels,"Bar,Kitchen,Concierge,Laundry,Room Service,Pool,Airport Shuttle,Parking,Restaurant",4.2,Madrid,Spain,U000697,20,0.5262363636363636
O006678,H06678,Priceline,Single,165.6,165.6,172.25,1.55,0.181,Non-refundable,True,False,Late checkout,1,170.14,4.7,"[164.72, 166.01, 166.32, 168.77, 167.97, 168.98, 170.27, 169.92, 169.19, 169.63, 169.42, 170.15, 170.32, 170.75, 171.48, 172.57, 172.29, 172.23, 173.13, 172.7, 171.86, 171.72, 171.92, 171.07]",0.0056,2025-07-19T14:49:50.643028,Premier Madrid Suites,Madrid,"[40.450231, -3.684208]",4.0,9.0,122,Hotel,1.7,21.6,Marriott,"Breakfast,Airport Shuttle,Spa,Pet Friendly,Business Center,Conference Rooms,Restaurant,Pool,WiFi,Gym,Concierge,Balcony,Air Conditioning,Beach Access",4.2,Madrid,Spain,U000229,21,0.7529411764705882
O025299,H05299,Getaroom,Executive,80.65,80.65,79.8,2.58,0.152,Free,True,True,Airport shuttle,1,82.07,3.25,"[82.11, 82.38, 83.59, 83.99, 83.97, 84.14, 84.69, 82.89, 81.17, 82.08, 81.87, 85.34, 84.32, 82.83, 82.72, 81.15, 80.21, 81.13, 80.54, 80.83, 79.76, 78.26, 79.79, 79.91]",0.0159,2025-07-19T14:49:50.643028,Kaiser Edwards and Smith Manor,Madrid,"[40.485241, -3.723558]",3.0,8.5,443,Apartment,2.1,13.8,W Hotels,"Bar,Kitchen,Concierge,Laundry,Room Service,Pool,Airport Shuttle,Parking,Restaurant",4.2,Madrid,Spain,U000229,21,0.7172058823529412
O035299,H05299,Hotels.com,Family,77.62,155.24,78.09,1.95,0.197,Free,False,True,"Kids stay free, Spa discount",2,78.0,2.0,"[77.86, 77.94, 75.5, 76.09, 77.48, 77.02, 75.67, 76.24, 77.68, 78.13, 77.12, 77.81, 77.67, 79.43, 80.51, 80.81, 80.89, 79.24, 78.2, 78.35, 77.79, 77.78, 78.97, 77.84]",0.0153,2025-07-19T14:49:50.643028,Kaiser Edwards and Smith Manor,Madrid,"[40.485241, -3.723558]",3.0,8.5,443,Apartment,2.1,13.8,W Hotels,"Bar,Kitchen,Concierge,Laundry,Room Service,Pool,Airport Shuttle,Parking,Restaurant",4.2,Madrid,Spain,U000229,21,0.7082941176470587
O005299,H05299,Priceline,Suite,72.86,364.3,71.83,0.52,0.118,Non-refundable,True,False,0.0,5,73.18,2.29,"[74.69, 74.45, 73.03, 72.28, 71.1, 71.78, 72.5, 71.31, 71.82, 73.35, 73.41, 74.92, 76.32, 74.71, 72.4, 70.74, 72.37, 74.42, 74.34, 73.6, 74.65, 75.19, 71.84, 71.08]",0.0229,2025-07-19T14:49:50.643028,Kaiser Edwards and Smith Manor,Madrid,"[40.485241, -3.723558]",3.0,8.5,443,Apartment,2.1,13.8,W Hotels,"Bar,Kitchen,Concierge,Laundry,Room Service,Pool,Airport Shuttle,Parking,Restaurant",4.2,Madrid,Spain,U000229,21,0.694294117647059
O026678,H06678,Otel.com,Single,187.81,187.81,188.52,1.94,0.088,Free,True,False,Free WiFi,1,177.9,14.7,"[183.52, 184.61, 183.62, 178.2, 177.54, 179.26, 179.67, 179.05, 181.01, 177.89, 179.35, 180.49, 181.6, 179.91, 178.25, 179.0, 175.61, 173.74, 169.13, 172.83, 174.9, 175.13, 173.56, 171.67]",0.0151,2025-07-19T14:49:50.643028,Premier Madrid Suites,Madrid,"[40.450231, -3.684208]",4.0,9.0,122,Hotel,1.7,21.6,Marriott,"Breakfast,Airport Shuttle,Spa,Pet Friendly,Business Center,Conference Rooms,Restaurant,Pool,WiFi,Gym,Concierge,Balcony,Air Conditioning,Beach Access",4.2,Madrid,Spain,U000229,21,0.6876176470588236
O022129,H02129,Expedia,Single,477.36,2864.16,469.64,2.79,0.128,Free,True,False,Airport shuttle,6,476.62,83.58,"[481.36, 489.75, 474.14, 479.53, 462.84, 458.18, 471.28, 480.22, 489.66, 484.55, 482.97, 478.59, 476.97, 474.36, 464.48, 477.73, 466.4, 457.46, 474.3, 476.73, 484.03, 490.66, 478.24, 484.5]",0.0207,2025-07-19T14:49:50.643028,Madrid Central Inn,Madrid,"[40.441416, -3.583474]",5.0,8.8,948,Resort,8.1,35.6,St. Regis,"Pool,Business Center,Breakfast,Pet Friendly,Beach Access,Bar,Air Conditioning,Room Service,WiFi,Gym,Spa,Airport Shuttle,Laundry,Balcony,24h Front Desk",4.5,Madrid,Spain,U000229,21,0.6799999999999999
O037407,H07407,Hotwire,Double,162.84,488.52,163.58,1.18,0.176,Free,True,False,0.0,3,163.81,0.89,"[163.25, 164.09, 164.59, 165.66, 164.23, 163.18, 164.17, 163.95, 163.77, 164.02, 163.95, 164.06, 164.6, 163.84, 162.81, 161.72, 163.12, 163.13, 162.77, 162.36, 164.09, 164.1, 163.72, 166.22]",0.0057,2025-07-19T14:49:50.643028,Plaza Madrid Manor,Madrid,"[40.368328, -3.66868]",4.0,9.2,605,Hotel,1.2,25.9,Hampton Inn,"Parking,Gym,Conference Rooms,Spa,Pool,Laundry,Beach Access,24h Front Desk,WiFi,Airport Shuttle,Bar,Balcony,Pet Friendly,Breakfast,Business Center",3.0,Madrid,Spain,U000229,21,0.6610588235294117
O016678,H06678,Agoda,Twin,171.0,171.0,170.2,1.85,0.113,Free,False,False,0.0,1,171.09,3.76,"[171.3, 170.73, 170.16, 170.89, 174.76, 173.86, 172.63, 172.88, 174.65, 173.53, 172.61, 170.88, 170.64, 170.2, 171.39, 170.42, 171.24, 169.56, 169.76, 170.5, 169.19, 166.62, 167.92, 169.73]",0.0095,2025-07-19T14:49:50.643028,Premier Madrid Suites,Madrid,"[40.450231, -3.684208]",4.0,9.0,122,Hotel,1.7,21.6,Marriott,"Breakfast,Airport Shuttle,Spa,Pet Friendly,Business Center,Conference Rooms,Restaurant,Pool,WiFi,Gym,Concierge,Balcony,Air Conditioning,Beach Access",4.2,Madrid,Spain,U000229,21,0.6370588235294119
O027407,H07407,Travelocity,Executive,177.74,533.22,182.05,2.24,0.2,Free,True,False,"Free cancellation, Room upgrade",3,178.1,20.32,"[182.69, 185.66, 182.61, 176.16, 175.79, 173.81, 177.48, 170.29, 170.61, 169.65, 173.56, 178.27, 181.65, 178.86, 177.11, 175.42, 175.36, 179.94, 185.36, 185.57, 178.95, 180.64, 178.91, 179.97]",0.0178,2025-07-19T14:49:50.643028,Plaza Madrid Manor,Madrid,"[40.368328, -3.66868]",4.0,9.2,605,Hotel,1.2,25.9,Hampton Inn,"Parking,Gym,Conference Rooms,Spa,Pool,Laundry,Beach Access,24h Front Desk,WiFi,Airport Shuttle,Bar,Balcony,Pet Friendly,Breakfast,Business Center",3.0,Madrid,Spain,U000229,21,0.6172352941176471
O007407,H07407,Getaroom,Executive,179.53,538.59,181.23,1.64,0.164,Free,False,True,0.0,3,175.82,9.1,"[176.94, 176.26, 180.44, 179.92, 176.38, 173.93, 172.09, 173.21, 172.74, 169.24, 169.9, 172.58, 173.4, 176.36, 174.77, 176.98, 177.14, 177.84, 180.21, 178.74, 177.97, 177.58, 177.15, 177.88]",0.0122,2025-07-19T14:49:50.643028,Plaza Madrid Manor,Madrid,"[40.368328, -3.66868]",4.0,9.2,605,Hotel,1.2,25.9,Hampton Inn,"Parking,Gym,Conference Rooms,Spa,Pool,Laundry,Beach Access,24h Front Desk,WiFi,Airport Shuttle,Bar,Balcony,Pet Friendly,Breakfast,Business Center",3.0,Madrid,Spain,U000229,21,0.6119705882352942
O013754,H03754,Lastminute.com,Suite,273.03,273.03,268.96,0.82,0.103,Free,False,False,"Free parking, Pay at hotel",1,266.05,7.17,"[271.08, 266.68, 264.36, 266.24, 268.72, 267.38, 264.58, 263.55, 261.78, 266.39, 266.46, 261.17, 262.53, 264.66, 261.28, 266.02, 266.17, 266.62, 267.9, 265.46, 268.04, 270.45, 270.15, 267.66]",0.0088,2025-07-19T14:49:50.643028,Jensen-Torres House,Madrid,"[40.31887, -3.698107]",5.0,9.2,1614,B&B,1.2,24.8,Four Seasons,"24h Front Desk,Laundry,Concierge,Business Center,Spa,Pool,Restaurant,Air Conditioning,Breakfast,WiFi,Balcony,Bar,Beach Access,Room Service,Kitchen",1.0,Madrid,Spain,U000229,21,0.6
O003754,H03754,Lastminute.com,Twin,267.87,535.74,269.86,2.38,0.138,Free,False,False,Spa discount,2,267.99,38.85,"[265.25, 268.89, 269.77, 268.76, 263.31, 272.06, 266.59, 274.81, 273.11, 273.35, 268.52, 266.6, 272.83, 273.22, 272.84, 274.43, 264.14, 273.57, 272.47, 271.82, 256.7, 251.88, 256.19, 260.69]",0.0174,2025-07-19T14:49:50.643028,Jensen-Torres House,Madrid,"[40.31887, -3.698107]",5.0,9.2,1614,B&B,1.2,24.8,Four Seasons,"24h Front Desk,Laundry,Concierge,Business Center,Spa,Pool,Restaurant,Air Conditioning,Breakfast,WiFi,Balcony,Bar,Beach Access,Room Service,Kitchen",1.0,Madrid,Spain,U000229,21,0.6
O033754,H03754,Orbitz,Twin,257.2,257.2,263.98,2.22,0.156,Free,False,True,0.0,1,265.88,8.03,"[261.43, 262.61, 264.35, 265.59, 266.55, 265.49, 266.43, 261.49, 265.74, 267.87, 271.31, 267.09, 265.76, 261.3, 260.76, 270.46, 269.39, 268.05, 268.48, 265.05, 265.05, 264.69, 268.39, 267.8]",0.015,2025-07-19T14:49:50.643028,Jensen-Torres House,Madrid,"[40.31887, -3.698107]",5.0,9.2,1614,B&B,1.2,24.8,Four Seasons,"24h Front Desk,Laundry,Concierge,Business Center,Spa,Pool,Restaurant,Air Conditioning,Breakfast,WiFi,Balcony,Bar,Beach Access,Room Service,Kitchen",1.0,Madrid,Spain,U000229,21,0.6
O032129,H02129,HotelDirect,Twin,411.84,411.84,412.88,1.28,0.127,Free,False,True,Free WiFi,1,429.87,326.42,"[405.36, 397.01, 407.91, 413.95, 417.7, 437.5, 449.85, 439.82, 448.25, 445.13, 446.27, 454.84, 452.87, 449.68, 453.0, 449.16, 429.86, 407.46, 409.17, 422.76, 419.07, 422.2, 415.2, 422.84]",0.023,2025-07-19T14:49:50.643028,Madrid Central Inn,Madrid,"[40.441416, -3.583474]",5.0,8.8,948,Resort,8.1,35.6,St. Regis,"Pool,Business Center,Breakfast,Pet Friendly,Beach Access,Bar,Air Conditioning,Room Service,WiFi,Gym,Spa,Airport Shuttle,Laundry,Balcony,24h Front Desk",4.5,Madrid,Spain,U000229,21,0.5800000000000001
O002129,H02129,Venere,Executive,426.92,2134.6,429.38,1.74,0.178,Free,True,False,"Free breakfast, Free cancellation",5,432.06,31.25,"[429.7, 425.07, 425.58, 427.65, 428.84, 425.24, 424.21, 428.55, 425.54, 432.0, 430.48, 433.22, 431.45, 429.42, 427.96, 433.8, 439.46, 440.66, 438.12, 434.09, 437.61, 437.69, 438.66, 444.47]",0.0082,2025-07-19T14:49:50.643028,Madrid Central Inn,Madrid,"[40.441416, -3.583474]",5.0,8.8,948,Resort,8.1,35.6,St. Regis,"Pool,Business Center,Breakfast,Pet Friendly,Beach Access,Bar,Air Conditioning,Room Service,WiFi,Gym,Spa,Airport Shuttle,Laundry,Balcony,24h Front Desk",4.5,Madrid,Spain,U000229,21,0.5800000000000001
O022129,H02129,Expedia,Single,477.36,2864.16,469.64,2.79,0.128,Free,True,False,Airport shuttle,6,476.62,83.58,"[481.36, 489.75, 474.14, 479.53, 462.84, 458.18, 471.28, 480.22, 489.66, 484.55, 482.97, 478.59, 476.97, 474.36, 464.48, 477.73, 466.4, 457.46, 474.3, 476.73, 484.03, 490.66, 478.24, 484.5]",0.0207,2025-07-19T14:49:50.643028,Madrid Central Inn,Madrid,"[40.441416, -3.583474]",5.0,8.8,948,Resort,8.1,35.6,St. Regis,"Pool,Business Center,Breakfast,Pet Friendly,Beach Access,Bar,Air Conditioning,Room Service,WiFi,Gym,Spa,Airport Shuttle,Laundry,Balcony,24h Front Desk",4.5,Madrid,Spain,U000632,25,0.8972561983471075
O043754,H03754,Hotels.com,Single,246.96,987.84,246.27,0.88,0.135,Free,False,False,0.0,4,226.25,146.09,"[249.69, 253.61, 253.73, 246.1, 229.7, 230.47, 234.92, 220.62, 226.42, 224.72, 219.48, 222.06, 217.11, 216.53, 218.27, 215.59, 215.48, 217.24, 220.83, 216.22, 225.16, 219.74, 217.54, 218.82]",0.0219,2025-07-19T14:49:50.643028,Jensen-Torres House,Madrid,"[40.31887, -3.698107]",5.0,9.2,1614,B&B,1.2,24.8,Four Seasons,"24h Front Desk,Laundry,Concierge,Business Center,Spa,Pool,Restaurant,Air Conditioning,Breakfast,WiFi,Balcony,Bar,Beach Access,Room Service,Kitchen",1.0,Madrid,Spain,U000632,25,0.8020495867768594
O042129,H02129,Priceline,Double,430.56,3013.92,428.47,2.98,0.161,Free,False,False,0.0,7,408.26,224.96,"[426.16, 431.42, 428.74, 421.4, 417.79, 413.94, 409.21, 414.59, 402.37, 405.21, 408.61, 414.28, 425.59, 420.3, 419.56, 418.06, 407.63, 392.82, 390.29, 387.15, 385.6, 383.28, 386.96, 387.34]",0.015,2025-07-19T14:49:50.643028,Madrid Central Inn,Madrid,"[40.441416, -3.583474]",5.0,8.8,948,Resort,8.1,35.6,St. Regis,"Pool,Business Center,Breakfast,Pet Friendly,Beach Access,Bar,Air Conditioning,Room Service,WiFi,Gym,Spa,Airport Shuttle,Laundry,Balcony,24h Front Desk",4.5,Madrid,Spain,U000632,25,0.7779173553719009
O002129,H02129,Venere,Executive,426.92,2134.6,429.38,1.74,0.178,Free,True,False,"Free breakfast, Free cancellation",5,432.06,31.25,"[429.7, 425.07, 425.58, 427.65, 428.84, 425.24, 424.21, 428.55, 425.54, 432.0, 430.48, 433.22, 431.45, 429.42, 427.96, 433.8, 439.46, 440.66, 438.12, 434.09, 437.61, 437.69, 438.66, 444.47]",0.0082,2025-07-19T14:49:50.643028,Madrid Central Inn,Madrid,"[40.441416, -3.583474]",5.0,8.8,948,Resort,8.1,35.6,St. Regis,"Pool,Business Center,Breakfast,Pet Friendly,Beach Access,Bar,Air Conditioning,Room Service,WiFi,Gym,Spa,Airport Shuttle,Laundry,Balcony,24h Front Desk",4.5,Madrid,Spain,U000632,25,0.7764132231404958
O003754,H03754,Lastminute.com,Twin,267.87,535.74,269.86,2.38,0.138,Free,False,False,Spa discount,2,267.99,38.85,"[265.25, 268.89, 269.77, 268.76, 263.31, 272.06, 266.59, 274.81, 273.11, 273.35, 268.52, 266.6, 272.83, 273.22, 272.84, 274.43, 264.14, 273.57, 272.47, 271.82, 256.7, 251.88, 256.19, 260.69]",0.0174,2025-07-19T14:49:50.643028,Jensen-Torres House,Madrid,"[40.31887, -3.698107]",5.0,9.2,1614,B&B,1.2,24.8,Four Seasons,"24h Front Desk,Laundry,Concierge,Business Center,Spa,Pool,Restaurant,Air Conditioning,Breakfast,WiFi,Balcony,Bar,Beach Access,Room Service,Kitchen",1.0,Madrid,Spain,U000632,25,0.7106900826446281
O023754,H03754,Lastminute.com,Twin,266.42,1065.68,272.53,0.6,0.178,Non-refundable,False,True,Free breakfast,4,268.76,12.42,"[264.23, 261.62, 264.38, 265.16, 267.95, 266.61, 270.2, 272.9, 270.58, 271.67, 273.64, 272.02, 274.41, 268.92, 271.74, 264.84, 266.49, 269.03, 273.41, 266.81, 265.2, 265.65, 271.83, 271.03]",0.013,2025-07-19T14:49:50.643028,Jensen-Torres House,Madrid,"[40.31887, -3.698107]",5.0,9.2,1614,B&B,1.2,24.8,Four Seasons,"24h Front Desk,Laundry,Concierge,Business Center,Spa,Pool,Restaurant,Air Conditioning,Breakfast,WiFi,Balcony,Bar,Beach Access,Room Service,Kitchen",1.0,Madrid,Spain,U000632,25,0.710090909090909
O026678,H06678,Otel.com,Single,187.81,187.81,188.52,1.94,0.088,Free,True,False,Free WiFi,1,177.9,14.7,"[183.52, 184.61, 183.62, 178.2, 177.54, 179.26, 179.67, 179.05, 181.01, 177.89, 179.35, 180.49, 181.6, 179.91, 178.25, 179.0, 175.61, 173.74, 169.13, 172.83, 174.9, 175.13, 173.56, 171.67]",0.0151,2025-07-19T14:49:50.643028,Premier Madrid Suites,Madrid,"[40.450231, -3.684208]",4.0,9.0,122,Hotel,1.7,21.6,Marriott,"Breakfast,Airport Shuttle,Spa,Pet Friendly,Business Center,Conference Rooms,Restaurant,Pool,WiFi,Gym,Concierge,Balcony,Air Conditioning,Beach Access",4.2,Madrid,Spain,U000632,25,0.6709407713498623
O007407,H07407,Getaroom,Executive,179.53,538.59,181.23,1.64,0.164,Free,False,True,0.0,3,175.82,9.1,"[176.94, 176.26, 180.44, 179.92, 176.38, 173.93, 172.09, 173.21, 172.74, 169.24, 169.9, 172.58, 173.4, 176.36, 174.77, 176.98, 177.14, 177.84, 180.21, 178.74, 177.97, 177.58, 177.15, 177.88]",0.0122,2025-07-19T14:49:50.643028,Plaza Madrid Manor,Madrid,"[40.368328, -3.66868]",4.0,9.2,605,Hotel,1.2,25.9,Hampton Inn,"Parking,Gym,Conference Rooms,Spa,Pool,Laundry,Beach Access,24h Front Desk,WiFi,Airport Shuttle,Bar,Balcony,Pet Friendly,Breakfast,Business Center",3.0,Madrid,Spain,U000632,25,0.6008526170798898
O027407,H07407,Travelocity,Executive,177.74,533.22,182.05,2.24,0.2,Free,True,False,"Free cancellation, Room upgrade",3,178.1,20.32,"[182.69, 185.66, 182.61, 176.16, 175.79, 173.81, 177.48, 170.29, 170.61, 169.65, 173.56, 178.27, 181.65, 178.86, 177.11, 175.42, 175.36, 179.94, 185.36, 185.57, 178.95, 180.64, 178.91, 179.97]",0.0178,2025-07-19T14:49:50.643028,Plaza Madrid Manor,Madrid,"[40.368328, -3.66868]",4.0,9.2,605,Hotel,1.2,25.9,Hampton Inn,"Parking,Gym,Conference Rooms,Spa,Pool,Laundry,Beach Access,24h Front Desk,WiFi,Airport Shuttle,Bar,Balcony,Pet Friendly,Breakfast,Business Center",3.0,Madrid,Spain,U000632,25,0.6001129476584022
O037407,H07407,Hotwire,Double,162.84,488.52,163.58,1.18,0.176,Free,True,False,0.0,3,163.81,0.89,"[163.25, 164.09, 164.59, 165.66, 164.23, 163.18, 164.17, 163.95, 163.77, 164.02, 163.95, 164.06, 164.6, 163.84, 162.81, 161.72, 163.12, 163.13, 162.77, 162.36, 164.09, 164.1, 163.72, 166.22]",0.0057,2025-07-19T14:49:50.643028,Plaza Madrid Manor,Madrid,"[40.368328, -3.66868]",4.0,9.2,605,Hotel,1.2,25.9,Hampton Inn,"Parking,Gym,Conference Rooms,Spa,Pool,Laundry,Beach Access,24h Front Desk,WiFi,Airport Shuttle,Bar,Balcony,Pet Friendly,Breakfast,Business Center",3.0,Madrid,Spain,U000632,25,0.5939559228650138
O046678,H06678,Agoda,Family,171.0,342.0,171.24,1.1,0.137,Non-refundable,True,False,Late checkout,2,170.52,1.23,"[171.18, 171.61, 171.26, 170.66, 171.56, 171.48, 171.74, 172.28, 172.57, 171.16, 171.02, 171.39, 170.5, 169.85, 169.13, 168.91, 169.94, 169.72, 169.65, 169.8, 170.13, 169.59, 169.23, 168.24]",0.0055,2025-07-19T14:49:50.643028,Premier Madrid Suites,Madrid,"[40.450231, -3.684208]",4.0,9.0,122,Hotel,1.7,21.6,Marriott,"Breakfast,Airport Shuttle,Spa,Pet Friendly,Business Center,Conference Rooms,Restaurant,Pool,WiFi,Gym,Concierge,Balcony,Air Conditioning,Beach Access",4.2,Madrid,Spain,U000632,25,0.5639944903581268
O016678,H06678,Agoda,Twin,171.0,171.0,170.2,1.85,0.113,Free,False,False,0.0,1,171.09,3.76,"[171.3, 170.73, 170.16, 170.89, 174.76, 173.86, 172.63, 172.88, 174.65, 173.53, 172.61, 170.88, 170.64, 170.2, 171.39, 170.42, 171.24, 169.56, 169.76, 170.5, 169.19, 166.62, 167.92, 169.73]",0.0095,2025-07-19T14:49:50.643028,Premier Madrid Suites,Madrid,"[40.450231, -3.684208]",4.0,9.0,122,Hotel,1.7,21.6,Marriott,"Breakfast,Airport Shuttle,Spa,Pet Friendly,Business Center,Conference Rooms,Restaurant,Pool,WiFi,Gym,Concierge,Balcony,Air Conditioning,Beach Access",4.2,Madrid,Spain,U000632,25,0.5639944903581268
O025299,H05299,Getaroom,Executive,80.65,80.65,79.8,2.58,0.152,Free,True,True,Airport shuttle,1,82.07,3.25,"[82.11, 82.38, 83.59, 83.99, 83.97, 84.14, 84.69, 82.89, 81.17, 82.08, 81.87, 85.34, 84.32, 82.83, 82.72, 81.15, 80.21, 81.13, 80.54, 80.83, 79.76, 78.26, 79.79, 79.91]",0.0159,2025-07-19T14:49:50.643028,Kaiser Edwards and Smith Manor,Madrid,"[40.485241, -3.723558]",3.0,8.5,443,Apartment,2.1,13.8,W Hotels,"Bar,Kitchen,Concierge,Laundry,Room Service,Pool,Airport Shuttle,Parking,Restaurant",4.2,Madrid,Spain,U000632,25,0.5199931129476584
O035299,H05299,Hotels.com,Family,77.62,155.24,78.09,1.95,0.197,Free,False,True,"Kids stay free, Spa discount",2,78.0,2.0,"[77.86, 77.94, 75.5, 76.09, 77.48, 77.02, 75.67, 76.24, 77.68, 78.13, 77.12, 77.81, 77.67, 79.43, 80.51, 80.81, 80.89, 79.24, 78.2, 78.35, 77.79, 77.78, 78.97, 77.84]",0.0153,2025-07-19T14:49:50.643028,Kaiser Edwards and Smith Manor,Madrid,"[40.485241, -3.723558]",3.0,8.5,443,Apartment,2.1,13.8,W Hotels,"Bar,Kitchen,Concierge,Laundry,Room Service,Pool,Airport Shuttle,Parking,Restaurant",4.2,Madrid,Spain,U000632,25,0.5187410468319559
O005299,H05299,Priceline,Suite,72.86,364.3,71.83,0.52,0.118,Non-refundable,True,False,0.0,5,73.18,2.29,"[74.69, 74.45, 73.03, 72.28, 71.1, 71.78, 72.5, 71.31, 71.82, 73.35, 73.41, 74.92, 76.32, 74.71, 72.4, 70.74, 72.37, 74.42, 74.34, 73.6, 74.65, 75.19, 71.84, 71.08]",0.0229,2025-07-19T14:49:50.643028,Kaiser Edwards and Smith Manor,Madrid,"[40.485241, -3.723558]",3.0,8.5,443,Apartment,2.1,13.8,W Hotels,"Bar,Kitchen,Concierge,Laundry,Room Service,Pool,Airport Shuttle,Parking,Restaurant",4.2,Madrid,Spain,U000632,25,0.5167741046831956
O043754,H03754,Hotels.com,Single,246.96,987.84,246.27,0.88,0.135,Free,False,False,0.0,4,226.25,146.09,"[249.69, 253.61, 253.73, 246.1, 229.7, 230.47, 234.92, 220.62, 226.42, 224.72, 219.48, 222.06, 217.11, 216.53, 218.27, 215.59, 215.48, 217.24, 220.83, 216.22, 225.16, 219.74, 217.54, 218.82]",0.0219,2025-07-19T14:49:50.643028,Jensen-Torres House,Madrid,"[40.31887, -3.698107]",5.0,9.2,1614,B&B,1.2,24.8,Four Seasons,"24h Front Desk,Laundry,Concierge,Business Center,Spa,Pool,Restaurant,Air Conditioning,Breakfast,WiFi,Balcony,Bar,Beach Access,Room Service,Kitchen",1.0,Madrid,Spain,U000948,21,0.92696
O003754,H03754,Lastminute.com,Twin,267.87,535.74,269.86,2.38,0.138,Free,False,False,Spa discount,2,267.99,38.85,"[265.25, 268.89, 269.77, 268.76, 263.31, 272.06, 266.59, 274.81, 273.11, 273.35, 268.52, 266.6, 272.83, 273.22, 272.84, 274.43, 264.14, 273.57, 272.47, 271.82, 256.7, 251.88, 256.19, 260.69]",0.0174,2025-07-19T14:49:50.643028,Jensen-Torres House,Madrid,"[40.31887, -3.698107]",5.0,9.2,1614,B&B,1.2,24.8,Four Seasons,"24h Front Desk,Laundry,Concierge,Business Center,Spa,Pool,Restaurant,Air Conditioning,Breakfast,WiFi,Balcony,Bar,Beach Access,Room Service,Kitchen",1.0,Madrid,Spain,U000948,21,0.8478700000000001
O023754,H03754,Lastminute.com,Twin,266.42,1065.68,272.53,0.6,0.178,Non-refundable,False,True,Free breakfast,4,268.76,12.42,"[264.23, 261.62, 264.38, 265.16, 267.95, 266.61, 270.2, 272.9, 270.58, 271.67, 273.64, 272.02, 274.41, 268.92, 271.74, 264.84, 266.49, 269.03, 273.41, 266.81, 265.2, 265.65, 271.83, 271.03]",0.013,2025-07-19T14:49:50.643028,Jensen-Torres House,Madrid,"[40.31887, -3.698107]",5.0,9.2,1614,B&B,1.2,24.8,Four Seasons,"24h Front Desk,Laundry,Concierge,Business Center,Spa,Pool,Restaurant,Air Conditioning,Breakfast,WiFi,Balcony,Bar,Beach Access,Room Service,Kitchen",1.0,Madrid,Spain,U000948,21,0.8464200000000002
O022129,H02129,Expedia,Single,477.36,2864.16,469.64,2.79,0.128,Free,True,False,Airport shuttle,6,476.62,83.58,"[481.36, 489.75, 474.14, 479.53, 462.84, 458.18, 471.28, 480.22, 489.66, 484.55, 482.97, 478.59, 476.97, 474.36, 464.48, 477.73, 466.4, 457.46, 474.3, 476.73, 484.03, 490.66, 478.24, 484.5]",0.0207,2025-07-19T14:49:50.643028,Madrid Central Inn,Madrid,"[40.441416, -3.583474]",5.0,8.8,948,Resort,8.1,35.6,St. Regis,"Pool,Business Center,Breakfast,Pet Friendly,Beach Access,Bar,Air Conditioning,Room Service,WiFi,Gym,Spa,Airport Shuttle,Laundry,Balcony,24h Front Desk",4.5,Madrid,Spain,U000948,21,0.8226399999999999
O026678,H06678,Otel.com,Single,187.81,187.81,188.52,1.94,0.088,Free,True,False,Free WiFi,1,177.9,14.7,"[183.52, 184.61, 183.62, 178.2, 177.54, 179.26, 179.67, 179.05, 181.01, 177.89, 179.35, 180.49, 181.6, 179.91, 178.25, 179.0, 175.61, 173.74, 169.13, 172.83, 174.9, 175.13, 173.56, 171.67]",0.0151,2025-07-19T14:49:50.643028,Premier Madrid Suites,Madrid,"[40.450231, -3.684208]",4.0,9.0,122,Hotel,1.7,21.6,Marriott,"Breakfast,Airport Shuttle,Spa,Pet Friendly,Business Center,Conference Rooms,Restaurant,Pool,WiFi,Gym,Concierge,Balcony,Air Conditioning,Beach Access",4.2,Madrid,Spain,U000948,21,0.8078099999999999
O002129,H02129,Venere,Executive,426.92,2134.6,429.38,1.74,0.178,Free,True,False,"Free breakfast, Free cancellation",5,432.06,31.25,"[429.7, 425.07, 425.58, 427.65, 428.84, 425.24, 424.21, 428.55, 425.54, 432.0, 430.48, 433.22, 431.45, 429.42, 427.96, 433.8, 439.46, 440.66, 438.12, 434.09, 437.61, 437.69, 438.66, 444.47]",0.0082,2025-07-19T14:49:50.643028,Madrid Central Inn,Madrid,"[40.441416, -3.583474]",5.0,8.8,948,Resort,8.1,35.6,St. Regis,"Pool,Business Center,Breakfast,Pet Friendly,Beach Access,Bar,Air Conditioning,Room Service,WiFi,Gym,Spa,Airport Shuttle,Laundry,Balcony,24h Front Desk",4.5,Madrid,Spain,U000948,21,0.7730799999999999
O047407,H07407,Travelocity,Family,186.5,932.5,183.89,0.8,0.104,Free,True,False,Airport shuttle,5,186.96,4.01,"[184.28, 183.96, 184.7, 185.33, 185.71, 185.26, 183.54, 184.08, 185.93, 185.56, 187.66, 188.31, 188.82, 190.8, 189.15, 189.68, 188.05, 187.54, 188.54, 187.0, 187.63, 188.24, 188.45, 188.89]",0.0066,2025-07-19T14:49:50.643028,Plaza Madrid Manor,Madrid,"[40.368328, -3.66868]",4.0,9.2,605,Hotel,1.2,25.9,Hampton Inn,"Parking,Gym,Conference Rooms,Spa,Pool,Laundry,Beach Access,24h Front Desk,WiFi,Airport Shuttle,Bar,Balcony,Pet Friendly,Breakfast,Business Center",3.0,Madrid,Spain,U000948,21,0.7265000000000001
O007407,H07407,Getaroom,Executive,179.53,538.59,181.23,1.64,0.164,Free,False,True,0.0,3,175.82,9.1,"[176.94, 176.26, 180.44, 179.92, 176.38, 173.93, 172.09, 173.21, 172.74, 169.24, 169.9, 172.58, 173.4, 176.36, 174.77, 176.98, 177.14, 177.84, 180.21, 178.74, 177.97, 177.58, 177.15, 177.88]",0.0122,2025-07-19T14:49:50.643028,Plaza Madrid Manor,Madrid,"[40.368328, -3.66868]",4.0,9.2,605,Hotel,1.2,25.9,Hampton Inn,"Parking,Gym,Conference Rooms,Spa,Pool,Laundry,Beach Access,24h Front Desk,WiFi,Airport Shuttle,Bar,Balcony,Pet Friendly,Breakfast,Business Center",3.0,Madrid,Spain,U000948,21,0.71953
O012129,H02129,Orbitz,Twin,481.55,1444.65,497.16,1.44,0.106,Free,True,True,Free cancellation,3,468.16,170.33,"[484.89, 487.76, 489.98, 484.81, 487.12, 479.19, 477.62, 483.89, 475.72, 470.36, 458.12, 458.5, 458.43, 455.77, 460.31, 457.72, 448.63, 457.2, 462.12, 472.12, 463.28, 455.96, 451.85, 454.56]",0.0154,2025-07-19T14:49:50.643028,Madrid Central Inn,Madrid,"[40.441416, -3.583474]",5.0,8.8,948,Resort,8.1,35.6,St. Regis,"Pool,Business Center,Breakfast,Pet Friendly,Beach Access,Bar,Air Conditioning,Room Service,WiFi,Gym,Spa,Airport Shuttle,Laundry,Balcony,24h Front Desk",4.5,Madrid,Spain,U000948,21,0.7184499999999999
O037407,H07407,Hotwire,Double,162.84,488.52,163.58,1.18,0.176,Free,True,False,0.0,3,163.81,0.89,"[163.25, 164.09, 164.59, 165.66, 164.23, 163.18, 164.17, 163.95, 163.77, 164.02, 163.95, 164.06, 164.6, 163.84, 162.81, 161.72, 163.12, 163.13, 162.77, 162.36, 164.09, 164.1, 163.72, 166.22]",0.0057,2025-07-19T14:49:50.643028,Plaza Madrid Manor,Madrid,"[40.368328, -3.66868]",4.0,9.2,605,Hotel,1.2,25.9,Hampton Inn,"Parking,Gym,Conference Rooms,Spa,Pool,Laundry,Beach Access,24h Front Desk,WiFi,Airport Shuttle,Bar,Balcony,Pet Friendly,Breakfast,Business Center",3.0,Madrid,Spain,U000948,21,0.7028400000000001
O036678,H06678,Kayak,Double,177.49,177.49,177.68,1.64,0.12,Free,True,True,Airport shuttle,1,173.77,17.28,"[175.45, 171.84, 173.34, 173.88, 177.53, 177.99, 178.1, 179.44, 177.41, 178.62, 178.38, 178.27, 173.38, 175.7, 173.68, 172.84, 166.88, 171.87, 174.06, 172.1, 167.43, 163.42, 168.14, 170.75]",0.0174,2025-07-19T14:49:50.643028,Premier Madrid Suites,Madrid,"[40.450231, -3.684208]",4.0,9.0,122,Hotel,1.7,21.6,Marriott,"Breakfast,Airport Shuttle,Spa,Pet Friendly,Business Center,Conference Rooms,Restaurant,Pool,WiFi,Gym,Concierge,Balcony,Air Conditioning,Beach Access",4.2,Madrid,Spain,U000948,21,0.6974900000000002
O016678,H06678,Agoda,Twin,171.0,171.0,170.2,1.85,0.113,Free,False,False,0.0,1,171.09,3.76,"[171.3, 170.73, 170.16, 170.89, 174.76, 173.86, 172.63, 172.88, 174.65, 173.53, 172.61, 170.88, 170.64, 170.2, 171.39, 170.42, 171.24, 169.56, 169.76, 170.5, 169.19, 166.62, 167.92, 169.73]",0.0095,2025-07-19T14:49:50.643028,Premier Madrid Suites,Madrid,"[40.450231, -3.684208]",4.0,9.0,122,Hotel,1.7,21.6,Marriott,"Breakfast,Airport Shuttle,Spa,Pet Friendly,Business Center,Conference Rooms,Restaurant,Pool,WiFi,Gym,Concierge,Balcony,Air Conditioning,Beach Access",4.2,Madrid,Spain,U000948,21,0.6910000000000001
O015299,H05299,Booking.com,Deluxe,79.2,237.6,79.39,1.98,0.15,Free,True,False,Late checkout,3,79.12,0.86,"[77.26, 78.41, 78.62, 79.61, 78.18, 77.85, 78.68, 78.82, 78.6, 78.88, 79.38, 79.24, 78.78, 79.17, 78.5, 80.25, 80.59, 79.81, 79.8, 77.93, 78.92, 80.82, 79.93, 80.85]",0.0109,2025-07-19T14:49:50.643028,Kaiser Edwards and Smith Manor,Madrid,"[40.485241, -3.723558]",3.0,8.5,443,Apartment,2.1,13.8,W Hotels,"Bar,Kitchen,Concierge,Laundry,Room Service,Pool,Airport Shuttle,Parking,Restaurant",4.2,Madrid,Spain,U000948,21,0.5192
O035299,H05299,Hotels.com,Family,77.62,155.24,78.09,1.95,0.197,Free,False,True,"Kids stay free, Spa discount",2,78.0,2.0,"[77.86, 77.94, 75.5, 76.09, 77.48, 77.02, 75.67, 76.24, 77.68, 78.13, 77.12, 77.81, 77.67, 79.43, 80.51, 80.81, 80.89, 79.24, 78.2, 78.35, 77.79, 77.78, 78.97, 77.84]",0.0153,2025-07-19T14:49:50.643028,Kaiser Edwards and Smith Manor,Madrid,"[40.485241, -3.723558]",3.0,8.5,443,Apartment,2.1,13.8,W Hotels,"Bar,Kitchen,Concierge,Laundry,Room Service,Pool,Airport Shuttle,Parking,Restaurant",4.2,Madrid,Spain,U000948,21,0.51762
O005299,H05299,Priceline,Suite,72.86,364.3,71.83,0.52,0.118,Non-refundable,True,False,0.0,5,73.18,2.29,"[74.69, 74.45, 73.03, 72.28, 71.1, 71.78, 72.5, 71.31, 71.82, 73.35, 73.41, 74.92, 76.32, 74.71, 72.4, 70.74, 72.37, 74.42, 74.34, 73.6, 74.65, 75.19, 71.84, 71.08]",0.0229,2025-07-19T14:49:50.643028,Kaiser Edwards and Smith Manor,Madrid,"[40.485241, -3.723558]",3.0,8.5,443,Apartment,2.1,13.8,W Hotels,"Bar,Kitchen,Concierge,Laundry,Room Service,Pool,Airport Shuttle,Parking,Restaurant",4.2,Madrid,Spain,U000948,21,0.51286
O043754,H03754,Hotels.com,Single,246.96,987.84,246.27,0.88,0.135,Free,False,False,0.0,4,226.25,146.09,"[249.69, 253.61, 253.73, 246.1, 229.7, 230.47, 234.92, 220.62, 226.42, 224.72, 219.48, 222.06, 217.11, 216.53, 218.27, 215.59, 215.48, 217.24, 220.83, 216.22, 225.16, 219.74, 217.54, 218.82]",0.0219,2025-07-19T14:49:50.643028,Jensen-Torres House,Madrid,"[40.31887, -3.698107]",5.0,9.2,1614,B&B,1.2,24.8,Four Seasons,"24h Front Desk,Laundry,Concierge,Business Center,Spa,Pool,Restaurant,Air Conditioning,Breakfast,WiFi,Balcony,Bar,Beach Access,Room Service,Kitchen",1.0,Madrid,Spain,U000410,24,0.9344556962025317
O013754,H03754,Lastminute.com,Suite,273.03,273.03,268.96,0.82,0.103,Free,False,False,"Free parking, Pay at hotel",1,266.05,7.17,"[271.08, 266.68, 264.36, 266.24, 268.72, 267.38, 264.58, 263.55, 261.78, 266.39, 266.46, 261.17, 262.53, 264.66, 261.28, 266.02, 266.17, 266.62, 267.9, 265.46, 268.04, 270.45, 270.15, 267.66]",0.0088,2025-07-19T14:49:50.643028,Jensen-Torres House,Madrid,"[40.31887, -3.698107]",5.0,9.2,1614,B&B,1.2,24.8,Four Seasons,"24h Front Desk,Laundry,Concierge,Business Center,Spa,Pool,Restaurant,Air Conditioning,Breakfast,WiFi,Balcony,Bar,Beach Access,Room Service,Kitchen",1.0,Madrid,Spain,U000410,24,0.8592056962025315
O003754,H03754,Lastminute.com,Twin,267.87,535.74,269.86,2.38,0.138,Free,False,False,Spa discount,2,267.99,38.85,"[265.25, 268.89, 269.77, 268.76, 263.31, 272.06, 266.59, 274.81, 273.11, 273.35, 268.52, 266.6, 272.83, 273.22, 272.84, 274.43, 264.14, 273.57, 272.47, 271.82, 256.7, 251.88, 256.19, 260.69]",0.0174,2025-07-19T14:49:50.643028,Jensen-Torres House,Madrid,"[40.31887, -3.698107]",5.0,9.2,1614,B&B,1.2,24.8,Four Seasons,"24h Front Desk,Laundry,Concierge,Business Center,Spa,Pool,Restaurant,Air Conditioning,Breakfast,WiFi,Balcony,Bar,Beach Access,Room Service,Kitchen",1.0,Madrid,Spain,U000410,24,0.8543069620253164
O002129,H02129,Venere,Executive,426.92,2134.6,429.38,1.74,0.178,Free,True,False,"Free breakfast, Free cancellation",5,432.06,31.25,"[429.7, 425.07, 425.58, 427.65, 428.84, 425.24, 424.21, 428.55, 425.54, 432.0, 430.48, 433.22, 431.45, 429.42, 427.96, 433.8, 439.46, 440.66, 438.12, 434.09, 437.61, 437.69, 438.66, 444.47]",0.0082,2025-07-19T14:49:50.643028,Madrid Central Inn,Madrid,"[40.441416, -3.583474]",5.0,8.8,948,Resort,8.1,35.6,St. Regis,"Pool,Business Center,Breakfast,Pet Friendly,Beach Access,Bar,Air Conditioning,Room Service,WiFi,Gym,Spa,Airport Shuttle,Laundry,Balcony,24h Front Desk",4.5,Madrid,Spain,U000410,24,0.7946962025316456
O042129,H02129,Priceline,Double,430.56,3013.92,428.47,2.98,0.161,Free,False,False,0.0,7,408.26,224.96,"[426.16, 431.42, 428.74, 421.4, 417.79, 413.94, 409.21, 414.59, 402.37, 405.21, 408.61, 414.28, 425.59, 420.3, 419.56, 418.06, 407.63, 392.82, 390.29, 387.15, 385.6, 383.28, 386.96, 387.34]",0.015,2025-07-19T14:49:50.643028,Madrid Central Inn,Madrid,"[40.441416, -3.583474]",5.0,8.8,948,Resort,8.1,35.6,St. Regis,"Pool,Business Center,Breakfast,Pet Friendly,Beach Access,Bar,Air Conditioning,Room Service,WiFi,Gym,Spa,Airport Shuttle,Laundry,Balcony,24h Front Desk",4.5,Madrid,Spain,U000410,24,0.7912405063291138
O006678,H06678,Priceline,Single,165.6,165.6,172.25,1.55,0.181,Non-refundable,True,False,Late checkout,1,170.14,4.7,"[164.72, 166.01, 166.32, 168.77, 167.97, 168.98, 170.27, 169.92, 169.19, 169.63, 169.42, 170.15, 170.32, 170.75, 171.48, 172.57, 172.29, 172.23, 173.13, 172.7, 171.86, 171.72, 171.92, 171.07]",0.0056,2025-07-19T14:49:50.643028,Premier Madrid Suites,Madrid,"[40.450231, -3.684208]",4.0,9.0,122,Hotel,1.7,21.6,Marriott,"Breakfast,Airport Shuttle,Spa,Pet Friendly,Business Center,Conference Rooms,Restaurant,Pool,WiFi,Gym,Concierge,Balcony,Air Conditioning,Beach Access",4.2,Madrid,Spain,U000410,24,0.7672151898734177
O012129,H02129,Orbitz,Twin,481.55,1444.65,497.16,1.44,0.106,Free,True,True,Free cancellation,3,468.16,170.33,"[484.89, 487.76, 489.98, 484.81, 487.12, 479.19, 477.62, 483.89, 475.72, 470.36, 458.12, 458.5, 458.43, 455.77, 460.31, 457.72, 448.63, 457.2, 462.12, 472.12, 463.28, 455.96, 451.85, 454.56]",0.0154,2025-07-19T14:49:50.643028,Madrid Central Inn,Madrid,"[40.441416, -3.583474]",5.0,8.8,948,Resort,8.1,35.6,St. Regis,"Pool,Business Center,Breakfast,Pet Friendly,Beach Access,Bar,Air Conditioning,Room Service,WiFi,Gym,Spa,Airport Shuttle,Laundry,Balcony,24h Front Desk",4.5,Madrid,Spain,U000410,24,0.7428322784810126
O007407,H07407,Getaroom,Executive,179.53,538.59,181.23,1.64,0.164,Free,False,True,0.0,3,175.82,9.1,"[176.94, 176.26, 180.44, 179.92, 176.38, 173.93, 172.09, 173.21, 172.74, 169.24, 169.9, 172.58, 173.4, 176.36, 174.77, 176.98, 177.14, 177.84, 180.21, 178.74, 177.97, 177.58, 177.15, 177.88]",0.0122,2025-07-19T14:49:50.643028,Plaza Madrid Manor,Madrid,"[40.368328, -3.66868]",4.0,9.2,605,Hotel,1.2,25.9,Hampton Inn,"Parking,Gym,Conference Rooms,Spa,Pool,Laundry,Beach Access,24h Front Desk,WiFi,Airport Shuttle,Bar,Balcony,Pet Friendly,Breakfast,Business Center",3.0,Madrid,Spain,U000410,24,0.6804398734177215
O027407,H07407,Travelocity,Executive,177.74,533.22,182.05,2.24,0.2,Free,True,False,"Free cancellation, Room upgrade",3,178.1,20.32,"[182.69, 185.66, 182.61, 176.16, 175.79, 173.81, 177.48, 170.29, 170.61, 169.65, 173.56, 178.27, 181.65, 178.86, 177.11, 175.42, 175.36, 179.94, 185.36, 185.57, 178.95, 180.64, 178.91, 179.97]",0.0178,2025-07-19T14:49:50.643028,Plaza Madrid Manor,Madrid,"[40.368328, -3.66868]",4.0,9.2,605,Hotel,1.2,25.9,Hampton Inn,"Parking,Gym,Conference Rooms,Spa,Pool,Laundry,Beach Access,24h Front Desk,WiFi,Airport Shuttle,Bar,Balcony,Pet Friendly,Breakfast,Business Center",3.0,Madrid,Spain,U000410,24,0.6787405063291141
O036678,H06678,Kayak,Double,177.49,177.49,177.68,1.64,0.12,Free,True,True,Airport shuttle,1,173.77,17.28,"[175.45, 171.84, 173.34, 173.88, 177.53, 177.99, 178.1, 179.44, 177.41, 178.62, 178.38, 178.27, 173.38, 175.7, 173.68, 172.84, 166.88, 171.87, 174.06, 172.1, 167.43, 163.42, 168.14, 170.75]",0.0174,2025-07-19T14:49:50.643028,Premier Madrid Suites,Madrid,"[40.450231, -3.684208]",4.0,9.0,122,Hotel,1.7,21.6,Marriott,"Breakfast,Airport Shuttle,Spa,Pet Friendly,Business Center,Conference Rooms,Restaurant,Pool,WiFi,Gym,Concierge,Balcony,Air Conditioning,Beach Access",4.2,Madrid,Spain,U000410,24,0.6785031645569621
O046678,H06678,Agoda,Family,171.0,342.0,171.24,1.1,0.137,Non-refundable,True,False,Late checkout,2,170.52,1.23,"[171.18, 171.61, 171.26, 170.66, 171.56, 171.48, 171.74, 172.28, 172.57, 171.16, 171.02, 171.39, 170.5, 169.85, 169.13, 168.91, 169.94, 169.72, 169.65, 169.8, 170.13, 169.59, 169.23, 168.24]",0.0055,2025-07-19T14:49:50.643028,Premier Madrid Suites,Madrid,"[40.450231, -3.684208]",4.0,9.0,122,Hotel,1.7,21.6,Marriott,"Breakfast,Airport Shuttle,Spa,Pet Friendly,Business Center,Conference Rooms,Restaurant,Pool,WiFi,Gym,Concierge,Balcony,Air Conditioning,Beach Access",4.2,Madrid,Spain,U000410,24,0.6723417721518987
O037407,H07407,Hotwire,Double,162.84,488.52,163.58,1.18,0.176,Free,True,False,0.0,3,163.81,0.89,"[163.25, 164.09, 164.59, 165.66, 164.23, 163.18, 164.17, 163.95, 163.77, 164.02, 163.95, 164.06, 164.6, 163.84, 162.81, 161.72, 163.12, 163.13, 162.77, 162.36, 164.09, 164.1, 163.72, 166.22]",0.0057,2025-07-19T14:49:50.643028,Plaza Madrid Manor,Madrid,"[40.368328, -3.66868]",4.0,9.2,605,Hotel,1.2,25.9,Hampton Inn,"Parking,Gym,Conference Rooms,Spa,Pool,Laundry,Beach Access,24h Front Desk,WiFi,Airport Shuttle,Bar,Balcony,Pet Friendly,Breakfast,Business Center",3.0,Madrid,Spain,U000410,24,0.6645949367088608
O045299,H05299,Expedia,Single,80.78,80.78,80.07,1.47,0.116,Free,False,True,0.0,1,84.03,7.32,"[81.13, 80.69, 79.55, 79.17, 81.22, 82.0, 81.67, 81.72, 82.58, 83.69, 83.79, 83.63, 83.88, 84.28, 84.32, 85.61, 86.53, 87.32, 87.92, 88.26, 87.39, 87.17, 86.3, 86.84]",0.0086,2025-07-19T14:49:50.643028,Kaiser Edwards and Smith Manor,Madrid,"[40.485241, -3.723558]",3.0,8.5,443,Apartment,2.1,13.8,W Hotels,"Bar,Kitchen,Concierge,Laundry,Room Service,Pool,Airport Shuttle,Parking,Restaurant",4.2,Madrid,Spain,U000410,24,0.6466898734177216
O025299,H05299,Getaroom,Executive,80.65,80.65,79.8,2.58,0.152,Free,True,True,Airport shuttle,1,82.07,3.25,"[82.11, 82.38, 83.59, 83.99, 83.97, 84.14, 84.69, 82.89, 81.17, 82.08, 81.87, 85.34, 84.32, 82.83, 82.72, 81.15, 80.21, 81.13, 80.54, 80.83, 79.76, 78.26, 79.79, 79.91]",0.0159,2025-07-19T14:49:50.643028,Kaiser Edwards and Smith Manor,Madrid,"[40.485241, -3.723558]",3.0,8.5,443,Apartment,2.1,13.8,W Hotels,"Bar,Kitchen,Concierge,Laundry,Room Service,Pool,Airport Shuttle,Parking,Restaurant",4.2,Madrid,Spain,U000410,24,0.5465664556962025
O005299,H05299,Priceline,Suite,72.86,364.3,71.83,0.52,0.118,Non-refundable,True,False,0.0,5,73.18,2.29,"[74.69, 74.45, 73.03, 72.28, 71.1, 71.78, 72.5, 71.31, 71.82, 73.35, 73.41, 74.92, 76.32, 74.71, 72.4, 70.74, 72.37, 74.42, 74.34, 73.6, 74.65, 75.19, 71.84, 71.08]",0.0229,2025-07-19T14:49:50.643028,Kaiser Edwards and Smith Manor,Madrid,"[40.485241, -3.723558]",3.0,8.5,443,Apartment,2.1,13.8,W Hotels,"Bar,Kitchen,Concierge,Laundry,Room Service,Pool,Airport Shuttle,Parking,Restaurant",4.2,Madrid,Spain,U000410,24,0.5391708860759494
O005299,H05299,Priceline,Suite,72.86,364.3,71.83,0.52,0.118,Non-refundable,True,False,0.0,5,73.18,2.29,"[74.69, 74.45, 73.03, 72.28, 71.1, 71.78, 72.5, 71.31, 71.82, 73.35, 73.41, 74.92, 76.32, 74.71, 72.4, 70.74, 72.37, 74.42, 74.34, 73.6, 74.65, 75.19, 71.84, 71.08]",0.0229,2025-07-19T14:49:50.643028,Kaiser Edwards and Smith Manor,Madrid,"[40.485241, -3.723558]",3.0,8.5,443,Apartment,2.1,13.8,W Hotels,"Bar,Kitchen,Concierge,Laundry,Room Service,Pool,Airport Shuttle,Parking,Restaurant",4.2,Madrid,Spain,U000109,27,0.7318921568627451
O035299,H05299,Hotels.com,Family,77.62,155.24,78.09,1.95,0.197,Free,False,True,"Kids stay free, Spa discount",2,78.0,2.0,"[77.86, 77.94, 75.5, 76.09, 77.48, 77.02, 75.67, 76.24, 77.68, 78.13, 77.12, 77.81, 77.67, 79.43, 80.51, 80.81, 80.89, 79.24, 78.2, 78.35, 77.79, 77.78, 78.97, 77.84]",0.0153,2025-07-19T14:49:50.643028,Kaiser Edwards and Smith Manor,Madrid,"[40.485241, -3.723558]",3.0,8.5,443,Apartment,2.1,13.8,W Hotels,"Bar,Kitchen,Concierge,Laundry,Room Service,Pool,Airport Shuttle,Parking,Restaurant",4.2,Madrid,Spain,U000109,27,0.710892156862745
O025299,H05299,Getaroom,Executive,80.65,80.65,79.8,2.58,0.152,Free,True,True,Airport shuttle,1,82.07,3.25,"[82.11, 82.38, 83.59, 83.99, 83.97, 84.14, 84.69, 82.89, 81.17, 82.08, 81.87, 85.34, 84.32, 82.83, 82.72, 81.15, 80.21, 81.13, 80.54, 80.83, 79.76, 78.26, 79.79, 79.91]",0.0159,2025-07-19T14:49:50.643028,Kaiser Edwards and Smith Manor,Madrid,"[40.485241, -3.723558]",3.0,8.5,443,Apartment,2.1,13.8,W Hotels,"Bar,Kitchen,Concierge,Laundry,Room Service,Pool,Airport Shuttle,Parking,Restaurant",4.2,Madrid,Spain,U000109,27,0.6975245098039214
O043754,H03754,Hotels.com,Single,246.96,987.84,246.27,0.88,0.135,Free,False,False,0.0,4,226.25,146.09,"[249.69, 253.61, 253.73, 246.1, 229.7, 230.47, 234.92, 220.62, 226.42, 224.72, 219.48, 222.06, 217.11, 216.53, 218.27, 215.59, 215.48, 217.24, 220.83, 216.22, 225.16, 219.74, 217.54, 218.82]",0.0219,2025-07-19T14:49:50.643028,Jensen-Torres House,Madrid,"[40.31887, -3.698107]",5.0,9.2,1614,B&B,1.2,24.8,Four Seasons,"24h Front Desk,Laundry,Concierge,Business Center,Spa,Pool,Restaurant,Air Conditioning,Breakfast,WiFi,Balcony,Bar,Beach Access,Room Service,Kitchen",1.0,Madrid,Spain,U000109,27,0.6666666666666666
O026678,H06678,Otel.com,Single,187.81,187.81,188.52,1.94,0.088,Free,True,False,Free WiFi,1,177.9,14.7,"[183.52, 184.61, 183.62, 178.2, 177.54, 179.26, 179.67, 179.05, 181.01, 177.89, 179.35, 180.49, 181.6, 179.91, 178.25, 179.0, 175.61, 173.74, 169.13, 172.83, 174.9, 175.13, 173.56, 171.67]",0.0151,2025-07-19T14:49:50.643028,Premier Madrid Suites,Madrid,"[40.450231, -3.684208]",4.0,9.0,122,Hotel,1.7,21.6,Marriott,"Breakfast,Airport Shuttle,Spa,Pet Friendly,Business Center,Conference Rooms,Restaurant,Pool,WiFi,Gym,Concierge,Balcony,Air Conditioning,Beach Access",4.2,Madrid,Spain,U000109,27,0.66
O002129,H02129,Venere,Executive,426.92,2134.6,429.38,1.74,0.178,Free,True,False,"Free breakfast, Free cancellation",5,432.06,31.25,"[429.7, 425.07, 425.58, 427.65, 428.84, 425.24, 424.21, 428.55, 425.54, 432.0, 430.48, 433.22, 431.45, 429.42, 427.96, 433.8, 439.46, 440.66, 438.12, 434.09, 437.61, 437.69, 438.66, 444.47]",0.0082,2025-07-19T14:49:50.643028,Madrid Central Inn,Madrid,"[40.441416, -3.583474]",5.0,8.8,948,Resort,8.1,35.6,St. Regis,"Pool,Business Center,Breakfast,Pet Friendly,Beach Access,Bar,Air Conditioning,Room Service,WiFi,Gym,Spa,Airport Shuttle,Laundry,Balcony,24h Front Desk",4.5,Madrid,Spain,U000109,27,0.6
O012129,H02129,Orbitz,Twin,481.55,1444.65,497.16,1.44,0.106,Free,True,True,Free cancellation,3,468.16,170.33,"[484.89, 487.76, 489.98, 484.81, 487.12, 479.19, 477.62, 483.89, 475.72, 470.36, 458.12, 458.5, 458.43, 455.77, 460.31, 457.72, 448.63, 457.2, 462.12, 472.12, 463.28, 455.96, 451.85, 454.56]",0.0154,2025-07-19T14:49:50.643028,Madrid Central Inn,Madrid,"[40.441416, -3.583474]",5.0,8.8,948,Resort,8.1,35.6,St. Regis,"Pool,Business Center,Breakfast,Pet Friendly,Beach Access,Bar,Air Conditioning,Room Service,WiFi,Gym,Spa,Airport Shuttle,Laundry,Balcony,24h Front Desk",4.5,Madrid,Spain,U000109,27,0.6
O032129,H02129,HotelDirect,Twin,411.84,411.84,412.88,1.28,0.127,Free,False,True,Free WiFi,1,429.87,326.42,"[405.36, 397.01, 407.91, 413.95, 417.7, 437.5, 449.85, 439.82, 448.25, 445.13, 446.27, 454.84, 452.87, 449.68, 453.0, 449.16, 429.86, 407.46, 409.17, 422.76, 419.07, 422.2, 415.2, 422.84]",0.023,2025-07-19T14:49:50.643028,Madrid Central Inn,Madrid,"[40.441416, -3.583474]",5.0,8.8,948,Resort,8.1,35.6,St. Regis,"Pool,Business Center,Breakfast,Pet Friendly,Beach Access,Bar,Air Conditioning,Room Service,WiFi,Gym,Spa,Airport Shuttle,Laundry,Balcony,24h Front Desk",4.5,Madrid,Spain,U000109,27,0.6
O033754,H03754,Orbitz,Twin,257.2,257.2,263.98,2.22,0.156,Free,False,True,0.0,1,265.88,8.03,"[261.43, 262.61, 264.35, 265.59, 266.55, 265.49, 266.43, 261.49, 265.74, 267.87, 271.31, 267.09, 265.76, 261.3, 260.76, 270.46, 269.39, 268.05, 268.48, 265.05, 265.05, 264.69, 268.39, 267.8]",0.015,2025-07-19T14:49:50.643028,Jensen-Torres House,Madrid,"[40.31887, -3.698107]",5.0,9.2,1614,B&B,1.2,24.8,Four Seasons,"24h Front Desk,Laundry,Concierge,Business Center,Spa,Pool,Restaurant,Air Conditioning,Breakfast,WiFi,Balcony,Bar,Beach Access,Room Service,Kitchen",1.0,Madrid,Spain,U000109,27,0.5666666666666667
O023754,H03754,Lastminute.com,Twin,266.42,1065.68,272.53,0.6,0.178,Non-refundable,False,True,Free breakfast,4,268.76,12.42,"[264.23, 261.62, 264.38, 265.16, 267.95, 266.61, 270.2, 272.9, 270.58, 271.67, 273.64, 272.02, 274.41, 268.92, 271.74, 264.84, 266.49, 269.03, 273.41, 266.81, 265.2, 265.65, 271.83, 271.03]",0.013,2025-07-19T14:49:50.643028,Jensen-Torres House,Madrid,"[40.31887, -3.698107]",5.0,9.2,1614,B&B,1.2,24.8,Four Seasons,"24h Front Desk,Laundry,Concierge,Business Center,Spa,Pool,Restaurant,Air Conditioning,Breakfast,WiFi,Balcony,Bar,Beach Access,Room Service,Kitchen",1.0,Madrid,Spain,U000109,27,0.5666666666666667
O027407,H07407,Travelocity,Executive,177.74,533.22,182.05,2.24,0.2,Free,True,False,"Free cancellation, Room upgrade",3,178.1,20.32,"[182.69, 185.66, 182.61, 176.16, 175.79, 173.81, 177.48, 170.29, 170.61, 169.65, 173.56, 178.27, 181.65, 178.86, 177.11, 175.42, 175.36, 179.94, 185.36, 185.57, 178.95, 180.64, 178.91, 179.97]",0.0178,2025-07-19T14:49:50.643028,Plaza Madrid Manor,Madrid,"[40.368328, -3.66868]",4.0,9.2,605,Hotel,1.2,25.9,Hampton Inn,"Parking,Gym,Conference Rooms,Spa,Pool,Laundry,Beach Access,24h Front Desk,WiFi,Airport Shuttle,Bar,Balcony,Pet Friendly,Breakfast,Business Center",3.0,Madrid,Spain,U000109,27,0.56
O007407,H07407,Getaroom,Executive,179.53,538.59,181.23,1.64,0.164,Free,False,True,0.0,3,175.82,9.1,"[176.94, 176.26, 180.44, 179.92, 176.38, 173.93, 172.09, 173.21, 172.74, 169.24, 169.9, 172.58, 173.4, 176.36, 174.77, 176.98, 177.14, 177.84, 180.21, 178.74, 177.97, 177.58, 177.15, 177.88]",0.0122,2025-07-19T14:49:50.643028,Plaza Madrid Manor,Madrid,"[40.368328, -3.66868]",4.0,9.2,605,Hotel,1.2,25.9,Hampton Inn,"Parking,Gym,Conference Rooms,Spa,Pool,Laundry,Beach Access,24h Front Desk,WiFi,Airport Shuttle,Bar,Balcony,Pet Friendly,Breakfast,Business Center",3.0,Madrid,Spain,U000109,27,0.56
O037407,H07407,Hotwire,Double,162.84,488.52,163.58,1.18,0.176,Free,True,False,0.0,3,163.81,0.89,"[163.25, 164.09, 164.59, 165.66, 164.23, 163.18, 164.17, 163.95, 163.77, 164.02, 163.95, 164.06, 164.6, 163.84, 162.81, 161.72, 163.12, 163.13, 162.77, 162.36, 164.09, 164.1, 163.72, 166.22]",0.0057,2025-07-19T14:49:50.643028,Plaza Madrid Manor,Madrid,"[40.368328, -3.66868]",4.0,9.2,605,Hotel,1.2,25.9,Hampton Inn,"Parking,Gym,Conference Rooms,Spa,Pool,Laundry,Beach Access,24h Front Desk,WiFi,Airport Shuttle,Bar,Balcony,Pet Friendly,Breakfast,Business Center",3.0,Madrid,Spain,U000109,27,0.56
O036678,H06678,Kayak,Double,177.49,177.49,177.68,1.64,0.12,Free,True,True,Airport shuttle,1,173.77,17.28,"[175.45, 171.84, 173.34, 173.88, 177.53, 177.99, 178.1, 179.44, 177.41, 178.62, 178.38, 178.27, 173.38, 175.7, 173.68, 172.84, 166.88, 171.87, 174.06, 172.1, 167.43, 163.42, 168.14, 170.75]",0.0174,2025-07-19T14:49:50.643028,Premier Madrid Suites,Madrid,"[40.450231, -3.684208]",4.0,9.0,122,Hotel,1.7,21.6,Marriott,"Breakfast,Airport Shuttle,Spa,Pet Friendly,Business Center,Conference Rooms,Restaurant,Pool,WiFi,Gym,Concierge,Balcony,Air Conditioning,Beach Access",4.2,Madrid,Spain,U000109,27,0.56
O046678,H06678,Agoda,Family,171.0,342.0,171.24,1.1,0.137,Non-refundable,True,False,Late checkout,2,170.52,1.23,"[171.18, 171.61, 171.26, 170.66, 171.56, 171.48, 171.74, 172.28, 172.57, 171.16, 171.02, 171.39, 170.5, 169.85, 169.13, 168.91, 169.94, 169.72, 169.65, 169.8, 170.13, 169.59, 169.23, 168.24]",0.0055,2025-07-19T14:49:50.643028,Premier Madrid Suites,Madrid,"[40.450231, -3.684208]",4.0,9.0,122,Hotel,1.7,21.6,Marriott,"Breakfast,Airport Shuttle,Spa,Pet Friendly,Business Center,Conference Rooms,Restaurant,Pool,WiFi,Gym,Concierge,Balcony,Air Conditioning,Beach Access",4.2,Madrid,Spain,U000109,27,0.56
O042129,H02129,Priceline,Double,430.56,3013.92,428.47,2.98,0.161,Free,False,False,0.0,7,408.26,224.96,"[426.16, 431.42, 428.74, 421.4, 417.79, 413.94, 409.21, 414.59, 402.37, 405.21, 408.61, 414.28, 425.59, 420.3, 419.56, 418.06, 407.63, 392.82, 390.29, 387.15, 385.6, 383.28, 386.96, 387.34]",0.015,2025-07-19T14:49:50.643028,Madrid Central Inn,Madrid,"[40.441416, -3.583474]",5.0,8.8,948,Resort,8.1,35.6,St. Regis,"Pool,Business Center,Breakfast,Pet Friendly,Beach Access,Bar,Air Conditioning,Room Service,WiFi,Gym,Spa,Airport Shuttle,Laundry,Balcony,24h Front Desk",4.5,Madrid,Spain,U000927,32,0.65
O037407,H07407,Hotwire,Double,162.84,488.52,163.58,1.18,0.176,Free,True,False,0.0,3,163.81,0.89,"[163.25, 164.09, 164.59, 165.66, 164.23, 163.18, 164.17, 163.95, 163.77, 164.02, 163.95, 164.06, 164.6, 163.84, 162.81, 161.72, 163.12, 163.13, 162.77, 162.36, 164.09, 164.1, 163.72, 166.22]",0.0057,2025-07-19T14:49:50.643028,Plaza Madrid Manor,Madrid,"[40.368328, -3.66868]",4.0,9.2,605,Hotel,1.2,25.9,Hampton Inn,"Parking,Gym,Conference Rooms,Spa,Pool,Laundry,Beach Access,24h Front Desk,WiFi,Airport Shuttle,Bar,Balcony,Pet Friendly,Breakfast,Business Center",3.0,Madrid,Spain,U000927,32,0.6100000000000001
O012129,H02129,Orbitz,Twin,481.55,1444.65,497.16,1.44,0.106,Free,True,True,Free cancellation,3,468.16,170.33,"[484.89, 487.76, 489.98, 484.81, 487.12, 479.19, 477.62, 483.89, 475.72, 470.36, 458.12, 458.5, 458.43, 455.77, 460.31, 457.72, 448.63, 457.2, 462.12, 472.12, 463.28, 455.96, 451.85, 454.56]",0.0154,2025-07-19T14:49:50.643028,Madrid Central Inn,Madrid,"[40.441416, -3.583474]",5.0,8.8,948,Resort,8.1,35.6,St. Regis,"Pool,Business Center,Breakfast,Pet Friendly,Beach Access,Bar,Air Conditioning,Room Service,WiFi,Gym,Spa,Airport Shuttle,Laundry,Balcony,24h Front Desk",4.5,Madrid,Spain,U000927,32,0.55
O002129,H02129,Venere,Executive,426.92,2134.6,429.38,1.74,0.178,Free,True,False,"Free breakfast, Free cancellation",5,432.06,31.25,"[429.7, 425.07, 425.58, 427.65, 428.84, 425.24, 424.21, 428.55, 425.54, 432.0, 430.48, 433.22, 431.45, 429.42, 427.96, 433.8, 439.46, 440.66, 438.12, 434.09, 437.61, 437.69, 438.66, 444.47]",0.0082,2025-07-19T14:49:50.643028,Madrid Central Inn,Madrid,"[40.441416, -3.583474]",5.0,8.8,948,Resort,8.1,35.6,St. Regis,"Pool,Business Center,Breakfast,Pet Friendly,Beach Access,Bar,Air Conditioning,Room Service,WiFi,Gym,Spa,Airport Shuttle,Laundry,Balcony,24h Front Desk",4.5,Madrid,Spain,U000927,32,0.55
O043754,H03754,Hotels.com,Single,246.96,987.84,246.27,0.88,0.135,Free,False,False,0.0,4,226.25,146.09,"[249.69, 253.61, 253.73, 246.1, 229.7, 230.47, 234.92, 220.62, 226.42, 224.72, 219.48, 222.06, 217.11, 216.53, 218.27, 215.59, 215.48, 217.24, 220.83, 216.22, 225.16, 219.74, 217.54, 218.82]",0.0219,2025-07-19T14:49:50.643028,Jensen-Torres House,Madrid,"[40.31887, -3.698107]",5.0,9.2,1614,B&B,1.2,24.8,Four Seasons,"24h Front Desk,Laundry,Concierge,Business Center,Spa,Pool,Restaurant,Air Conditioning,Breakfast,WiFi,Balcony,Bar,Beach Access,Room Service,Kitchen",1.0,Madrid,Spain,U000927,32,0.55
O013754,H03754,Lastminute.com,Suite,273.03,273.03,268.96,0.82,0.103,Free,False,False,"Free parking, Pay at hotel",1,266.05,7.17,"[271.08, 266.68, 264.36, 266.24, 268.72, 267.38, 264.58, 263.55, 261.78, 266.39, 266.46, 261.17, 262.53, 264.66, 261.28, 266.02, 266.17, 266.62, 267.9, 265.46, 268.04, 270.45, 270.15, 267.66]",0.0088,2025-07-19T14:49:50.643028,Jensen-Torres House,Madrid,"[40.31887, -3.698107]",5.0,9.2,1614,B&B,1.2,24.8,Four Seasons,"24h Front Desk,Laundry,Concierge,Business Center,Spa,Pool,Restaurant,Air Conditioning,Breakfast,WiFi,Balcony,Bar,Beach Access,Room Service,Kitchen",1.0,Madrid,Spain,U000927,32,0.55
O033754,H03754,Orbitz,Twin,257.2,257.2,263.98,2.22,0.156,Free,False,True,0.0,1,265.88,8.03,"[261.43, 262.61, 264.35, 265.59, 266.55, 265.49, 266.43, 261.49, 265.74, 267.87, 271.31, 267.09, 265.76, 261.3, 260.76, 270.46, 269.39, 268.05, 268.48, 265.05, 265.05, 264.69, 268.39, 267.8]",0.015,2025-07-19T14:49:50.643028,Jensen-Torres House,Madrid,"[40.31887, -3.698107]",5.0,9.2,1614,B&B,1.2,24.8,Four Seasons,"24h Front Desk,Laundry,Concierge,Business Center,Spa,Pool,Restaurant,Air Conditioning,Breakfast,WiFi,Balcony,Bar,Beach Access,Room Service,Kitchen",1.0,Madrid,Spain,U000927,32,0.55
O017407,H07407,Kayak,Suite,196.02,392.04,195.4,2.29,0.181,Free,True,True,"Spa discount, Free parking",2,194.8,4.76,"[196.81, 198.01, 199.04, 197.54, 197.45, 196.88, 197.38, 196.0, 194.95, 195.85, 194.55, 191.62, 192.37, 193.52, 193.03, 194.07, 193.93, 194.34, 194.74, 194.05, 193.63, 192.84, 190.47, 192.13]",0.0067,2025-07-19T14:49:50.643028,Plaza Madrid Manor,Madrid,"[40.368328, -3.66868]",4.0,9.2,605,Hotel,1.2,25.9,Hampton Inn,"Parking,Gym,Conference Rooms,Spa,Pool,Laundry,Beach Access,24h Front Desk,WiFi,Airport Shuttle,Bar,Balcony,Pet Friendly,Breakfast,Business Center",3.0,Madrid,Spain,U000927,32,0.51
O007407,H07407,Getaroom,Executive,179.53,538.59,181.23,1.64,0.164,Free,False,True,0.0,3,175.82,9.1,"[176.94, 176.26, 180.44, 179.92, 176.38, 173.93, 172.09, 173.21, 172.74, 169.24, 169.9, 172.58, 173.4, 176.36, 174.77, 176.98, 177.14, 177.84, 180.21, 178.74, 177.97, 177.58, 177.15, 177.88]",0.0122,2025-07-19T14:49:50.643028,Plaza Madrid Manor,Madrid,"[40.368328, -3.66868]",4.0,9.2,605,Hotel,1.2,25.9,Hampton Inn,"Parking,Gym,Conference Rooms,Spa,Pool,Laundry,Beach Access,24h Front Desk,WiFi,Airport Shuttle,Bar,Balcony,Pet Friendly,Breakfast,Business Center",3.0,Madrid,Spain,U000927,32,0.51
O016678,H06678,Agoda,Twin,171.0,171.0,170.2,1.85,0.113,Free,False,False,0.0,1,171.09,3.76,"[171.3, 170.73, 170.16, 170.89, 174.76, 173.86, 172.63, 172.88, 174.65, 173.53, 172.61, 170.88, 170.64, 170.2, 171.39, 170.42, 171.24, 169.56, 169.76, 170.5, 169.19, 166.62, 167.92, 169.73]",0.0095,2025-07-19T14:49:50.643028,Premier Madrid Suites,Madrid,"[40.450231, -3.684208]",4.0,9.0,122,Hotel,1.7,21.6,Marriott,"Breakfast,Airport Shuttle,Spa,Pet Friendly,Business Center,Conference Rooms,Restaurant,Pool,WiFi,Gym,Concierge,Balcony,Air Conditioning,Beach Access",4.2,Madrid,Spain,U000927,32,0.51
O006678,H06678,Priceline,Single,165.6,165.6,172.25,1.55,0.181,Non-refundable,True,False,Late checkout,1,170.14,4.7,"[164.72, 166.01, 166.32, 168.77, 167.97, 168.98, 170.27, 169.92, 169.19, 169.63, 169.42, 170.15, 170.32, 170.75, 171.48, 172.57, 172.29, 172.23, 173.13, 172.7, 171.86, 171.72, 171.92, 171.07]",0.0056,2025-07-19T14:49:50.643028,Premier Madrid Suites,Madrid,"[40.450231, -3.684208]",4.0,9.0,122,Hotel,1.7,21.6,Marriott,"Breakfast,Airport Shuttle,Spa,Pet Friendly,Business Center,Conference Rooms,Restaurant,Pool,WiFi,Gym,Concierge,Balcony,Air Conditioning,Beach Access",4.2,Madrid,Spain,U000927,32,0.51
O046678,H06678,Agoda,Family,171.0,342.0,171.24,1.1,0.137,Non-refundable,True,False,Late checkout,2,170.52,1.23,"[171.18, 171.61, 171.26, 170.66, 171.56, 171.48, 171.74, 172.28, 172.57, 171.16, 171.02, 171.39, 170.5, 169.85, 169.13, 168.91, 169.94, 169.72, 169.65, 169.8, 170.13, 169.59, 169.23, 168.24]",0.0055,2025-07-19T14:49:50.643028,Premier Madrid Suites,Madrid,"[40.450231, -3.684208]",4.0,9.0,122,Hotel,1.7,21.6,Marriott,"Breakfast,Airport Shuttle,Spa,Pet Friendly,Business Center,Conference Rooms,Restaurant,Pool,WiFi,Gym,Concierge,Balcony,Air Conditioning,Beach Access",4.2,Madrid,Spain,U000927,32,0.51
O015299,H05299,Booking.com,Deluxe,79.2,237.6,79.39,1.98,0.15,Free,True,False,Late checkout,3,79.12,0.86,"[77.26, 78.41, 78.62, 79.61, 78.18, 77.85, 78.68, 78.82, 78.6, 78.88, 79.38, 79.24, 78.78, 79.17, 78.5, 80.25, 80.59, 79.81, 79.8, 77.93, 78.92, 80.82, 79.93, 80.85]",0.0109,2025-07-19T14:49:50.643028,Kaiser Edwards and Smith Manor,Madrid,"[40.485241, -3.723558]",3.0,8.5,443,Apartment,2.1,13.8,W Hotels,"Bar,Kitchen,Concierge,Laundry,Room Service,Pool,Airport Shuttle,Parking,Restaurant",4.2,Madrid,Spain,U000927,32,0.47
O035299,H05299,Hotels.com,Family,77.62,155.24,78.09,1.95,0.197,Free,False,True,"Kids stay free, Spa discount",2,78.0,2.0,"[77.86, 77.94, 75.5, 76.09, 77.48, 77.02, 75.67, 76.24, 77.68, 78.13, 77.12, 77.81, 77.67, 79.43, 80.51, 80.81, 80.89, 79.24, 78.2, 78.35, 77.79, 77.78, 78.97, 77.84]",0.0153,2025-07-19T14:49:50.643028,Kaiser Edwards and Smith Manor,Madrid,"[40.485241, -3.723558]",3.0,8.5,443,Apartment,2.1,13.8,W Hotels,"Bar,Kitchen,Concierge,Laundry,Room Service,Pool,Airport Shuttle,Parking,Restaurant",4.2,Madrid,Spain,U000927,32,0.47
O025299,H05299,Getaroom,Executive,80.65,80.65,79.8,2.58,0.152,Free,True,True,Airport shuttle,1,82.07,3.25,"[82.11, 82.38, 83.59, 83.99, 83.97, 84.14, 84.69, 82.89, 81.17, 82.08, 81.87, 85.34, 84.32, 82.83, 82.72, 81.15, 80.21, 81.13, 80.54, 80.83, 79.76, 78.26, 79.79, 79.91]",0.0159,2025-07-19T14:49:50.643028,Kaiser Edwards and Smith Manor,Madrid,"[40.485241, -3.723558]",3.0,8.5,443,Apartment,2.1,13.8,W Hotels,"Bar,Kitchen,Concierge,Laundry,Room Service,Pool,Airport Shuttle,Parking,Restaurant",4.2,Madrid,Spain,U000927,32,0.47
O046678,H06678,Agoda,Family,171.0,342.0,171.24,1.1,0.137,Non-refundable,True,False,Late checkout,2,170.52,1.23,"[171.18, 171.61, 171.26, 170.66, 171.56, 171.48, 171.74, 172.28, 172.57, 171.16, 171.02, 171.39, 170.5, 169.85, 169.13, 168.91, 169.94, 169.72, 169.65, 169.8, 170.13, 169.59, 169.23, 168.24]",0.0055,2025-07-19T14:49:50.643028,Premier Madrid Suites,Madrid,"[40.450231, -3.684208]",4.0,9.0,122,Hotel,1.7,21.6,Marriott,"Breakfast,Airport Shuttle,Spa,Pet Friendly,Business Center,Conference Rooms,Restaurant,Pool,WiFi,Gym,Concierge,Balcony,Air Conditioning,Beach Access",4.2,Madrid,Spain,U000943,30,0.9356410256410257
O047407,H07407,Travelocity,Family,186.5,932.5,183.89,0.8,0.104,Free,True,False,Airport shuttle,5,186.96,4.01,"[184.28, 183.96, 184.7, 185.33, 185.71, 185.26, 183.54, 184.08, 185.93, 185.56, 187.66, 188.31, 188.82, 190.8, 189.15, 189.68, 188.05, 187.54, 188.54, 187.0, 187.63, 188.24, 188.45, 188.89]",0.0066,2025-07-19T14:49:50.643028,Plaza Madrid Manor,Madrid,"[40.368328, -3.66868]",4.0,9.2,605,Hotel,1.2,25.9,Hampton Inn,"Parking,Gym,Conference Rooms,Spa,Pool,Laundry,Beach Access,24h Front Desk,WiFi,Airport Shuttle,Bar,Balcony,Pet Friendly,Breakfast,Business Center",3.0,Madrid,Spain,U000943,30,0.9245299145299146
O027407,H07407,Travelocity,Executive,177.74,533.22,182.05,2.24,0.2,Free,True,False,"Free cancellation, Room upgrade",3,178.1,20.32,"[182.69, 185.66, 182.61, 176.16, 175.79, 173.81, 177.48, 170.29, 170.61, 169.65, 173.56, 178.27, 181.65, 178.86, 177.11, 175.42, 175.36, 179.94, 185.36, 185.57, 178.95, 180.64, 178.91, 179.97]",0.0178,2025-07-19T14:49:50.643028,Plaza Madrid Manor,Madrid,"[40.368328, -3.66868]",4.0,9.2,605,Hotel,1.2,25.9,Hampton Inn,"Parking,Gym,Conference Rooms,Spa,Pool,Laundry,Beach Access,24h Front Desk,WiFi,Airport Shuttle,Bar,Balcony,Pet Friendly,Breakfast,Business Center",3.0,Madrid,Spain,U000943,30,0.8395042735042736
O016678,H06678,Agoda,Twin,171.0,171.0,170.2,1.85,0.113,Free,False,False,0.0,1,171.09,3.76,"[171.3, 170.73, 170.16, 170.89, 174.76, 173.86, 172.63, 172.88, 174.65, 173.53, 172.61, 170.88, 170.64, 170.2, 171.39, 170.42, 171.24, 169.56, 169.76, 170.5, 169.19, 166.62, 167.92, 169.73]",0.0095,2025-07-19T14:49:50.643028,Premier Madrid Suites,Madrid,"[40.450231, -3.684208]",4.0,9.0,122,Hotel,1.7,21.6,Marriott,"Breakfast,Airport Shuttle,Spa,Pet Friendly,Business Center,Conference Rooms,Restaurant,Pool,WiFi,Gym,Concierge,Balcony,Air Conditioning,Beach Access",4.2,Madrid,Spain,U000943,30,0.8356410256410257
O006678,H06678,Priceline,Single,165.6,165.6,172.25,1.55,0.181,Non-refundable,True,False,Late checkout,1,170.14,4.7,"[164.72, 166.01, 166.32, 168.77, 167.97, 168.98, 170.27, 169.92, 169.19, 169.63, 169.42, 170.15, 170.32, 170.75, 171.48, 172.57, 172.29, 172.23, 173.13, 172.7, 171.86, 171.72, 171.92, 171.07]",0.0056,2025-07-19T14:49:50.643028,Premier Madrid Suites,Madrid,"[40.450231, -3.684208]",4.0,9.0,122,Hotel,1.7,21.6,Marriott,"Breakfast,Airport Shuttle,Spa,Pet Friendly,Business Center,Conference Rooms,Restaurant,Pool,WiFi,Gym,Concierge,Balcony,Air Conditioning,Beach Access",4.2,Madrid,Spain,U000943,30,0.8264102564102564
O037407,H07407,Hotwire,Double,162.84,488.52,163.58,1.18,0.176,Free,True,False,0.0,3,163.81,0.89,"[163.25, 164.09, 164.59, 165.66, 164.23, 163.18, 164.17, 163.95, 163.77, 164.02, 163.95, 164.06, 164.6, 163.84, 162.81, 161.72, 163.12, 163.13, 162.77, 162.36, 164.09, 164.1, 163.72, 166.22]",0.0057,2025-07-19T14:49:50.643028,Plaza Madrid Manor,Madrid,"[40.368328, -3.66868]",4.0,9.2,605,Hotel,1.2,25.9,Hampton Inn,"Parking,Gym,Conference Rooms,Spa,Pool,Laundry,Beach Access,24h Front Desk,WiFi,Airport Shuttle,Bar,Balcony,Pet Friendly,Breakfast,Business Center",3.0,Madrid,Spain,U000943,30,0.8216923076923078
O023754,H03754,Lastminute.com,Twin,266.42,1065.68,272.53,0.6,0.178,Non-refundable,False,True,Free breakfast,4,268.76,12.42,"[264.23, 261.62, 264.38, 265.16, 267.95, 266.61, 270.2, 272.9, 270.58, 271.67, 273.64, 272.02, 274.41, 268.92, 271.74, 264.84, 266.49, 269.03, 273.41, 266.81, 265.2, 265.65, 271.83, 271.03]",0.013,2025-07-19T14:49:50.643028,Jensen-Torres House,Madrid,"[40.31887, -3.698107]",5.0,9.2,1614,B&B,1.2,24.8,Four Seasons,"24h Front Desk,Laundry,Concierge,Business Center,Spa,Pool,Restaurant,Air Conditioning,Breakfast,WiFi,Balcony,Bar,Beach Access,Room Service,Kitchen",1.0,Madrid,Spain,U000943,30,0.7279145299145299
O003754,H03754,Lastminute.com,Twin,267.87,535.74,269.86,2.38,0.138,Free,False,False,Spa discount,2,267.99,38.85,"[265.25, 268.89, 269.77, 268.76, 263.31, 272.06, 266.59, 274.81, 273.11, 273.35, 268.52, 266.6, 272.83, 273.22, 272.84, 274.43, 264.14, 273.57, 272.47, 271.82, 256.7, 251.88, 256.19, 260.69]",0.0174,2025-07-19T14:49:50.643028,Jensen-Torres House,Madrid,"[40.31887, -3.698107]",5.0,9.2,1614,B&B,1.2,24.8,Four Seasons,"24h Front Desk,Laundry,Concierge,Business Center,Spa,Pool,Restaurant,Air Conditioning,Breakfast,WiFi,Balcony,Bar,Beach Access,Room Service,Kitchen",1.0,Madrid,Spain,U000943,30,0.7254358974358975
O013754,H03754,Lastminute.com,Suite,273.03,273.03,268.96,0.82,0.103,Free,False,False,"Free parking, Pay at hotel",1,266.05,7.17,"[271.08, 266.68, 264.36, 266.24, 268.72, 267.38, 264.58, 263.55, 261.78, 266.39, 266.46, 261.17, 262.53, 264.66, 261.28, 266.02, 266.17, 266.62, 267.9, 265.46, 268.04, 270.45, 270.15, 267.66]",0.0088,2025-07-19T14:49:50.643028,Jensen-Torres House,Madrid,"[40.31887, -3.698107]",5.0,9.2,1614,B&B,1.2,24.8,Four Seasons,"24h Front Desk,Laundry,Concierge,Business Center,Spa,Pool,Restaurant,Air Conditioning,Breakfast,WiFi,Balcony,Bar,Beach Access,Room Service,Kitchen",1.0,Madrid,Spain,U000943,30,0.7166153846153848
O035299,H05299,Hotels.com,Family,77.62,155.24,78.09,1.95,0.197,Free,False,True,"Kids stay free, Spa discount",2,78.0,2.0,"[77.86, 77.94, 75.5, 76.09, 77.48, 77.02, 75.67, 76.24, 77.68, 78.13, 77.12, 77.81, 77.67, 79.43, 80.51, 80.81, 80.89, 79.24, 78.2, 78.35, 77.79, 77.78, 78.97, 77.84]",0.0153,2025-07-19T14:49:50.643028,Kaiser Edwards and Smith Manor,Madrid,"[40.485241, -3.723558]",3.0,8.5,443,Apartment,2.1,13.8,W Hotels,"Bar,Kitchen,Concierge,Laundry,Room Service,Pool,Airport Shuttle,Parking,Restaurant",4.2,Madrid,Spain,U000943,30,0.7026837606837607
O015299,H05299,Booking.com,Deluxe,79.2,237.6,79.39,1.98,0.15,Free,True,False,Late checkout,3,79.12,0.86,"[77.26, 78.41, 78.62, 79.61, 78.18, 77.85, 78.68, 78.82, 78.6, 78.88, 79.38, 79.24, 78.78, 79.17, 78.5, 80.25, 80.59, 79.81, 79.8, 77.93, 78.92, 80.82, 79.93, 80.85]",0.0109,2025-07-19T14:49:50.643028,Kaiser Edwards and Smith Manor,Madrid,"[40.485241, -3.723558]",3.0,8.5,443,Apartment,2.1,13.8,W Hotels,"Bar,Kitchen,Concierge,Laundry,Room Service,Pool,Airport Shuttle,Parking,Restaurant",4.2,Madrid,Spain,U000943,30,0.6053846153846154
O005299,H05299,Priceline,Suite,72.86,364.3,71.83,0.52,0.118,Non-refundable,True,False,0.0,5,73.18,2.29,"[74.69, 74.45, 73.03, 72.28, 71.1, 71.78, 72.5, 71.31, 71.82, 73.35, 73.41, 74.92, 76.32, 74.71, 72.4, 70.74, 72.37, 74.42, 74.34, 73.6, 74.65, 75.19, 71.84, 71.08]",0.0229,2025-07-19T14:49:50.643028,Kaiser Edwards and Smith Manor,Madrid,"[40.485241, -3.723558]",3.0,8.5,443,Apartment,2.1,13.8,W Hotels,"Bar,Kitchen,Concierge,Laundry,Room Service,Pool,Airport Shuttle,Parking,Restaurant",4.2,Madrid,Spain,U000943,30,0.5945470085470086
O012129,H02129,Orbitz,Twin,481.55,1444.65,497.16,1.44,0.106,Free,True,True,Free cancellation,3,468.16,170.33,"[484.89, 487.76, 489.98, 484.81, 487.12, 479.19, 477.62, 483.89, 475.72, 470.36, 458.12, 458.5, 458.43, 455.77, 460.31, 457.72, 448.63, 457.2, 462.12, 472.12, 463.28, 455.96, 451.85, 454.56]",0.0154,2025-07-19T14:49:50.643028,Madrid Central Inn,Madrid,"[40.441416, -3.583474]",5.0,8.8,948,Resort,8.1,35.6,St. Regis,"Pool,Business Center,Breakfast,Pet Friendly,Beach Access,Bar,Air Conditioning,Room Service,WiFi,Gym,Spa,Airport Shuttle,Laundry,Balcony,24h Front Desk",4.5,Madrid,Spain,U000943,30,0.5666666666666667
O042129,H02129,Priceline,Double,430.56,3013.92,428.47,2.98,0.161,Free,False,False,0.0,7,408.26,224.96,"[426.16, 431.42, 428.74, 421.4, 417.79, 413.94, 409.21, 414.59, 402.37, 405.21, 408.61, 414.28, 425.59, 420.3, 419.56, 418.06, 407.63, 392.82, 390.29, 387.15, 385.6, 383.28, 386.96, 387.34]",0.015,2025-07-19T14:49:50.643028,Madrid Central Inn,Madrid,"[40.441416, -3.583474]",5.0,8.8,948,Resort,8.1,35.6,St. Regis,"Pool,Business Center,Breakfast,Pet Friendly,Beach Access,Bar,Air Conditioning,Room Service,WiFi,Gym,Spa,Airport Shuttle,Laundry,Balcony,24h Front Desk",4.5,Madrid,Spain,U000943,30,0.5666666666666667
O032129,H02129,HotelDirect,Twin,411.84,411.84,412.88,1.28,0.127,Free,False,True,Free WiFi,1,429.87,326.42,"[405.36, 397.01, 407.91, 413.95, 417.7, 437.5, 449.85, 439.82, 448.25, 445.13, 446.27, 454.84, 452.87, 449.68, 453.0, 449.16, 429.86, 407.46, 409.17, 422.76, 419.07, 422.2, 415.2, 422.84]",0.023,2025-07-19T14:49:50.643028,Madrid Central Inn,Madrid,"[40.441416, -3.583474]",5.0,8.8,948,Resort,8.1,35.6,St. Regis,"Pool,Business Center,Breakfast,Pet Friendly,Beach Access,Bar,Air Conditioning,Room Service,WiFi,Gym,Spa,Airport Shuttle,Laundry,Balcony,24h Front Desk",4.5,Madrid,Spain,U000943,30,0.5666666666666667
O021671,H01671,HotelDirect,Double,23.23,23.23,22.97,0.72,0.197,Non-refundable,True,True,0.0,1,21.29,0.81,"[22.8, 23.16, 22.92, 22.63, 21.65, 20.7, 21.01, 20.49, 20.17, 20.16, 20.59, 20.63, 21.13, 21.04, 21.2, 21.54, 21.79, 21.83, 22.07, 21.34, 20.9, 20.47, 20.87, 19.81]",0.0237,2025-07-19T14:49:50.643028,São Paulo Imperial Suites,São Paulo,"[-23.519988, -46.551262]",2.0,7.8,83,Hostel,3.5,29.4,Marriott,"Business Center,Spa,Airport Shuttle,Room Service,Balcony,24h Front Desk",2.7,São Paulo,Brazil,U000100,32,0.638
O001195,H01195,Hotels.com,Double,97.02,679.14,96.58,2.07,0.106,Free,True,True,0.0,7,96.0,4.34,"[97.72, 98.77, 98.04, 94.3, 93.48, 93.55, 97.25, 95.54, 94.74, 94.78, 95.83, 95.79, 98.04, 95.25, 100.06, 100.08, 98.95, 96.99, 94.68, 93.98, 93.7, 94.8, 94.13, 93.63]",0.0208,2025-07-19T14:49:50.643028,Golden São Paulo Inn,São Paulo,"[-23.526114, -46.611417]",3.0,8.2,1863,Hotel,6.6,31.8,Radisson,"Breakfast,Concierge,24h Front Desk,Parking,Laundry",3.3,São Paulo,Brazil,U000100,32,0.5836435643564357
O019212,H09212,Lastminute.com,Deluxe,370.46,1111.38,369.3,1.64,0.116,Free,True,False,Spa discount,3,364.77,29.57,"[374.15, 366.47, 367.22, 367.68, 366.93, 361.74, 360.31, 358.16, 354.92, 355.27, 357.23, 358.9, 362.89, 363.54, 366.99, 369.02, 369.59, 372.49, 370.78, 370.52, 369.97, 365.56, 365.61, 358.45]",0.0129,2025-07-19T14:49:50.643028,Harding-Mathews Hotel,São Paulo,"[-23.513659, -46.594557]",5.0,9.7,575,Hotel,2.2,29.9,Renaissance,"Laundry,Air Conditioning,24h Front Desk,Restaurant,Kitchen,Conference Rooms,Parking,Pet Friendly,Breakfast,Bar,Airport Shuttle,Spa,Gym,Room Service,Concierge,Balcony",2.4,São Paulo,Brazil,U000100,32,0.5800000000000001
O009212,H09212,Getaroom,Executive,359.08,1436.32,363.74,1.06,0.121,Non-refundable,False,False,"Mobile exclusive, Room upgrade",4,365.28,7.83,"[356.59, 360.44, 364.3, 365.33, 365.94, 368.96, 368.28, 365.65, 368.11, 366.44, 366.74, 364.11, 363.12, 363.5, 367.26, 366.75, 368.71, 365.92, 365.13, 363.14, 364.58, 362.55, 366.42, 368.74]",0.007,2025-07-19T14:49:50.643028,Harding-Mathews Hotel,São Paulo,"[-23.513659, -46.594557]",5.0,9.7,575,Hotel,2.2,29.9,Renaissance,"Laundry,Air Conditioning,24h Front Desk,Restaurant,Kitchen,Conference Rooms,Parking,Pet Friendly,Breakfast,Bar,Airport Shuttle,Spa,Gym,Room Service,Concierge,Balcony",2.4,São Paulo,Brazil,U000100,32,0.5800000000000001
O039212,H09212,Lastminute.com,Deluxe,334.16,1336.64,327.7,1.04,0.181,Partial,True,True,Late checkout,4,328.14,31.57,"[327.92, 332.76, 339.52, 340.1, 334.31, 332.69, 324.5, 325.92, 326.0, 326.66, 329.69, 330.66, 326.89, 323.51, 320.66, 316.03, 322.65, 322.77, 328.4, 322.14, 331.57, 334.08, 329.26, 326.59]",0.0137,2025-07-19T14:49:50.643028,Harding-Mathews Hotel,São Paulo,"[-23.513659, -46.594557]",5.0,9.7,575,Hotel,2.2,29.9,Renaissance,"Laundry,Air Conditioning,24h Front Desk,Restaurant,Kitchen,Conference Rooms,Parking,Pet Friendly,Breakfast,Bar,Airport Shuttle,Spa,Gym,Room Service,Concierge,Balcony",2.4,São Paulo,Brazil,U000100,32,0.5800000000000001
O018390,H08390,Expedia,Double,100.98,302.94,103.62,2.58,0.1,Free,False,True,Room upgrade,3,99.44,10.83,"[100.14, 101.02, 103.09, 102.49, 102.01, 100.71, 98.66, 95.96, 94.2, 94.44, 94.69, 96.49, 96.15, 96.51, 97.93, 99.28, 102.93, 104.75, 104.18, 103.2, 103.59, 99.43, 98.87, 95.77]",0.0232,2025-07-19T14:49:50.643028,Gray Inn,São Paulo,"[-23.571205, -46.635414]",3.0,8.2,800,Hotel,0.9,-5.5,Novotel,"Concierge,Pet Friendly,Laundry,Bar,Parking,Beach Access,24h Front Desk",4.8,São Paulo,Brazil,U000100,32,0.5601188118811881
O041195,H01195,Lastminute.com,Double,102.42,204.84,99.14,1.21,0.175,Free,False,False,0.0,2,102.12,6.46,"[104.98, 102.4, 101.94, 99.78, 101.84, 100.7, 97.91, 101.57, 99.56, 104.2, 104.85, 105.4, 105.63, 104.84, 104.93, 101.73, 97.95, 101.81, 104.19, 105.02, 102.48, 99.8, 100.15, 97.16]",0.0215,2025-07-19T14:49:50.643028,Golden São Paulo Inn,São Paulo,"[-23.526114, -46.611417]",3.0,8.2,1863,Hotel,6.6,31.8,Radisson,"Breakfast,Concierge,24h Front Desk,Parking,Laundry",3.3,São Paulo,Brazil,U000100,32,0.56
O001671,H01671,Hotels.com,Twin,25.87,51.74,25.03,2.64,0.175,Free,False,False,0.0,2,25.9,0.09,"[25.97, 26.22, 26.34, 26.14, 26.32, 26.36, 26.19, 26.37, 26.24, 25.72, 25.61, 25.64, 25.88, 25.81, 25.58, 25.63, 25.56, 25.79, 26.09, 25.73, 25.71, 25.63, 25.48, 25.59]",0.0065,2025-07-19T14:49:50.643028,São Paulo Imperial Suites,São Paulo,"[-23.519988, -46.551262]",2.0,7.8,83,Hostel,3.5,29.4,Marriott,"Business Center,Spa,Airport Shuttle,Room Service,Balcony,24h Front Desk",2.7,São Paulo,Brazil,U000100,32,0.5536831683168317
O009373,H09373,Orbitz,Double,99.82,99.82,103.16,2.04,0.159,Free,False,False,"Free WiFi, Room upgrade",1,102.8,1.18,"[100.24, 101.39, 101.34, 101.34, 101.92, 103.64, 102.71, 101.2, 102.22, 102.96, 102.87, 103.61, 103.47, 103.45, 103.9, 104.68, 104.28, 103.8, 103.44, 103.19, 103.48, 102.96, 102.11, 102.87]",0.007,2025-07-19T14:49:50.643028,Lee House,São Paulo,"[-23.555244, -46.584159]",3.0,8.6,629,Hotel,0.1,33.6,Marriott,"Spa,Laundry,Beach Access,Pool,Concierge,Restaurant,Bar,Balcony",2.7,São Paulo,Brazil,U000100,32,0.547009900990099
O041671,H01671,Lastminute.com,Suite,24.67,74.01,24.48,1.68,0.149,Free,False,False,0.0,3,26.8,0.77,"[25.32, 26.03, 26.03, 25.96, 26.61, 26.97, 27.37, 26.52, 26.34, 26.24, 25.92, 25.46, 25.8, 26.21, 26.88, 27.09, 27.3, 27.45, 27.42, 28.5, 27.52, 28.04, 28.32, 27.79]",0.0231,2025-07-19T14:49:50.643028,São Paulo Imperial Suites,São Paulo,"[-23.519988, -46.551262]",2.0,7.8,83,Hostel,3.5,29.4,Marriott,"Business Center,Spa,Airport Shuttle,Room Service,Balcony,24h Front Desk",2.7,São Paulo,Brazil,U000100,32,0.5465544554455446
O028390,H08390,Priceline,Twin,91.08,182.16,92.13,1.2,0.095,Free,False,True,Late checkout,2,87.41,1.48,"[88.27, 87.13, 85.75, 85.59, 85.71, 84.69, 86.84, 87.94, 89.45, 87.26, 86.64, 87.11, 88.28, 88.01, 89.79, 87.92, 87.67, 87.1, 86.29, 87.56, 87.37, 88.22, 88.12, 89.23]",0.0158,2025-07-19T14:49:50.643028,Gray Inn,São Paulo,"[-23.571205, -46.635414]",3.0,8.2,800,Hotel,0.9,-5.5,Novotel,"Concierge,Pet Friendly,Laundry,Bar,Parking,Beach Access,24h Front Desk",4.8,São Paulo,Brazil,U000100,32,0.518930693069307
O021195,H01195,Agoda,Twin,94.05,188.1,94.32,1.9,0.179,Free,True,False,Room upgrade,2,94.1,0.45,"[94.99, 94.89, 95.2, 95.06, 95.15, 94.66, 94.08, 93.84, 93.44, 93.74, 93.69, 93.82, 93.88, 93.42, 93.36, 92.91, 93.08, 93.23, 93.9, 94.0, 94.39, 94.53, 94.6, 94.53]",0.0052,2025-07-19T14:49:50.643028,Golden São Paulo Inn,São Paulo,"[-23.526114, -46.611417]",3.0,8.2,1863,Hotel,6.6,31.8,Radisson,"Breakfast,Concierge,24h Front Desk,Parking,Laundry",3.3,São Paulo,Brazil,U000100,32,0.5012871287128713
O008390,H08390,Expedia,Suite,100.98,201.96,101.43,1.3,0.109,Partial,True,True,0.0,2,100.0,8.77,"[101.54, 97.53, 98.63, 97.29, 96.02, 96.59, 99.24, 99.69, 100.43, 98.04, 98.62, 95.7, 95.25, 98.82, 98.48, 104.17, 102.49, 99.72, 100.72, 103.61, 105.12, 104.13, 103.62, 104.53]",0.024,2025-07-19T14:49:50.643028,Gray Inn,São Paulo,"[-23.571205, -46.635414]",3.0,8.2,800,Hotel,0.9,-5.5,Novotel,"Concierge,Pet Friendly,Laundry,Bar,Parking,Beach Access,24h Front Desk",4.8,São Paulo,Brazil,U000100,32,0.4601188118811881
O039373,H09373,Kayak,Twin,118.08,118.08,116.66,1.44,0.193,Free,False,True,Late checkout,1,120.11,4.93,"[120.94, 120.95, 122.04, 121.51, 121.33, 123.43, 123.07, 123.89, 124.23, 121.52, 120.8, 119.66, 119.07, 118.58, 117.24, 116.8, 118.6, 117.79, 117.66, 121.03, 119.58, 118.05, 117.26, 117.61]",0.0104,2025-07-19T14:49:50.643028,Lee House,São Paulo,"[-23.555244, -46.584159]",3.0,8.6,629,Hotel,0.1,33.6,Marriott,"Spa,Laundry,Beach Access,Pool,Concierge,Restaurant,Bar,Balcony",2.7,São Paulo,Brazil,U000100,32,0.44
O029373,H09373,Getaroom,Suite,103.04,103.04,100.61,2.12,0.183,Free,True,True,Room upgrade,1,103.94,1.87,"[105.21, 105.26, 105.22, 104.8, 104.76, 104.01, 104.8, 105.07, 103.74, 104.73, 105.2, 104.28, 103.72, 103.21, 103.39, 103.88, 104.84, 101.4, 100.4, 102.02, 101.04, 104.91, 104.56, 104.16]",0.0142,2025-07-19T14:49:50.643028,Lee House,São Paulo,"[-23.555244, -46.584159]",3.0,8.6,629,Hotel,0.1,33.6,Marriott,"Spa,Laundry,Beach Access,Pool,Concierge,Restaurant,Bar,Balcony",2.7,São Paulo,Brazil,U000100,32,0.44
O049212,H09212,Lastminute.com,Deluxe,361.0,1805.0,367.45,0.69,0.159,Free,True,False,0.0,5,363.67,66.08,"[361.82, 361.44, 365.7, 358.95, 365.07, 367.97, 354.15, 355.22, 349.76, 346.04, 346.98, 363.23, 368.12, 370.15, 365.23, 365.13, 376.0, 370.37, 371.28, 368.3, 373.63, 375.59, 364.91, 362.98]",0.0235,2025-07-19T14:49:50.643028,Harding-Mathews Hotel,São Paulo,"[-23.513659, -46.594557]",5.0,9.7,575,Hotel,2.2,29.9,Renaissance,"Laundry,Air Conditioning,24h Front Desk,Restaurant,Kitchen,Conference Rooms,Parking,Pet Friendly,Breakfast,Bar,Airport Shuttle,Spa,Gym,Room Service,Concierge,Balcony",2.4,São Paulo,Brazil,U000502,31,0.8468474576271185
O039212,H09212,Lastminute.com,Deluxe,334.16,1336.64,327.7,1.04,0.181,Partial,True,True,Late checkout,4,328.14,31.57,"[327.92, 332.76, 339.52, 340.1, 334.31, 332.69, 324.5, 325.92, 326.0, 326.66, 329.69, 330.66, 326.89, 323.51, 320.66, 316.03, 322.65, 322.77, 328.4, 322.14, 331.57, 334.08, 329.26, 326.59]",0.0137,2025-07-19T14:49:50.643028,Harding-Mathews Hotel,São Paulo,"[-23.513659, -46.594557]",5.0,9.7,575,Hotel,2.2,29.9,Renaissance,"Laundry,Air Conditioning,24h Front Desk,Restaurant,Kitchen,Conference Rooms,Parking,Pet Friendly,Breakfast,Bar,Airport Shuttle,Spa,Gym,Room Service,Concierge,Balcony",2.4,São Paulo,Brazil,U000502,31,0.8359294915254236
O009212,H09212,Getaroom,Executive,359.08,1436.32,363.74,1.06,0.121,Non-refundable,False,False,"Mobile exclusive, Room upgrade",4,365.28,7.83,"[356.59, 360.44, 364.3, 365.33, 365.94, 368.96, 368.28, 365.65, 368.11, 366.44, 366.74, 364.11, 363.12, 363.5, 367.26, 366.75, 368.71, 365.92, 365.13, 363.14, 364.58, 362.55, 366.42, 368.74]",0.007,2025-07-19T14:49:50.643028,Harding-Mathews Hotel,São Paulo,"[-23.513659, -46.594557]",5.0,9.7,575,Hotel,2.2,29.9,Renaissance,"Laundry,Air Conditioning,24h Front Desk,Restaurant,Kitchen,Conference Rooms,Parking,Pet Friendly,Breakfast,Bar,Airport Shuttle,Spa,Gym,Room Service,Concierge,Balcony",2.4,São Paulo,Brazil,U000502,31,0.7460664406779661
O019373,H09373,Hotwire,Suite,115.6,462.4,114.0,0.63,0.128,Free,False,False,Late checkout,4,112.44,7.56,"[109.61, 111.45, 111.94, 112.44, 114.78, 112.54, 117.93, 116.43, 116.97, 115.79, 111.86, 115.37, 115.97, 111.65, 108.78, 110.29, 110.94, 110.46, 111.44, 111.52, 111.08, 108.54, 107.63, 113.17]",0.0222,2025-07-19T14:49:50.643028,Lee House,São Paulo,"[-23.555244, -46.584159]",3.0,8.6,629,Hotel,0.1,33.6,Marriott,"Spa,Laundry,Beach Access,Pool,Concierge,Restaurant,Bar,Balcony",2.7,São Paulo,Brazil,U000502,31,0.533690395480226
O049373,H09373,Venere,Double,113.8,113.8,112.61,0.8,0.098,Free,True,False,0.0,1,115.59,8.79,"[113.74, 115.37, 113.83, 111.69, 110.68, 110.68, 110.37, 111.59, 113.97, 113.52, 113.66, 117.06, 119.02, 118.58, 118.29, 118.8, 118.23, 119.02, 118.5, 117.9, 117.22, 117.15, 117.67, 117.73]",0.0163,2025-07-19T14:49:50.643028,Lee House,São Paulo,"[-23.555244, -46.584159]",3.0,8.6,629,Hotel,0.1,33.6,Marriott,"Spa,Laundry,Beach Access,Pool,Concierge,Restaurant,Bar,Balcony",2.7,São Paulo,Brazil,U000502,31,0.5329581920903954
O029373,H09373,Getaroom,Suite,103.04,103.04,100.61,2.12,0.183,Free,True,True,Room upgrade,1,103.94,1.87,"[105.21, 105.26, 105.22, 104.8, 104.76, 104.01, 104.8, 105.07, 103.74, 104.73, 105.2, 104.28, 103.72, 103.21, 103.39, 103.88, 104.84, 101.4, 100.4, 102.02, 101.04, 104.91, 104.56, 104.16]",0.0142,2025-07-19T14:49:50.643028,Lee House,São Paulo,"[-23.555244, -46.584159]",3.0,8.6,629,Hotel,0.1,33.6,Marriott,"Spa,Laundry,Beach Access,Pool,Concierge,Restaurant,Bar,Balcony",2.7,São Paulo,Brazil,U000502,31,0.528581242937853
O008390,H08390,Expedia,Suite,100.98,201.96,101.43,1.3,0.109,Partial,True,True,0.0,2,100.0,8.77,"[101.54, 97.53, 98.63, 97.29, 96.02, 96.59, 99.24, 99.69, 100.43, 98.04, 98.62, 95.7, 95.25, 98.82, 98.48, 104.17, 102.49, 99.72, 100.72, 103.61, 105.12, 104.13, 103.62, 104.53]",0.024,2025-07-19T14:49:50.643028,Gray Inn,São Paulo,"[-23.571205, -46.635414]",3.0,8.2,800,Hotel,0.9,-5.5,Novotel,"Concierge,Pet Friendly,Laundry,Bar,Parking,Beach Access,24h Front Desk",4.8,São Paulo,Brazil,U000502,31,0.49440994350282486
O018390,H08390,Expedia,Double,100.98,302.94,103.62,2.58,0.1,Free,False,True,Room upgrade,3,99.44,10.83,"[100.14, 101.02, 103.09, 102.49, 102.01, 100.71, 98.66, 95.96, 94.2, 94.44, 94.69, 96.49, 96.15, 96.51, 97.93, 99.28, 102.93, 104.75, 104.18, 103.2, 103.59, 99.43, 98.87, 95.77]",0.0232,2025-07-19T14:49:50.643028,Gray Inn,São Paulo,"[-23.571205, -46.635414]",3.0,8.2,800,Hotel,0.9,-5.5,Novotel,"Concierge,Pet Friendly,Laundry,Bar,Parking,Beach Access,24h Front Desk",4.8,São Paulo,Brazil,U000502,31,0.49440994350282486
O028390,H08390,Priceline,Twin,91.08,182.16,92.13,1.2,0.095,Free,False,True,Late checkout,2,87.41,1.48,"[88.27, 87.13, 85.75, 85.59, 85.71, 84.69, 86.84, 87.94, 89.45, 87.26, 86.64, 87.11, 88.28, 88.01, 89.79, 87.92, 87.67, 87.1, 86.29, 87.56, 87.37, 88.22, 88.12, 89.23]",0.0158,2025-07-19T14:49:50.643028,Gray Inn,São Paulo,"[-23.571205, -46.635414]",3.0,8.2,800,Hotel,0.9,-5.5,Novotel,"Concierge,Pet Friendly,Laundry,Bar,Parking,Beach Access,24h Front Desk",4.8,São Paulo,Brazil,U000502,31,0.49038282485875706
O041195,H01195,Lastminute.com,Double,102.42,204.84,99.14,1.21,0.175,Free,False,False,0.0,2,102.12,6.46,"[104.98, 102.4, 101.94, 99.78, 101.84, 100.7, 97.91, 101.57, 99.56, 104.2, 104.85, 105.4, 105.63, 104.84, 104.93, 101.73, 97.95, 101.81, 104.19, 105.02, 102.48, 99.8, 100.15, 97.16]",0.0215,2025-07-19T14:49:50.643028,Golden São Paulo Inn,São Paulo,"[-23.526114, -46.611417]",3.0,8.2,1863,Hotel,6.6,31.8,Radisson,"Breakfast,Concierge,24h Front Desk,Parking,Laundry",3.3,São Paulo,Brazil,U000502,31,0.4783290395480226
O031195,H01195,Travelocity,Executive,100.08,100.08,97.69,0.83,0.089,Free,False,False,Free WiFi,1,103.65,2.73,"[101.21, 101.77, 101.29, 103.54, 103.87, 102.06, 105.31, 105.79, 105.21, 105.02, 104.75, 106.4, 105.15, 103.13, 100.82, 101.91, 103.09, 103.18, 102.42, 102.92, 104.52, 106.58, 104.8, 102.8]",0.015,2025-07-19T14:49:50.643028,Golden São Paulo Inn,São Paulo,"[-23.526114, -46.611417]",3.0,8.2,1863,Hotel,6.6,31.8,Radisson,"Breakfast,Concierge,24h Front Desk,Parking,Laundry",3.3,São Paulo,Brazil,U000502,31,0.47737717514124295
O001195,H01195,Hotels.com,Double,97.02,679.14,96.58,2.07,0.106,Free,True,True,0.0,7,96.0,4.34,"[97.72, 98.77, 98.04, 94.3, 93.48, 93.55, 97.25, 95.54, 94.74, 94.78, 95.83, 95.79, 98.04, 95.25, 100.06, 100.08, 98.95, 96.99, 94.68, 93.98, 93.7, 94.8, 94.13, 93.63]",0.0208,2025-07-19T14:49:50.643028,Golden São Paulo Inn,São Paulo,"[-23.526114, -46.611417]",3.0,8.2,1863,Hotel,6.6,31.8,Radisson,"Breakfast,Concierge,24h Front Desk,Parking,Laundry",3.3,São Paulo,Brazil,U000502,31,0.476132429378531
O031671,H01671,HRS,Suite,26.64,79.92,26.63,1.47,0.19,Partial,False,True,"Pay at hotel, Airport shuttle",3,26.91,0.39,"[26.64, 26.67, 26.66, 26.55, 26.6, 26.95, 27.21, 27.36, 26.88, 27.6, 27.89, 28.6, 28.04, 27.38, 26.99, 26.64, 26.7, 26.3, 26.31, 26.01, 26.02, 26.51, 26.82, 26.44]",0.0151,2025-07-19T14:49:50.643028,São Paulo Imperial Suites,São Paulo,"[-23.519988, -46.551262]",2.0,7.8,83,Hostel,3.5,29.4,Marriott,"Business Center,Spa,Airport Shuttle,Room Service,Balcony,24h Front Desk",2.7,São Paulo,Brazil,U000502,31,0.42416994350282483
O011671,H01671,Getaroom,Single,25.42,76.26,26.02,0.73,0.199,Partial,True,False,"Free cancellation, Free parking",3,25.0,0.13,"[25.61, 25.24, 24.94, 24.89, 24.84, 25.05, 25.46, 25.55, 25.11, 25.09, 24.61, 24.79, 24.52, 24.38, 24.2, 24.5, 25.03, 24.84, 25.08, 25.27, 25.19, 25.27, 25.17, 25.26]",0.012,2025-07-19T14:49:50.643028,São Paulo Imperial Suites,São Paulo,"[-23.519988, -46.551262]",2.0,7.8,83,Hostel,3.5,29.4,Marriott,"Business Center,Spa,Airport Shuttle,Room Service,Balcony,24h Front Desk",2.7,São Paulo,Brazil,U000502,31,0.42367367231638414
O021671,H01671,HotelDirect,Double,23.23,23.23,22.97,0.72,0.197,Non-refundable,True,True,0.0,1,21.29,0.81,"[22.8, 23.16, 22.92, 22.63, 21.65, 20.7, 21.01, 20.49, 20.17, 20.16, 20.59, 20.63, 21.13, 21.04, 21.2, 21.54, 21.79, 21.83, 22.07, 21.34, 20.9, 20.47, 20.87, 19.81]",0.0237,2025-07-19T14:49:50.643028,São Paulo Imperial Suites,São Paulo,"[-23.519988, -46.551262]",2.0,7.8,83,Hostel,3.5,29.4,Marriott,"Business Center,Spa,Airport Shuttle,Room Service,Balcony,24h Front Desk",2.7,São Paulo,Brazil,U000502,31,0.42278282485875707
O029212,H09212,Kayak,Double,335.01,335.01,338.59,0.96,0.098,Partial,False,True,0.0,1,338.3,10.92,"[336.38, 336.88, 337.51, 335.3, 336.96, 337.74, 340.12, 339.37, 336.5, 335.02, 331.67, 331.85, 333.14, 338.06, 338.61, 339.94, 339.9, 343.22, 343.35, 343.6, 341.12, 341.69, 340.03, 341.15]",0.0065,2025-07-19T14:49:50.643028,Harding-Mathews Hotel,São Paulo,"[-23.513659, -46.594557]",5.0,9.7,575,Hotel,2.2,29.9,Renaissance,"Laundry,Air Conditioning,24h Front Desk,Restaurant,Kitchen,Conference Rooms,Parking,Pet Friendly,Breakfast,Bar,Airport Shuttle,Spa,Gym,Room Service,Concierge,Balcony",2.4,São Paulo,Brazil,U000408,27,0.7283011235955057
O009212,H09212,Getaroom,Executive,359.08,1436.32,363.74,1.06,0.121,Non-refundable,False,False,"Mobile exclusive, Room upgrade",4,365.28,7.83,"[356.59, 360.44, 364.3, 365.33, 365.94, 368.96, 368.28, 365.65, 368.11, 366.44, 366.74, 364.11, 363.12, 363.5, 367.26, 366.75, 368.71, 365.92, 365.13, 363.14, 364.58, 362.55, 366.42, 368.74]",0.007,2025-07-19T14:49:50.643028,Harding-Mathews Hotel,São Paulo,"[-23.513659, -46.594557]",5.0,9.7,575,Hotel,2.2,29.9,Renaissance,"Laundry,Air Conditioning,24h Front Desk,Restaurant,Kitchen,Conference Rooms,Parking,Pet Friendly,Breakfast,Bar,Airport Shuttle,Spa,Gym,Room Service,Concierge,Balcony",2.4,São Paulo,Brazil,U000408,27,0.695847191011236
O019212,H09212,Lastminute.com,Deluxe,370.46,1111.38,369.3,1.64,0.116,Free,True,False,Spa discount,3,364.77,29.57,"[374.15, 366.47, 367.22, 367.68, 366.93, 361.74, 360.31, 358.16, 354.92, 355.27, 357.23, 358.9, 362.89, 363.54, 366.99, 369.02, 369.59, 372.49, 370.78, 370.52, 369.97, 365.56, 365.61, 358.45]",0.0129,2025-07-19T14:49:50.643028,Harding-Mathews Hotel,São Paulo,"[-23.513659, -46.594557]",5.0,9.7,575,Hotel,2.2,29.9,Renaissance,"Laundry,Air Conditioning,24h Front Desk,Restaurant,Kitchen,Conference Rooms,Parking,Pet Friendly,Breakfast,Bar,Airport Shuttle,Spa,Gym,Room Service,Concierge,Balcony",2.4,São Paulo,Brazil,U000408,27,0.6805033707865169
O019373,H09373,Hotwire,Suite,115.6,462.4,114.0,0.63,0.128,Free,False,False,Late checkout,4,112.44,7.56,"[109.61, 111.45, 111.94, 112.44, 114.78, 112.54, 117.93, 116.43, 116.97, 115.79, 111.86, 115.37, 115.97, 111.65, 108.78, 110.29, 110.94, 110.46, 111.44, 111.52, 111.08, 108.54, 107.63, 113.17]",0.0222,2025-07-19T14:49:50.643028,Lee House,São Paulo,"[-23.555244, -46.584159]",3.0,8.6,629,Hotel,0.1,33.6,Marriott,"Spa,Laundry,Beach Access,Pool,Concierge,Restaurant,Bar,Balcony",2.7,São Paulo,Brazil,U000408,27,0.6158651685393258
O049373,H09373,Venere,Double,113.8,113.8,112.61,0.8,0.098,Free,True,False,0.0,1,115.59,8.79,"[113.74, 115.37, 113.83, 111.69, 110.68, 110.68, 110.37, 111.59, 113.97, 113.52, 113.66, 117.06, 119.02, 118.58, 118.29, 118.8, 118.23, 119.02, 118.5, 117.9, 117.22, 117.15, 117.67, 117.73]",0.0163,2025-07-19T14:49:50.643028,Lee House,São Paulo,"[-23.555244, -46.584159]",3.0,8.6,629,Hotel,0.1,33.6,Marriott,"Spa,Laundry,Beach Access,Pool,Concierge,Restaurant,Bar,Balcony",2.7,São Paulo,Brazil,U000408,27,0.6134382022471909
O029373,H09373,Getaroom,Suite,103.04,103.04,100.61,2.12,0.183,Free,True,True,Room upgrade,1,103.94,1.87,"[105.21, 105.26, 105.22, 104.8, 104.76, 104.01, 104.8, 105.07, 103.74, 104.73, 105.2, 104.28, 103.72, 103.21, 103.39, 103.88, 104.84, 101.4, 100.4, 102.02, 101.04, 104.91, 104.56, 104.16]",0.0142,2025-07-19T14:49:50.643028,Lee House,São Paulo,"[-23.555244, -46.584159]",3.0,8.6,629,Hotel,0.1,33.6,Marriott,"Spa,Laundry,Beach Access,Pool,Concierge,Restaurant,Bar,Balcony",2.7,São Paulo,Brazil,U000408,27,0.5989303370786516
O048390,H08390,HRS,Twin,101.79,305.37,106.41,1.85,0.134,Free,True,True,Spa discount,3,97.77,2.73,"[100.13, 100.22, 97.8, 97.58, 97.83, 96.84, 95.93, 95.12, 95.18, 94.93, 95.77, 96.62, 95.68, 98.69, 98.75, 99.06, 98.13, 98.52, 100.01, 99.94, 99.71, 98.51, 97.97, 97.59]",0.0109,2025-07-19T14:49:50.643028,Gray Inn,São Paulo,"[-23.571205, -46.635414]",3.0,8.2,800,Hotel,0.9,-5.5,Novotel,"Concierge,Pet Friendly,Laundry,Bar,Parking,Beach Access,24h Front Desk",4.8,São Paulo,Brazil,U000408,27,0.5972449438202247
O018390,H08390,Expedia,Double,100.98,302.94,103.62,2.58,0.1,Free,False,True,Room upgrade,3,99.44,10.83,"[100.14, 101.02, 103.09, 102.49, 102.01, 100.71, 98.66, 95.96, 94.2, 94.44, 94.69, 96.49, 96.15, 96.51, 97.93, 99.28, 102.93, 104.75, 104.18, 103.2, 103.59, 99.43, 98.87, 95.77]",0.0232,2025-07-19T14:49:50.643028,Gray Inn,São Paulo,"[-23.571205, -46.635414]",3.0,8.2,800,Hotel,0.9,-5.5,Novotel,"Concierge,Pet Friendly,Laundry,Bar,Parking,Beach Access,24h Front Desk",4.8,São Paulo,Brazil,U000408,27,0.596152808988764
O028390,H08390,Priceline,Twin,91.08,182.16,92.13,1.2,0.095,Free,False,True,Late checkout,2,87.41,1.48,"[88.27, 87.13, 85.75, 85.59, 85.71, 84.69, 86.84, 87.94, 89.45, 87.26, 86.64, 87.11, 88.28, 88.01, 89.79, 87.92, 87.67, 87.1, 86.29, 87.56, 87.37, 88.22, 88.12, 89.23]",0.0158,2025-07-19T14:49:50.643028,Gray Inn,São Paulo,"[-23.571205, -46.635414]",3.0,8.2,800,Hotel,0.9,-5.5,Novotel,"Concierge,Pet Friendly,Laundry,Bar,Parking,Beach Access,24h Front Desk",4.8,São Paulo,Brazil,U000408,27,0.5828044943820225
O041195,H01195,Lastminute.com,Double,102.42,204.84,99.14,1.21,0.175,Free,False,False,0.0,2,102.12,6.46,"[104.98, 102.4, 101.94, 99.78, 101.84, 100.7, 97.91, 101.57, 99.56, 104.2, 104.85, 105.4, 105.63, 104.84, 104.93, 101.73, 97.95, 101.81, 104.19, 105.02, 102.48, 99.8, 100.15, 97.16]",0.0215,2025-07-19T14:49:50.643028,Golden São Paulo Inn,São Paulo,"[-23.526114, -46.611417]",3.0,8.2,1863,Hotel,6.6,31.8,Radisson,"Breakfast,Concierge,24h Front Desk,Parking,Laundry",3.3,São Paulo,Brazil,U000408,27,0.578094382022472
O031195,H01195,Travelocity,Executive,100.08,100.08,97.69,0.83,0.089,Free,False,False,Free WiFi,1,103.65,2.73,"[101.21, 101.77, 101.29, 103.54, 103.87, 102.06, 105.31, 105.79, 105.21, 105.02, 104.75, 106.4, 105.15, 103.13, 100.82, 101.91, 103.09, 103.18, 102.42, 102.92, 104.52, 106.58, 104.8, 102.8]",0.015,2025-07-19T14:49:50.643028,Golden São Paulo Inn,São Paulo,"[-23.526114, -46.611417]",3.0,8.2,1863,Hotel,6.6,31.8,Radisson,"Breakfast,Concierge,24h Front Desk,Parking,Laundry",3.3,São Paulo,Brazil,U000408,27,0.5749393258426967
O001195,H01195,Hotels.com,Double,97.02,679.14,96.58,2.07,0.106,Free,True,True,0.0,7,96.0,4.34,"[97.72, 98.77, 98.04, 94.3, 93.48, 93.55, 97.25, 95.54, 94.74, 94.78, 95.83, 95.79, 98.04, 95.25, 100.06, 100.08, 98.95, 96.99, 94.68, 93.98, 93.7, 94.8, 94.13, 93.63]",0.0208,2025-07-19T14:49:50.643028,Golden São Paulo Inn,São Paulo,"[-23.526114, -46.611417]",3.0,8.2,1863,Hotel,6.6,31.8,Radisson,"Breakfast,Concierge,24h Front Desk,Parking,Laundry",3.3,São Paulo,Brazil,U000408,27,0.5708134831460674
O031671,H01671,HRS,Suite,26.64,79.92,26.63,1.47,0.19,Partial,False,True,"Pay at hotel, Airport shuttle",3,26.91,0.39,"[26.64, 26.67, 26.66, 26.55, 26.6, 26.95, 27.21, 27.36, 26.88, 27.6, 27.89, 28.6, 28.04, 27.38, 26.99, 26.64, 26.7, 26.3, 26.31, 26.01, 26.02, 26.51, 26.82, 26.44]",0.0151,2025-07-19T14:49:50.643028,São Paulo Imperial Suites,São Paulo,"[-23.519988, -46.551262]",2.0,7.8,83,Hostel,3.5,29.4,Marriott,"Business Center,Spa,Airport Shuttle,Room Service,Balcony,24h Front Desk",2.7,São Paulo,Brazil,U000408,27,0.45591910112359557
O001671,H01671,Hotels.com,Twin,25.87,51.74,25.03,2.64,0.175,Free,False,False,0.0,2,25.9,0.09,"[25.97, 26.22, 26.34, 26.14, 26.32, 26.36, 26.19, 26.37, 26.24, 25.72, 25.61, 25.64, 25.88, 25.81, 25.58, 25.63, 25.56, 25.79, 26.09, 25.73, 25.71, 25.63, 25.48, 25.59]",0.0065,2025-07-19T14:49:50.643028,São Paulo Imperial Suites,São Paulo,"[-23.519988, -46.551262]",2.0,7.8,83,Hostel,3.5,29.4,Marriott,"Business Center,Spa,Airport Shuttle,Room Service,Balcony,24h Front Desk",2.7,São Paulo,Brazil,U000408,27,0.4548808988764045
O021671,H01671,HotelDirect,Double,23.23,23.23,22.97,0.72,0.197,Non-refundable,True,True,0.0,1,21.29,0.81,"[22.8, 23.16, 22.92, 22.63, 21.65, 20.7, 21.01, 20.49, 20.17, 20.16, 20.59, 20.63, 21.13, 21.04, 21.2, 21.54, 21.79, 21.83, 22.07, 21.34, 20.9, 20.47, 20.87, 19.81]",0.0237,2025-07-19T14:49:50.643028,São Paulo Imperial Suites,São Paulo,"[-23.519988, -46.551262]",2.0,7.8,83,Hostel,3.5,29.4,Marriott,"Business Center,Spa,Airport Shuttle,Room Service,Balcony,24h Front Desk",2.7,São Paulo,Brazil,U000408,27,0.4513213483146067
O049212,H09212,Lastminute.com,Deluxe,361.0,1805.0,367.45,0.69,0.159,Free,True,False,0.0,5,363.67,66.08,"[361.82, 361.44, 365.7, 358.95, 365.07, 367.97, 354.15, 355.22, 349.76, 346.04, 346.98, 363.23, 368.12, 370.15, 365.23, 365.13, 376.0, 370.37, 371.28, 368.3, 373.63, 375.59, 364.91, 362.98]",0.0235,2025-07-19T14:49:50.643028,Harding-Mathews Hotel,São Paulo,"[-23.513659, -46.594557]",5.0,9.7,575,Hotel,2.2,29.9,Renaissance,"Laundry,Air Conditioning,24h Front Desk,Restaurant,Kitchen,Conference Rooms,Parking,Pet Friendly,Breakfast,Bar,Airport Shuttle,Spa,Gym,Room Service,Concierge,Balcony",2.4,São Paulo,Brazil,U000304,24,0.7409238776837995
O029212,H09212,Kayak,Double,335.01,335.01,338.59,0.96,0.098,Partial,False,True,0.0,1,338.3,10.92,"[336.38, 336.88, 337.51, 335.3, 336.96, 337.74, 340.12, 339.37, 336.5, 335.02, 331.67, 331.85, 333.14, 338.06, 338.61, 339.94, 339.9, 343.22, 343.35, 343.6, 341.12, 341.69, 340.03, 341.15]",0.0065,2025-07-19T14:49:50.643028,Harding-Mathews Hotel,São Paulo,"[-23.513659, -46.594557]",5.0,9.7,575,Hotel,2.2,29.9,Renaissance,"Laundry,Air Conditioning,24h Front Desk,Restaurant,Kitchen,Conference Rooms,Parking,Pet Friendly,Breakfast,Bar,Airport Shuttle,Spa,Gym,Room Service,Concierge,Balcony",2.4,São Paulo,Brazil,U000304,24,0.7307781392322706
O039212,H09212,Lastminute.com,Deluxe,334.16,1336.64,327.7,1.04,0.181,Partial,True,True,Late checkout,4,328.14,31.57,"[327.92, 332.76, 339.52, 340.1, 334.31, 332.69, 324.5, 325.92, 326.0, 326.66, 329.69, 330.66, 326.89, 323.51, 320.66, 316.03, 322.65, 322.77, 328.4, 322.14, 331.57, 334.08, 329.26, 326.59]",0.0137,2025-07-19T14:49:50.643028,Harding-Mathews Hotel,São Paulo,"[-23.513659, -46.594557]",5.0,9.7,575,Hotel,2.2,29.9,Renaissance,"Laundry,Air Conditioning,24h Front Desk,Restaurant,Kitchen,Conference Rooms,Parking,Pet Friendly,Breakfast,Bar,Airport Shuttle,Spa,Gym,Room Service,Concierge,Balcony",2.4,São Paulo,Brazil,U000304,24,0.7304463240078073
O011195,H01195,HRS,Single,102.96,514.8,103.41,2.47,0.102,Partial,True,True,Mobile exclusive,5,101.52,0.63,"[103.3, 102.95, 102.14, 101.89, 102.49, 101.06, 100.48, 100.85, 101.47, 101.95, 101.64, 101.67, 100.77, 101.45, 101.62, 101.89, 101.53, 100.95, 100.52, 99.88, 101.63, 101.6, 102.22, 100.46]",0.0106,2025-07-19T14:49:50.643028,Golden São Paulo Inn,São Paulo,"[-23.526114, -46.611417]",3.0,8.2,1863,Hotel,6.6,31.8,Radisson,"Breakfast,Concierge,24h Front Desk,Parking,Laundry",3.3,São Paulo,Brazil,U000304,24,0.5935259162871395
O011671,H01671,Getaroom,Single,25.42,76.26,26.02,0.73,0.199,Partial,True,False,"Free cancellation, Free parking",3,25.0,0.13,"[25.61, 25.24, 24.94, 24.89, 24.84, 25.05, 25.46, 25.55, 25.11, 25.09, 24.61, 24.79, 24.52, 24.38, 24.2, 24.5, 25.03, 24.84, 25.08, 25.27, 25.19, 25.27, 25.17, 25.26]",0.012,2025-07-19T14:49:50.643028,São Paulo Imperial Suites,São Paulo,"[-23.519988, -46.551262]",2.0,7.8,83,Hostel,3.5,29.4,Marriott,"Business Center,Spa,Airport Shuttle,Room Service,Balcony,24h Front Desk",2.7,São Paulo,Brazil,U000304,24,0.5065898937323792
O049373,H09373,Venere,Double,113.8,113.8,112.61,0.8,0.098,Free,True,False,0.0,1,115.59,8.79,"[113.74, 115.37, 113.83, 111.69, 110.68, 110.68, 110.37, 111.59, 113.97, 113.52, 113.66, 117.06, 119.02, 118.58, 118.29, 118.8, 118.23, 119.02, 118.5, 117.9, 117.22, 117.15, 117.67, 117.73]",0.0163,2025-07-19T14:49:50.643028,Lee House,São Paulo,"[-23.555244, -46.584159]",3.0,8.6,629,Hotel,0.1,33.6,Marriott,"Spa,Laundry,Beach Access,Pool,Concierge,Restaurant,Bar,Balcony",2.7,São Paulo,Brazil,U000304,24,0.4977575363261765
O029373,H09373,Getaroom,Suite,103.04,103.04,100.61,2.12,0.183,Free,True,True,Room upgrade,1,103.94,1.87,"[105.21, 105.26, 105.22, 104.8, 104.76, 104.01, 104.8, 105.07, 103.74, 104.73, 105.2, 104.28, 103.72, 103.21, 103.39, 103.88, 104.84, 101.4, 100.4, 102.02, 101.04, 104.91, 104.56, 104.16]",0.0142,2025-07-19T14:49:50.643028,Lee House,São Paulo,"[-23.555244, -46.584159]",3.0,8.6,629,Hotel,0.1,33.6,Marriott,"Spa,Laundry,Beach Access,Pool,Concierge,Restaurant,Bar,Balcony",2.7,São Paulo,Brazil,U000304,24,0.4935571459553242
O048390,H08390,HRS,Twin,101.79,305.37,106.41,1.85,0.134,Free,True,True,Spa discount,3,97.77,2.73,"[100.13, 100.22, 97.8, 97.58, 97.83, 96.84, 95.93, 95.12, 95.18, 94.93, 95.77, 96.62, 95.68, 98.69, 98.75, 99.06, 98.13, 98.52, 100.01, 99.94, 99.71, 98.51, 97.97, 97.59]",0.0109,2025-07-19T14:49:50.643028,Gray Inn,São Paulo,"[-23.571205, -46.635414]",3.0,8.2,800,Hotel,0.9,-5.5,Novotel,"Concierge,Pet Friendly,Laundry,Bar,Parking,Beach Access,24h Front Desk",4.8,São Paulo,Brazil,U000304,24,0.493069182389937
O018390,H08390,Expedia,Double,100.98,302.94,103.62,2.58,0.1,Free,False,True,Room upgrade,3,99.44,10.83,"[100.14, 101.02, 103.09, 102.49, 102.01, 100.71, 98.66, 95.96, 94.2, 94.44, 94.69, 96.49, 96.15, 96.51, 97.93, 99.28, 102.93, 104.75, 104.18, 103.2, 103.59, 99.43, 98.87, 95.77]",0.0232,2025-07-19T14:49:50.643028,Gray Inn,São Paulo,"[-23.571205, -46.635414]",3.0,8.2,800,Hotel,0.9,-5.5,Novotel,"Concierge,Pet Friendly,Laundry,Bar,Parking,Beach Access,24h Front Desk",4.8,São Paulo,Brazil,U000304,24,0.49275298199956624
O009373,H09373,Orbitz,Double,99.82,99.82,103.16,2.04,0.159,Free,False,False,"Free WiFi, Room upgrade",1,102.8,1.18,"[100.24, 101.39, 101.34, 101.34, 101.92, 103.64, 102.71, 101.2, 102.22, 102.96, 102.87, 103.61, 103.47, 103.45, 103.9, 104.68, 104.28, 103.8, 103.44, 103.19, 103.48, 102.96, 102.11, 102.87]",0.007,2025-07-19T14:49:50.643028,Lee House,São Paulo,"[-23.555244, -46.584159]",3.0,8.6,629,Hotel,0.1,33.6,Marriott,"Spa,Laundry,Beach Access,Pool,Concierge,Restaurant,Bar,Balcony",2.7,São Paulo,Brazil,U000304,24,0.49230015181088693
O001195,H01195,Hotels.com,Double,97.02,679.14,96.58,2.07,0.106,Free,True,True,0.0,7,96.0,4.34,"[97.72, 98.77, 98.04, 94.3, 93.48, 93.55, 97.25, 95.54, 94.74, 94.78, 95.83, 95.79, 98.04, 95.25, 100.06, 100.08, 98.95, 96.99, 94.68, 93.98, 93.7, 94.8, 94.13, 93.63]",0.0208,2025-07-19T14:49:50.643028,Golden São Paulo Inn,São Paulo,"[-23.526114, -46.611417]",3.0,8.2,1863,Hotel,6.6,31.8,Radisson,"Breakfast,Concierge,24h Front Desk,Parking,Laundry",3.3,São Paulo,Brazil,U000304,24,0.49120711342441986
O021195,H01195,Agoda,Twin,94.05,188.1,94.32,1.9,0.179,Free,True,False,Room upgrade,2,94.1,0.45,"[94.99, 94.89, 95.2, 95.06, 95.15, 94.66, 94.08, 93.84, 93.44, 93.74, 93.69, 93.82, 93.88, 93.42, 93.36, 92.91, 93.08, 93.23, 93.9, 94.0, 94.39, 94.53, 94.6, 94.53]",0.0052,2025-07-19T14:49:50.643028,Golden São Paulo Inn,São Paulo,"[-23.526114, -46.611417]",3.0,8.2,1863,Hotel,6.6,31.8,Radisson,"Breakfast,Concierge,24h Front Desk,Parking,Laundry",3.3,São Paulo,Brazil,U000304,24,0.49004771199306
O028390,H08390,Priceline,Twin,91.08,182.16,92.13,1.2,0.095,Free,False,True,Late checkout,2,87.41,1.48,"[88.27, 87.13, 85.75, 85.59, 85.71, 84.69, 86.84, 87.94, 89.45, 87.26, 86.64, 87.11, 88.28, 88.01, 89.79, 87.92, 87.67, 87.1, 86.29, 87.56, 87.37, 88.22, 88.12, 89.23]",0.0158,2025-07-19T14:49:50.643028,Gray Inn,São Paulo,"[-23.571205, -46.635414]",3.0,8.2,800,Hotel,0.9,-5.5,Novotel,"Concierge,Pet Friendly,Laundry,Bar,Parking,Beach Access,24h Front Desk",4.8,São Paulo,Brazil,U000304,24,0.4888883105617003
O031671,H01671,HRS,Suite,26.64,79.92,26.63,1.47,0.19,Partial,False,True,"Pay at hotel, Airport shuttle",3,26.91,0.39,"[26.64, 26.67, 26.66, 26.55, 26.6, 26.95, 27.21, 27.36, 26.88, 27.6, 27.89, 28.6, 28.04, 27.38, 26.99, 26.64, 26.7, 26.3, 26.31, 26.01, 26.02, 26.51, 26.82, 26.44]",0.0151,2025-07-19T14:49:50.643028,São Paulo Imperial Suites,São Paulo,"[-23.519988, -46.551262]",2.0,7.8,83,Hostel,3.5,29.4,Marriott,"Business Center,Spa,Airport Shuttle,Room Service,Balcony,24h Front Desk",2.7,São Paulo,Brazil,U000304,24,0.40706614617219694
O001671,H01671,Hotels.com,Twin,25.87,51.74,25.03,2.64,0.175,Free,False,False,0.0,2,25.9,0.09,"[25.97, 26.22, 26.34, 26.14, 26.32, 26.36, 26.19, 26.37, 26.24, 25.72, 25.61, 25.64, 25.88, 25.81, 25.58, 25.63, 25.56, 25.79, 26.09, 25.73, 25.71, 25.63, 25.48, 25.59]",0.0065,2025-07-19T14:49:50.643028,São Paulo Imperial Suites,São Paulo,"[-23.519988, -46.551262]",2.0,7.8,83,Hostel,3.5,29.4,Marriott,"Business Center,Spa,Airport Shuttle,Room Service,Balcony,24h Front Desk",2.7,São Paulo,Brazil,U000304,24,0.40676556061591845
O049373,H09373,Venere,Double,113.8,113.8,112.61,0.8,0.098,Free,True,False,0.0,1,115.59,8.79,"[113.74, 115.37, 113.83, 111.69, 110.68, 110.68, 110.37, 111.59, 113.97, 113.52, 113.66, 117.06, 119.02, 118.58, 118.29, 118.8, 118.23, 119.02, 118.5, 117.9, 117.22, 117.15, 117.67, 117.73]",0.0163,2025-07-19T14:49:50.643028,Lee House,São Paulo,"[-23.555244, -46.584159]",3.0,8.6,629,Hotel,0.1,33.6,Marriott,"Spa,Laundry,Beach Access,Pool,Concierge,Restaurant,Bar,Balcony",2.7,São Paulo,Brazil,U000747,30,0.6445938375350139
O029373,H09373,Getaroom,Suite,103.04,103.04,100.61,2.12,0.183,Free,True,True,Room upgrade,1,103.94,1.87,"[105.21, 105.26, 105.22, 104.8, 104.76, 104.01, 104.8, 105.07, 103.74, 104.73, 105.2, 104.28, 103.72, 103.21, 103.39, 103.88, 104.84, 101.4, 100.4, 102.02, 101.04, 104.91, 104.56, 104.16]",0.0142,2025-07-19T14:49:50.643028,Lee House,São Paulo,"[-23.555244, -46.584159]",3.0,8.6,629,Hotel,0.1,33.6,Marriott,"Spa,Laundry,Beach Access,Pool,Concierge,Restaurant,Bar,Balcony",2.7,São Paulo,Brazil,U000747,30,0.6265098039215685
O011195,H01195,HRS,Single,102.96,514.8,103.41,2.47,0.102,Partial,True,True,Mobile exclusive,5,101.52,0.63,"[103.3, 102.95, 102.14, 101.89, 102.49, 101.06, 100.48, 100.85, 101.47, 101.95, 101.64, 101.67, 100.77, 101.45, 101.62, 101.89, 101.53, 100.95, 100.52, 99.88, 101.63, 101.6, 102.22, 100.46]",0.0106,2025-07-19T14:49:50.643028,Golden São Paulo Inn,São Paulo,"[-23.526114, -46.611417]",3.0,8.2,1863,Hotel,6.6,31.8,Radisson,"Breakfast,Concierge,24h Front Desk,Parking,Laundry",3.3,São Paulo,Brazil,U000747,30,0.6263753501400561
O031195,H01195,Travelocity,Executive,100.08,100.08,97.69,0.83,0.089,Free,False,False,Free WiFi,1,103.65,2.73,"[101.21, 101.77, 101.29, 103.54, 103.87, 102.06, 105.31, 105.79, 105.21, 105.02, 104.75, 106.4, 105.15, 103.13, 100.82, 101.91, 103.09, 103.18, 102.42, 102.92, 104.52, 106.58, 104.8, 102.8]",0.015,2025-07-19T14:49:50.643028,Golden São Paulo Inn,São Paulo,"[-23.526114, -46.611417]",3.0,8.2,1863,Hotel,6.6,31.8,Radisson,"Breakfast,Concierge,24h Front Desk,Parking,Laundry",3.3,São Paulo,Brazil,U000747,30,0.6215350140056022
O009373,H09373,Orbitz,Double,99.82,99.82,103.16,2.04,0.159,Free,False,False,"Free WiFi, Room upgrade",1,102.8,1.18,"[100.24, 101.39, 101.34, 101.34, 101.92, 103.64, 102.71, 101.2, 102.22, 102.96, 102.87, 103.61, 103.47, 103.45, 103.9, 104.68, 104.28, 103.8, 103.44, 103.19, 103.48, 102.96, 102.11, 102.87]",0.007,2025-07-19T14:49:50.643028,Lee House,São Paulo,"[-23.555244, -46.584159]",3.0,8.6,629,Hotel,0.1,33.6,Marriott,"Spa,Laundry,Beach Access,Pool,Concierge,Restaurant,Bar,Balcony",2.7,São Paulo,Brazil,U000747,30,0.6210980392156863
O001195,H01195,Hotels.com,Double,97.02,679.14,96.58,2.07,0.106,Free,True,True,0.0,7,96.0,4.34,"[97.72, 98.77, 98.04, 94.3, 93.48, 93.55, 97.25, 95.54, 94.74, 94.78, 95.83, 95.79, 98.04, 95.25, 100.06, 100.08, 98.95, 96.99, 94.68, 93.98, 93.7, 94.8, 94.13, 93.63]",0.0208,2025-07-19T14:49:50.643028,Golden São Paulo Inn,São Paulo,"[-23.526114, -46.611417]",3.0,8.2,1863,Hotel,6.6,31.8,Radisson,"Breakfast,Concierge,24h Front Desk,Parking,Laundry",3.3,São Paulo,Brazil,U000747,30,0.616392156862745
O018390,H08390,Expedia,Double,100.98,302.94,103.62,2.58,0.1,Free,False,True,Room upgrade,3,99.44,10.83,"[100.14, 101.02, 103.09, 102.49, 102.01, 100.71, 98.66, 95.96, 94.2, 94.44, 94.69, 96.49, 96.15, 96.51, 97.93, 99.28, 102.93, 104.75, 104.18, 103.2, 103.59, 99.43, 98.87, 95.77]",0.0232,2025-07-19T14:49:50.643028,Gray Inn,São Paulo,"[-23.571205, -46.635414]",3.0,8.2,800,Hotel,0.9,-5.5,Novotel,"Concierge,Pet Friendly,Laundry,Bar,Parking,Beach Access,24h Front Desk",4.8,São Paulo,Brazil,U000747,30,0.6063809523809524
O039212,H09212,Lastminute.com,Deluxe,334.16,1336.64,327.7,1.04,0.181,Partial,True,True,Late checkout,4,328.14,31.57,"[327.92, 332.76, 339.52, 340.1, 334.31, 332.69, 324.5, 325.92, 326.0, 326.66, 329.69, 330.66, 326.89, 323.51, 320.66, 316.03, 322.65, 322.77, 328.4, 322.14, 331.57, 334.08, 329.26, 326.59]",0.0137,2025-07-19T14:49:50.643028,Harding-Mathews Hotel,São Paulo,"[-23.513659, -46.594557]",5.0,9.7,575,Hotel,2.2,29.9,Renaissance,"Laundry,Air Conditioning,24h Front Desk,Restaurant,Kitchen,Conference Rooms,Parking,Pet Friendly,Breakfast,Bar,Airport Shuttle,Spa,Gym,Room Service,Concierge,Balcony",2.4,São Paulo,Brazil,U000747,30,0.6050532212885154
O038390,H08390,Hotwire,Double,98.97,494.85,100.37,2.64,0.116,Non-refundable,False,True,Pay at hotel,5,98.44,7.56,"[96.42, 95.63, 95.53, 95.4, 95.91, 95.48, 95.9, 96.53, 98.33, 97.77, 95.25, 99.35, 98.76, 98.06, 99.06, 99.42, 101.87, 101.98, 104.93, 104.25, 101.56, 99.18, 99.09, 96.79]",0.0168,2025-07-19T14:49:50.643028,Gray Inn,São Paulo,"[-23.571205, -46.635414]",3.0,8.2,800,Hotel,0.9,-5.5,Novotel,"Concierge,Pet Friendly,Laundry,Bar,Parking,Beach Access,24h Front Desk",4.8,São Paulo,Brazil,U000747,30,0.6030028011204481
O028390,H08390,Priceline,Twin,91.08,182.16,92.13,1.2,0.095,Free,False,True,Late checkout,2,87.41,1.48,"[88.27, 87.13, 85.75, 85.59, 85.71, 84.69, 86.84, 87.94, 89.45, 87.26, 86.64, 87.11, 88.28, 88.01, 89.79, 87.92, 87.67, 87.1, 86.29, 87.56, 87.37, 88.22, 88.12, 89.23]",0.0158,2025-07-19T14:49:50.643028,Gray Inn,São Paulo,"[-23.571205, -46.635414]",3.0,8.2,800,Hotel,0.9,-5.5,Novotel,"Concierge,Pet Friendly,Laundry,Bar,Parking,Beach Access,24h Front Desk",4.8,São Paulo,Brazil,U000747,30,0.5897422969187675
O019212,H09212,Lastminute.com,Deluxe,370.46,1111.38,369.3,1.64,0.116,Free,True,False,Spa discount,3,364.77,29.57,"[374.15, 366.47, 367.22, 367.68, 366.93, 361.74, 360.31, 358.16, 354.92, 355.27, 357.23, 358.9, 362.89, 363.54, 366.99, 369.02, 369.59, 372.49, 370.78, 370.52, 369.97, 365.56, 365.61, 358.45]",0.0129,2025-07-19T14:49:50.643028,Harding-Mathews Hotel,São Paulo,"[-23.513659, -46.594557]",5.0,9.7,575,Hotel,2.2,29.9,Renaissance,"Laundry,Air Conditioning,24h Front Desk,Restaurant,Kitchen,Conference Rooms,Parking,Pet Friendly,Breakfast,Bar,Airport Shuttle,Spa,Gym,Room Service,Concierge,Balcony",2.4,São Paulo,Brazil,U000747,30,0.5666666666666667
O049212,H09212,Lastminute.com,Deluxe,361.0,1805.0,367.45,0.69,0.159,Free,True,False,0.0,5,363.67,66.08,"[361.82, 361.44, 365.7, 358.95, 365.07, 367.97, 354.15, 355.22, 349.76, 346.04, 346.98, 363.23, 368.12, 370.15, 365.23, 365.13, 376.0, 370.37, 371.28, 368.3, 373.63, 375.59, 364.91, 362.98]",0.0235,2025-07-19T14:49:50.643028,Harding-Mathews Hotel,São Paulo,"[-23.513659, -46.594557]",5.0,9.7,575,Hotel,2.2,29.9,Renaissance,"Laundry,Air Conditioning,24h Front Desk,Restaurant,Kitchen,Conference Rooms,Parking,Pet Friendly,Breakfast,Bar,Airport Shuttle,Spa,Gym,Room Service,Concierge,Balcony",2.4,São Paulo,Brazil,U000747,30,0.5666666666666667
O011671,H01671,Getaroom,Single,25.42,76.26,26.02,0.73,0.199,Partial,True,False,"Free cancellation, Free parking",3,25.0,0.13,"[25.61, 25.24, 24.94, 24.89, 24.84, 25.05, 25.46, 25.55, 25.11, 25.09, 24.61, 24.79, 24.52, 24.38, 24.2, 24.5, 25.03, 24.84, 25.08, 25.27, 25.19, 25.27, 25.17, 25.26]",0.012,2025-07-19T14:49:50.643028,São Paulo Imperial Suites,São Paulo,"[-23.519988, -46.551262]",2.0,7.8,83,Hostel,3.5,29.4,Marriott,"Business Center,Spa,Airport Shuttle,Room Service,Balcony,24h Front Desk",2.7,São Paulo,Brazil,U000747,30,0.4393893557422969
O041671,H01671,Lastminute.com,Suite,24.67,74.01,24.48,1.68,0.149,Free,False,False,0.0,3,26.8,0.77,"[25.32, 26.03, 26.03, 25.96, 26.61, 26.97, 27.37, 26.52, 26.34, 26.24, 25.92, 25.46, 25.8, 26.21, 26.88, 27.09, 27.3, 27.45, 27.42, 28.5, 27.52, 28.04, 28.32, 27.79]",0.0231,2025-07-19T14:49:50.643028,São Paulo Imperial Suites,São Paulo,"[-23.519988, -46.551262]",2.0,7.8,83,Hostel,3.5,29.4,Marriott,"Business Center,Spa,Airport Shuttle,Room Service,Balcony,24h Front Desk",2.7,São Paulo,Brazil,U000747,30,0.43812885154061626
O021671,H01671,HotelDirect,Double,23.23,23.23,22.97,0.72,0.197,Non-refundable,True,True,0.0,1,21.29,0.81,"[22.8, 23.16, 22.92, 22.63, 21.65, 20.7, 21.01, 20.49, 20.17, 20.16, 20.59, 20.63, 21.13, 21.04, 21.2, 21.54, 21.79, 21.83, 22.07, 21.34, 20.9, 20.47, 20.87, 19.81]",0.0237,2025-07-19T14:49:50.643028,São Paulo Imperial Suites,São Paulo,"[-23.519988, -46.551262]",2.0,7.8,83,Hostel,3.5,29.4,Marriott,"Business Center,Spa,Airport Shuttle,Room Service,Balcony,24h Front Desk",2.7,São Paulo,Brazil,U000747,30,0.4357086834733893
O039373,H09373,Kayak,Twin,118.08,118.08,116.66,1.44,0.193,Free,False,True,Late checkout,1,120.11,4.93,"[120.94, 120.95, 122.04, 121.51, 121.33, 123.43, 123.07, 123.89, 124.23, 121.52, 120.8, 119.66, 119.07, 118.58, 117.24, 116.8, 118.6, 117.79, 117.66, 121.03, 119.58, 118.05, 117.26, 117.61]",0.0104,2025-07-19T14:49:50.643028,Lee House,São Paulo,"[-23.555244, -46.584159]",3.0,8.6,629,Hotel,0.1,33.6,Marriott,"Spa,Laundry,Beach Access,Pool,Concierge,Restaurant,Bar,Balcony",2.7,São Paulo,Brazil,U000928,27,0.6886666666666668
O019373,H09373,Hotwire,Suite,115.6,462.4,114.0,0.63,0.128,Free,False,False,Late checkout,4,112.44,7.56,"[109.61, 111.45, 111.94, 112.44, 114.78, 112.54, 117.93, 116.43, 116.97, 115.79, 111.86, 115.37, 115.97, 111.65, 108.78, 110.29, 110.94, 110.46, 111.44, 111.52, 111.08, 108.54, 107.63, 113.17]",0.0222,2025-07-19T14:49:50.643028,Lee House,São Paulo,"[-23.555244, -46.584159]",3.0,8.6,629,Hotel,0.1,33.6,Marriott,"Spa,Laundry,Beach Access,Pool,Concierge,Restaurant,Bar,Balcony",2.7,São Paulo,Brazil,U000928,27,0.6840740740740741
O029373,H09373,Getaroom,Suite,103.04,103.04,100.61,2.12,0.183,Free,True,True,Room upgrade,1,103.94,1.87,"[105.21, 105.26, 105.22, 104.8, 104.76, 104.01, 104.8, 105.07, 103.74, 104.73, 105.2, 104.28, 103.72, 103.21, 103.39, 103.88, 104.84, 101.4, 100.4, 102.02, 101.04, 104.91, 104.56, 104.16]",0.0142,2025-07-19T14:49:50.643028,Lee House,São Paulo,"[-23.555244, -46.584159]",3.0,8.6,629,Hotel,0.1,33.6,Marriott,"Spa,Laundry,Beach Access,Pool,Concierge,Restaurant,Bar,Balcony",2.7,São Paulo,Brazil,U000928,27,0.6608148148148147
O041195,H01195,Lastminute.com,Double,102.42,204.84,99.14,1.21,0.175,Free,False,False,0.0,2,102.12,6.46,"[104.98, 102.4, 101.94, 99.78, 101.84, 100.7, 97.91, 101.57, 99.56, 104.2, 104.85, 105.4, 105.63, 104.84, 104.93, 101.73, 97.95, 101.81, 104.19, 105.02, 102.48, 99.8, 100.15, 97.16]",0.0215,2025-07-19T14:49:50.643028,Golden São Paulo Inn,São Paulo,"[-23.526114, -46.611417]",3.0,8.2,1863,Hotel,6.6,31.8,Radisson,"Breakfast,Concierge,24h Front Desk,Parking,Laundry",3.3,São Paulo,Brazil,U000928,27,0.6346666666666666
O001195,H01195,Hotels.com,Double,97.02,679.14,96.58,2.07,0.106,Free,True,True,0.0,7,96.0,4.34,"[97.72, 98.77, 98.04, 94.3, 93.48, 93.55, 97.25, 95.54, 94.74, 94.78, 95.83, 95.79, 98.04, 95.25, 100.06, 100.08, 98.95, 96.99, 94.68, 93.98, 93.7, 94.8, 94.13, 93.63]",0.0208,2025-07-19T14:49:50.643028,Golden São Paulo Inn,São Paulo,"[-23.526114, -46.611417]",3.0,8.2,1863,Hotel,6.6,31.8,Radisson,"Breakfast,Concierge,24h Front Desk,Parking,Laundry",3.3,São Paulo,Brazil,U000928,27,0.6246666666666666
O021195,H01195,Agoda,Twin,94.05,188.1,94.32,1.9,0.179,Free,True,False,Room upgrade,2,94.1,0.45,"[94.99, 94.89, 95.2, 95.06, 95.15, 94.66, 94.08, 93.84, 93.44, 93.74, 93.69, 93.82, 93.88, 93.42, 93.36, 92.91, 93.08, 93.23, 93.9, 94.0, 94.39, 94.53, 94.6, 94.53]",0.0052,2025-07-19T14:49:50.643028,Golden São Paulo Inn,São Paulo,"[-23.526114, -46.611417]",3.0,8.2,1863,Hotel,6.6,31.8,Radisson,"Breakfast,Concierge,24h Front Desk,Parking,Laundry",3.3,São Paulo,Brazil,U000928,27,0.6191666666666666
O048390,H08390,HRS,Twin,101.79,305.37,106.41,1.85,0.134,Free,True,True,Spa discount,3,97.77,2.73,"[100.13, 100.22, 97.8, 97.58, 97.83, 96.84, 95.93, 95.12, 95.18, 94.93, 95.77, 96.62, 95.68, 98.69, 98.75, 99.06, 98.13, 98.52, 100.01, 99.94, 99.71, 98.51, 97.97, 97.59]",0.0109,2025-07-19T14:49:50.643028,Gray Inn,São Paulo,"[-23.571205, -46.635414]",3.0,8.2,800,Hotel,0.9,-5.5,Novotel,"Concierge,Pet Friendly,Laundry,Bar,Parking,Beach Access,24h Front Desk",4.8,São Paulo,Brazil,U000928,27,0.6085
O008390,H08390,Expedia,Suite,100.98,201.96,101.43,1.3,0.109,Partial,True,True,0.0,2,100.0,8.77,"[101.54, 97.53, 98.63, 97.29, 96.02, 96.59, 99.24, 99.69, 100.43, 98.04, 98.62, 95.7, 95.25, 98.82, 98.48, 104.17, 102.49, 99.72, 100.72, 103.61, 105.12, 104.13, 103.62, 104.53]",0.024,2025-07-19T14:49:50.643028,Gray Inn,São Paulo,"[-23.571205, -46.635414]",3.0,8.2,800,Hotel,0.9,-5.5,Novotel,"Concierge,Pet Friendly,Laundry,Bar,Parking,Beach Access,24h Front Desk",4.8,São Paulo,Brazil,U000928,27,0.607
O018390,H08390,Expedia,Double,100.98,302.94,103.62,2.58,0.1,Free,False,True,Room upgrade,3,99.44,10.83,"[100.14, 101.02, 103.09, 102.49, 102.01, 100.71, 98.66, 95.96, 94.2, 94.44, 94.69, 96.49, 96.15, 96.51, 97.93, 99.28, 102.93, 104.75, 104.18, 103.2, 103.59, 99.43, 98.87, 95.77]",0.0232,2025-07-19T14:49:50.643028,Gray Inn,São Paulo,"[-23.571205, -46.635414]",3.0,8.2,800,Hotel,0.9,-5.5,Novotel,"Concierge,Pet Friendly,Laundry,Bar,Parking,Beach Access,24h Front Desk",4.8,São Paulo,Brazil,U000928,27,0.607
O009212,H09212,Getaroom,Executive,359.08,1436.32,363.74,1.06,0.121,Non-refundable,False,False,"Mobile exclusive, Room upgrade",4,365.28,7.83,"[356.59, 360.44, 364.3, 365.33, 365.94, 368.96, 368.28, 365.65, 368.11, 366.44, 366.74, 364.11, 363.12, 363.5, 367.26, 366.75, 368.71, 365.92, 365.13, 363.14, 364.58, 362.55, 366.42, 368.74]",0.007,2025-07-19T14:49:50.643028,Harding-Mathews Hotel,São Paulo,"[-23.513659, -46.594557]",5.0,9.7,575,Hotel,2.2,29.9,Renaissance,"Laundry,Air Conditioning,24h Front Desk,Restaurant,Kitchen,Conference Rooms,Parking,Pet Friendly,Breakfast,Bar,Airport Shuttle,Spa,Gym,Room Service,Concierge,Balcony",2.4,São Paulo,Brazil,U000928,27,0.55
O029212,H09212,Kayak,Double,335.01,335.01,338.59,0.96,0.098,Partial,False,True,0.0,1,338.3,10.92,"[336.38, 336.88, 337.51, 335.3, 336.96, 337.74, 340.12, 339.37, 336.5, 335.02, 331.67, 331.85, 333.14, 338.06, 338.61, 339.94, 339.9, 343.22, 343.35, 343.6, 341.12, 341.69, 340.03, 341.15]",0.0065,2025-07-19T14:49:50.643028,Harding-Mathews Hotel,São Paulo,"[-23.513659, -46.594557]",5.0,9.7,575,Hotel,2.2,29.9,Renaissance,"Laundry,Air Conditioning,24h Front Desk,Restaurant,Kitchen,Conference Rooms,Parking,Pet Friendly,Breakfast,Bar,Airport Shuttle,Spa,Gym,Room Service,Concierge,Balcony",2.4,São Paulo,Brazil,U000928,27,0.55
O039212,H09212,Lastminute.com,Deluxe,334.16,1336.64,327.7,1.04,0.181,Partial,True,True,Late checkout,4,328.14,31.57,"[327.92, 332.76, 339.52, 340.1, 334.31, 332.69, 324.5, 325.92, 326.0, 326.66, 329.69, 330.66, 326.89, 323.51, 320.66, 316.03, 322.65, 322.77, 328.4, 322.14, 331.57, 334.08, 329.26, 326.59]",0.0137,2025-07-19T14:49:50.643028,Harding-Mathews Hotel,São Paulo,"[-23.513659, -46.594557]",5.0,9.7,575,Hotel,2.2,29.9,Renaissance,"Laundry,Air Conditioning,24h Front Desk,Restaurant,Kitchen,Conference Rooms,Parking,Pet Friendly,Breakfast,Bar,Airport Shuttle,Spa,Gym,Room Service,Concierge,Balcony",2.4,São Paulo,Brazil,U000928,27,0.55
O031671,H01671,HRS,Suite,26.64,79.92,26.63,1.47,0.19,Partial,False,True,"Pay at hotel, Airport shuttle",3,26.91,0.39,"[26.64, 26.67, 26.66, 26.55, 26.6, 26.95, 27.21, 27.36, 26.88, 27.6, 27.89, 28.6, 28.04, 27.38, 26.99, 26.64, 26.7, 26.3, 26.31, 26.01, 26.02, 26.51, 26.82, 26.44]",0.0151,2025-07-19T14:49:50.643028,São Paulo Imperial Suites,São Paulo,"[-23.519988, -46.551262]",2.0,7.8,83,Hostel,3.5,29.4,Marriott,"Business Center,Spa,Airport Shuttle,Room Service,Balcony,24h Front Desk",2.7,São Paulo,Brazil,U000928,27,0.45433333333333337
O001671,H01671,Hotels.com,Twin,25.87,51.74,25.03,2.64,0.175,Free,False,False,0.0,2,25.9,0.09,"[25.97, 26.22, 26.34, 26.14, 26.32, 26.36, 26.19, 26.37, 26.24, 25.72, 25.61, 25.64, 25.88, 25.81, 25.58, 25.63, 25.56, 25.79, 26.09, 25.73, 25.71, 25.63, 25.48, 25.59]",0.0065,2025-07-19T14:49:50.643028,São Paulo Imperial Suites,São Paulo,"[-23.519988, -46.551262]",2.0,7.8,83,Hostel,3.5,29.4,Marriott,"Business Center,Spa,Airport Shuttle,Room Service,Balcony,24h Front Desk",2.7,São Paulo,Brazil,U000928,27,0.4529074074074074
O021671,H01671,HotelDirect,Double,23.23,23.23,22.97,0.72,0.197,Non-refundable,True,True,0.0,1,21.29,0.81,"[22.8, 23.16, 22.92, 22.63, 21.65, 20.7, 21.01, 20.49, 20.17, 20.16, 20.59, 20.63, 21.13, 21.04, 21.2, 21.54, 21.79, 21.83, 22.07, 21.34, 20.9, 20.47, 20.87, 19.81]",0.0237,2025-07-19T14:49:50.643028,São Paulo Imperial Suites,São Paulo,"[-23.519988, -46.551262]",2.0,7.8,83,Hostel,3.5,29.4,Marriott,"Business Center,Spa,Airport Shuttle,Room Service,Balcony,24h Front Desk",2.7,São Paulo,Brazil,U000928,27,0.44801851851851854
O049212,H09212,Lastminute.com,Deluxe,361.0,1805.0,367.45,0.69,0.159,Free,True,False,0.0,5,363.67,66.08,"[361.82, 361.44, 365.7, 358.95, 365.07, 367.97, 354.15, 355.22, 349.76, 346.04, 346.98, 363.23, 368.12, 370.15, 365.23, 365.13, 376.0, 370.37, 371.28, 368.3, 373.63, 375.59, 364.91, 362.98]",0.0235,2025-07-19T14:49:50.643028,Harding-Mathews Hotel,São Paulo,"[-23.513659, -46.594557]",5.0,9.7,575,Hotel,2.2,29.9,Renaissance,"Laundry,Air Conditioning,24h Front Desk,Restaurant,Kitchen,Conference Rooms,Parking,Pet Friendly,Breakfast,Bar,Airport Shuttle,Spa,Gym,Room Service,Concierge,Balcony",2.4,São Paulo,Brazil,U000820,23,0.7332923076923076
O009212,H09212,Getaroom,Executive,359.08,1436.32,363.74,1.06,0.121,Non-refundable,False,False,"Mobile exclusive, Room upgrade",4,365.28,7.83,"[356.59, 360.44, 364.3, 365.33, 365.94, 368.96, 368.28, 365.65, 368.11, 366.44, 366.74, 364.11, 363.12, 363.5, 367.26, 366.75, 368.71, 365.92, 365.13, 363.14, 364.58, 362.55, 366.42, 368.74]",0.007,2025-07-19T14:49:50.643028,Harding-Mathews Hotel,São Paulo,"[-23.513659, -46.594557]",5.0,9.7,575,Hotel,2.2,29.9,Renaissance,"Laundry,Air Conditioning,24h Front Desk,Restaurant,Kitchen,Conference Rooms,Parking,Pet Friendly,Breakfast,Bar,Airport Shuttle,Spa,Gym,Room Service,Concierge,Balcony",2.4,São Paulo,Brazil,U000820,23,0.7325833846153845
O039212,H09212,Lastminute.com,Deluxe,334.16,1336.64,327.7,1.04,0.181,Partial,True,True,Late checkout,4,328.14,31.57,"[327.92, 332.76, 339.52, 340.1, 334.31, 332.69, 324.5, 325.92, 326.0, 326.66, 329.69, 330.66, 326.89, 323.51, 320.66, 316.03, 322.65, 322.77, 328.4, 322.14, 331.57, 334.08, 329.26, 326.59]",0.0137,2025-07-19T14:49:50.643028,Harding-Mathews Hotel,São Paulo,"[-23.513659, -46.594557]",5.0,9.7,575,Hotel,2.2,29.9,Renaissance,"Laundry,Air Conditioning,24h Front Desk,Restaurant,Kitchen,Conference Rooms,Parking,Pet Friendly,Breakfast,Bar,Airport Shuttle,Spa,Gym,Room Service,Concierge,Balcony",2.4,São Paulo,Brazil,U000820,23,0.7233821538461539
O039373,H09373,Kayak,Twin,118.08,118.08,116.66,1.44,0.193,Free,False,True,Late checkout,1,120.11,4.93,"[120.94, 120.95, 122.04, 121.51, 121.33, 123.43, 123.07, 123.89, 124.23, 121.52, 120.8, 119.66, 119.07, 118.58, 117.24, 116.8, 118.6, 117.79, 117.66, 121.03, 119.58, 118.05, 117.26, 117.61]",0.0104,2025-07-19T14:49:50.643028,Lee House,São Paulo,"[-23.555244, -46.584159]",3.0,8.6,629,Hotel,0.1,33.6,Marriott,"Spa,Laundry,Beach Access,Pool,Concierge,Restaurant,Bar,Balcony",2.7,São Paulo,Brazil,U000820,23,0.5235987692307692
O019373,H09373,Hotwire,Suite,115.6,462.4,114.0,0.63,0.128,Free,False,False,Late checkout,4,112.44,7.56,"[109.61, 111.45, 111.94, 112.44, 114.78, 112.54, 117.93, 116.43, 116.97, 115.79, 111.86, 115.37, 115.97, 111.65, 108.78, 110.29, 110.94, 110.46, 111.44, 111.52, 111.08, 108.54, 107.63, 113.17]",0.0222,2025-07-19T14:49:50.643028,Lee House,São Paulo,"[-23.555244, -46.584159]",3.0,8.6,629,Hotel,0.1,33.6,Marriott,"Spa,Laundry,Beach Access,Pool,Concierge,Restaurant,Bar,Balcony",2.7,São Paulo,Brazil,U000820,23,0.5226830769230769
O049373,H09373,Venere,Double,113.8,113.8,112.61,0.8,0.098,Free,True,False,0.0,1,115.59,8.79,"[113.74, 115.37, 113.83, 111.69, 110.68, 110.68, 110.37, 111.59, 113.97, 113.52, 113.66, 117.06, 119.02, 118.58, 118.29, 118.8, 118.23, 119.02, 118.5, 117.9, 117.22, 117.15, 117.67, 117.73]",0.0163,2025-07-19T14:49:50.643028,Lee House,São Paulo,"[-23.555244, -46.584159]",3.0,8.6,629,Hotel,0.1,33.6,Marriott,"Spa,Laundry,Beach Access,Pool,Concierge,Restaurant,Bar,Balcony",2.7,São Paulo,Brazil,U000820,23,0.5220184615384615
O011671,H01671,Getaroom,Single,25.42,76.26,26.02,0.73,0.199,Partial,True,False,"Free cancellation, Free parking",3,25.0,0.13,"[25.61, 25.24, 24.94, 24.89, 24.84, 25.05, 25.46, 25.55, 25.11, 25.09, 24.61, 24.79, 24.52, 24.38, 24.2, 24.5, 25.03, 24.84, 25.08, 25.27, 25.19, 25.27, 25.17, 25.26]",0.012,2025-07-19T14:49:50.643028,São Paulo Imperial Suites,São Paulo,"[-23.519988, -46.551262]",2.0,7.8,83,Hostel,3.5,29.4,Marriott,"Business Center,Spa,Airport Shuttle,Room Service,Balcony,24h Front Desk",2.7,São Paulo,Brazil,U000820,23,0.5093858461538462
O008390,H08390,Expedia,Suite,100.98,201.96,101.43,1.3,0.109,Partial,True,True,0.0,2,100.0,8.77,"[101.54, 97.53, 98.63, 97.29, 96.02, 96.59, 99.24, 99.69, 100.43, 98.04, 98.62, 95.7, 95.25, 98.82, 98.48, 104.17, 102.49, 99.72, 100.72, 103.61, 105.12, 104.13, 103.62, 104.53]",0.024,2025-07-19T14:49:50.643028,Gray Inn,São Paulo,"[-23.571205, -46.635414]",3.0,8.2,800,Hotel,0.9,-5.5,Novotel,"Concierge,Pet Friendly,Laundry,Bar,Parking,Beach Access,24h Front Desk",4.8,São Paulo,Brazil,U000820,23,0.49728492307692307
O018390,H08390,Expedia,Double,100.98,302.94,103.62,2.58,0.1,Free,False,True,Room upgrade,3,99.44,10.83,"[100.14, 101.02, 103.09, 102.49, 102.01, 100.71, 98.66, 95.96, 94.2, 94.44, 94.69, 96.49, 96.15, 96.51, 97.93, 99.28, 102.93, 104.75, 104.18, 103.2, 103.59, 99.43, 98.87, 95.77]",0.0232,2025-07-19T14:49:50.643028,Gray Inn,São Paulo,"[-23.571205, -46.635414]",3.0,8.2,800,Hotel,0.9,-5.5,Novotel,"Concierge,Pet Friendly,Laundry,Bar,Parking,Beach Access,24h Front Desk",4.8,São Paulo,Brazil,U000820,23,0.49728492307692307
O028390,H08390,Priceline,Twin,91.08,182.16,92.13,1.2,0.095,Free,False,True,Late checkout,2,87.41,1.48,"[88.27, 87.13, 85.75, 85.59, 85.71, 84.69, 86.84, 87.94, 89.45, 87.26, 86.64, 87.11, 88.28, 88.01, 89.79, 87.92, 87.67, 87.1, 86.29, 87.56, 87.37, 88.22, 88.12, 89.23]",0.0158,2025-07-19T14:49:50.643028,Gray Inn,São Paulo,"[-23.571205, -46.635414]",3.0,8.2,800,Hotel,0.9,-5.5,Novotel,"Concierge,Pet Friendly,Laundry,Bar,Parking,Beach Access,24h Front Desk",4.8,São Paulo,Brazil,U000820,23,0.49362953846153845
O041195,H01195,Lastminute.com,Double,102.42,204.84,99.14,1.21,0.175,Free,False,False,0.0,2,102.12,6.46,"[104.98, 102.4, 101.94, 99.78, 101.84, 100.7, 97.91, 101.57, 99.56, 104.2, 104.85, 105.4, 105.63, 104.84, 104.93, 101.73, 97.95, 101.81, 104.19, 105.02, 102.48, 99.8, 100.15, 97.16]",0.0215,2025-07-19T14:49:50.643028,Golden São Paulo Inn,São Paulo,"[-23.526114, -46.611417]",3.0,8.2,1863,Hotel,6.6,31.8,Radisson,"Breakfast,Concierge,24h Front Desk,Parking,Laundry",3.3,São Paulo,Brazil,U000820,23,0.4778166153846154
O031195,H01195,Travelocity,Executive,100.08,100.08,97.69,0.83,0.089,Free,False,False,Free WiFi,1,103.65,2.73,"[101.21, 101.77, 101.29, 103.54, 103.87, 102.06, 105.31, 105.79, 105.21, 105.02, 104.75, 106.4, 105.15, 103.13, 100.82, 101.91, 103.09, 103.18, 102.42, 102.92, 104.52, 106.58, 104.8, 102.8]",0.015,2025-07-19T14:49:50.643028,Golden São Paulo Inn,São Paulo,"[-23.526114, -46.611417]",3.0,8.2,1863,Hotel,6.6,31.8,Radisson,"Breakfast,Concierge,24h Front Desk,Parking,Laundry",3.3,São Paulo,Brazil,U000820,23,0.4769526153846154
O021195,H01195,Agoda,Twin,94.05,188.1,94.32,1.9,0.179,Free,True,False,Room upgrade,2,94.1,0.45,"[94.99, 94.89, 95.2, 95.06, 95.15, 94.66, 94.08, 93.84, 93.44, 93.74, 93.69, 93.82, 93.88, 93.42, 93.36, 92.91, 93.08, 93.23, 93.9, 94.0, 94.39, 94.53, 94.6, 94.53]",0.0052,2025-07-19T14:49:50.643028,Golden São Paulo Inn,São Paulo,"[-23.526114, -46.611417]",3.0,8.2,1863,Hotel,6.6,31.8,Radisson,"Breakfast,Concierge,24h Front Desk,Parking,Laundry",3.3,São Paulo,Brazil,U000820,23,0.4747261538461538
O031671,H01671,HRS,Suite,26.64,79.92,26.63,1.47,0.19,Partial,False,True,"Pay at hotel, Airport shuttle",3,26.91,0.39,"[26.64, 26.67, 26.66, 26.55, 26.6, 26.95, 27.21, 27.36, 26.88, 27.6, 27.89, 28.6, 28.04, 27.38, 26.99, 26.64, 26.7, 26.3, 26.31, 26.01, 26.02, 26.51, 26.82, 26.44]",0.0151,2025-07-19T14:49:50.643028,São Paulo Imperial Suites,São Paulo,"[-23.519988, -46.551262]",2.0,7.8,83,Hostel,3.5,29.4,Marriott,"Business Center,Spa,Airport Shuttle,Room Service,Balcony,24h Front Desk",2.7,São Paulo,Brazil,U000820,23,0.4098363076923077
O041671,H01671,Lastminute.com,Suite,24.67,74.01,24.48,1.68,0.149,Free,False,False,0.0,3,26.8,0.77,"[25.32, 26.03, 26.03, 25.96, 26.61, 26.97, 27.37, 26.52, 26.34, 26.24, 25.92, 25.46, 25.8, 26.21, 26.88, 27.09, 27.3, 27.45, 27.42, 28.5, 27.52, 28.04, 28.32, 27.79]",0.0231,2025-07-19T14:49:50.643028,São Paulo Imperial Suites,São Paulo,"[-23.519988, -46.551262]",2.0,7.8,83,Hostel,3.5,29.4,Marriott,"Business Center,Spa,Airport Shuttle,Room Service,Balcony,24h Front Desk",2.7,São Paulo,Brazil,U000820,23,0.40910892307692304
O021671,H01671,HotelDirect,Double,23.23,23.23,22.97,0.72,0.197,Non-refundable,True,True,0.0,1,21.29,0.81,"[22.8, 23.16, 22.92, 22.63, 21.65, 20.7, 21.01, 20.49, 20.17, 20.16, 20.59, 20.63, 21.13, 21.04, 21.2, 21.54, 21.79, 21.83, 22.07, 21.34, 20.9, 20.47, 20.87, 19.81]",0.0237,2025-07-19T14:49:50.643028,São Paulo Imperial Suites,São Paulo,"[-23.519988, -46.551262]",2.0,7.8,83,Hostel,3.5,29.4,Marriott,"Business Center,Spa,Airport Shuttle,Room Service,Balcony,24h Front Desk",2.7,São Paulo,Brazil,U000272,30,0.735018018018018
O029212,H09212,Kayak,Double,335.01,335.01,338.59,0.96,0.098,Partial,False,True,0.0,1,338.3,10.92,"[336.38, 336.88, 337.51, 335.3, 336.96, 337.74, 340.12, 339.37, 336.5, 335.02, 331.67, 331.85, 333.14, 338.06, 338.61, 339.94, 339.9, 343.22, 343.35, 343.6, 341.12, 341.69, 340.03, 341.15]",0.0065,2025-07-19T14:49:50.643028,Harding-Mathews Hotel,São Paulo,"[-23.513659, -46.594557]",5.0,9.7,575,Hotel,2.2,29.9,Renaissance,"Laundry,Air Conditioning,24h Front Desk,Restaurant,Kitchen,Conference Rooms,Parking,Pet Friendly,Breakfast,Bar,Airport Shuttle,Spa,Gym,Room Service,Concierge,Balcony",2.4,São Paulo,Brazil,U000272,30,0.6666666666666666
O001671,H01671,Hotels.com,Twin,25.87,51.74,25.03,2.64,0.175,Free,False,False,0.0,2,25.9,0.09,"[25.97, 26.22, 26.34, 26.14, 26.32, 26.36, 26.19, 26.37, 26.24, 25.72, 25.61, 25.64, 25.88, 25.81, 25.58, 25.63, 25.56, 25.79, 26.09, 25.73, 25.71, 25.63, 25.48, 25.59]",0.0065,2025-07-19T14:49:50.643028,São Paulo Imperial Suites,São Paulo,"[-23.519988, -46.551262]",2.0,7.8,83,Hostel,3.5,29.4,Marriott,"Business Center,Spa,Airport Shuttle,Room Service,Balcony,24h Front Desk",2.7,São Paulo,Brazil,U000272,30,0.6564234234234234
O011671,H01671,Getaroom,Single,25.42,76.26,26.02,0.73,0.199,Partial,True,False,"Free cancellation, Free parking",3,25.0,0.13,"[25.61, 25.24, 24.94, 24.89, 24.84, 25.05, 25.46, 25.55, 25.11, 25.09, 24.61, 24.79, 24.52, 24.38, 24.2, 24.5, 25.03, 24.84, 25.08, 25.27, 25.19, 25.27, 25.17, 25.26]",0.012,2025-07-19T14:49:50.643028,São Paulo Imperial Suites,São Paulo,"[-23.519988, -46.551262]",2.0,7.8,83,Hostel,3.5,29.4,Marriott,"Business Center,Spa,Airport Shuttle,Room Service,Balcony,24h Front Desk",2.7,São Paulo,Brazil,U000272,30,0.6527747747747747
O039212,H09212,Lastminute.com,Deluxe,334.16,1336.64,327.7,1.04,0.181,Partial,True,True,Late checkout,4,328.14,31.57,"[327.92, 332.76, 339.52, 340.1, 334.31, 332.69, 324.5, 325.92, 326.0, 326.66, 329.69, 330.66, 326.89, 323.51, 320.66, 316.03, 322.65, 322.77, 328.4, 322.14, 331.57, 334.08, 329.26, 326.59]",0.0137,2025-07-19T14:49:50.643028,Harding-Mathews Hotel,São Paulo,"[-23.513659, -46.594557]",5.0,9.7,575,Hotel,2.2,29.9,Renaissance,"Laundry,Air Conditioning,24h Front Desk,Restaurant,Kitchen,Conference Rooms,Parking,Pet Friendly,Breakfast,Bar,Airport Shuttle,Spa,Gym,Room Service,Concierge,Balcony",2.4,São Paulo,Brazil,U000272,30,0.5666666666666667
O049212,H09212,Lastminute.com,Deluxe,361.0,1805.0,367.45,0.69,0.159,Free,True,False,0.0,5,363.67,66.08,"[361.82, 361.44, 365.7, 358.95, 365.07, 367.97, 354.15, 355.22, 349.76, 346.04, 346.98, 363.23, 368.12, 370.15, 365.23, 365.13, 376.0, 370.37, 371.28, 368.3, 373.63, 375.59, 364.91, 362.98]",0.0235,2025-07-19T14:49:50.643028,Harding-Mathews Hotel,São Paulo,"[-23.513659, -46.594557]",5.0,9.7,575,Hotel,2.2,29.9,Renaissance,"Laundry,Air Conditioning,24h Front Desk,Restaurant,Kitchen,Conference Rooms,Parking,Pet Friendly,Breakfast,Bar,Airport Shuttle,Spa,Gym,Room Service,Concierge,Balcony",2.4,São Paulo,Brazil,U000272,30,0.5666666666666667
O018390,H08390,Expedia,Double,100.98,302.94,103.62,2.58,0.1,Free,False,True,Room upgrade,3,99.44,10.83,"[100.14, 101.02, 103.09, 102.49, 102.01, 100.71, 98.66, 95.96, 94.2, 94.44, 94.69, 96.49, 96.15, 96.51, 97.93, 99.28, 102.93, 104.75, 104.18, 103.2, 103.59, 99.43, 98.87, 95.77]",0.0232,2025-07-19T14:49:50.643028,Gray Inn,São Paulo,"[-23.571205, -46.635414]",3.0,8.2,800,Hotel,0.9,-5.5,Novotel,"Concierge,Pet Friendly,Laundry,Bar,Parking,Beach Access,24h Front Desk",4.8,São Paulo,Brazil,U000272,30,0.5533333333333333
O049373,H09373,Venere,Double,113.8,113.8,112.61,0.8,0.098,Free,True,False,0.0,1,115.59,8.79,"[113.74, 115.37, 113.83, 111.69, 110.68, 110.68, 110.37, 111.59, 113.97, 113.52, 113.66, 117.06, 119.02, 118.58, 118.29, 118.8, 118.23, 119.02, 118.5, 117.9, 117.22, 117.15, 117.67, 117.73]",0.0163,2025-07-19T14:49:50.643028,Lee House,São Paulo,"[-23.555244, -46.584159]",3.0,8.6,629,Hotel,0.1,33.6,Marriott,"Spa,Laundry,Beach Access,Pool,Concierge,Restaurant,Bar,Balcony",2.7,São Paulo,Brazil,U000272,30,0.52
O009373,H09373,Orbitz,Double,99.82,99.82,103.16,2.04,0.159,Free,False,False,"Free WiFi, Room upgrade",1,102.8,1.18,"[100.24, 101.39, 101.34, 101.34, 101.92, 103.64, 102.71, 101.2, 102.22, 102.96, 102.87, 103.61, 103.47, 103.45, 103.9, 104.68, 104.28, 103.8, 103.44, 103.19, 103.48, 102.96, 102.11, 102.87]",0.007,2025-07-19T14:49:50.643028,Lee House,São Paulo,"[-23.555244, -46.584159]",3.0,8.6,629,Hotel,0.1,33.6,Marriott,"Spa,Laundry,Beach Access,Pool,Concierge,Restaurant,Bar,Balcony",2.7,São Paulo,Brazil,U000272,30,0.52
O028390,H08390,Priceline,Twin,91.08,182.16,92.13,1.2,0.095,Free,False,True,Late checkout,2,87.41,1.48,"[88.27, 87.13, 85.75, 85.59, 85.71, 84.69, 86.84, 87.94, 89.45, 87.26, 86.64, 87.11, 88.28, 88.01, 89.79, 87.92, 87.67, 87.1, 86.29, 87.56, 87.37, 88.22, 88.12, 89.23]",0.0158,2025-07-19T14:49:50.643028,Gray Inn,São Paulo,"[-23.571205, -46.635414]",3.0,8.2,800,Hotel,0.9,-5.5,Novotel,"Concierge,Pet Friendly,Laundry,Bar,Parking,Beach Access,24h Front Desk",4.8,São Paulo,Brazil,U000272,30,0.4533333333333333
O048390,H08390,HRS,Twin,101.79,305.37,106.41,1.85,0.134,Free,True,True,Spa discount,3,97.77,2.73,"[100.13, 100.22, 97.8, 97.58, 97.83, 96.84, 95.93, 95.12, 95.18, 94.93, 95.77, 96.62, 95.68, 98.69, 98.75, 99.06, 98.13, 98.52, 100.01, 99.94, 99.71, 98.51, 97.97, 97.59]",0.0109,2025-07-19T14:49:50.643028,Gray Inn,São Paulo,"[-23.571205, -46.635414]",3.0,8.2,800,Hotel,0.9,-5.5,Novotel,"Concierge,Pet Friendly,Laundry,Bar,Parking,Beach Access,24h Front Desk",4.8,São Paulo,Brazil,U000272,30,0.4533333333333333
O021195,H01195,Agoda,Twin,94.05,188.1,94.32,1.9,0.179,Free,True,False,Room upgrade,2,94.1,0.45,"[94.99, 94.89, 95.2, 95.06, 95.15, 94.66, 94.08, 93.84, 93.44, 93.74, 93.69, 93.82, 93.88, 93.42, 93.36, 92.91, 93.08, 93.23, 93.9, 94.0, 94.39, 94.53, 94.6, 94.53]",0.0052,2025-07-19T14:49:50.643028,Golden São Paulo Inn,São Paulo,"[-23.526114, -46.611417]",3.0,8.2,1863,Hotel,6.6,31.8,Radisson,"Breakfast,Concierge,24h Front Desk,Parking,Laundry",3.3,São Paulo,Brazil,U000272,30,0.4533333333333333
O011195,H01195,HRS,Single,102.96,514.8,103.41,2.47,0.102,Partial,True,True,Mobile exclusive,5,101.52,0.63,"[103.3, 102.95, 102.14, 101.89, 102.49, 101.06, 100.48, 100.85, 101.47, 101.95, 101.64, 101.67, 100.77, 101.45, 101.62, 101.89, 101.53, 100.95, 100.52, 99.88, 101.63, 101.6, 102.22, 100.46]",0.0106,2025-07-19T14:49:50.643028,Golden São Paulo Inn,São Paulo,"[-23.526114, -46.611417]",3.0,8.2,1863,Hotel,6.6,31.8,Radisson,"Breakfast,Concierge,24h Front Desk,Parking,Laundry",3.3,São Paulo,Brazil,U000272,30,0.4533333333333333
O031195,H01195,Travelocity,Executive,100.08,100.08,97.69,0.83,0.089,Free,False,False,Free WiFi,1,103.65,2.73,"[101.21, 101.77, 101.29, 103.54, 103.87, 102.06, 105.31, 105.79, 105.21, 105.02, 104.75, 106.4, 105.15, 103.13, 100.82, 101.91, 103.09, 103.18, 102.42, 102.92, 104.52, 106.58, 104.8, 102.8]",0.015,2025-07-19T14:49:50.643028,Golden São Paulo Inn,São Paulo,"[-23.526114, -46.611417]",3.0,8.2,1863,Hotel,6.6,31.8,Radisson,"Breakfast,Concierge,24h Front Desk,Parking,Laundry",3.3,São Paulo,Brazil,U000272,30,0.4533333333333333
O019373,H09373,Hotwire,Suite,115.6,462.4,114.0,0.63,0.128,Free,False,False,Late checkout,4,112.44,7.56,"[109.61, 111.45, 111.94, 112.44, 114.78, 112.54, 117.93, 116.43, 116.97, 115.79, 111.86, 115.37, 115.97, 111.65, 108.78, 110.29, 110.94, 110.46, 111.44, 111.52, 111.08, 108.54, 107.63, 113.17]",0.0222,2025-07-19T14:49:50.643028,Lee House,São Paulo,"[-23.555244, -46.584159]",3.0,8.6,629,Hotel,0.1,33.6,Marriott,"Spa,Laundry,Beach Access,Pool,Concierge,Restaurant,Bar,Balcony",2.7,São Paulo,Brazil,U000272,30,0.42
